--
-- PostgreSQL database dump
--

-- Dumped from database version 9.6.1
-- Dumped by pg_dump version 9.6.1

SET statement_timeout = 0;
SET lock_timeout = 0;
SET client_encoding = 'UTF8';
SET standard_conforming_strings = on;
SET check_function_bodies = false;
SET client_min_messages = warning;

SET search_path = public, pg_catalog;

ALTER TABLE IF EXISTS ONLY public.history_trades DROP CONSTRAINT IF EXISTS history_trades_counter_asset_id_fkey;
ALTER TABLE IF EXISTS ONLY public.history_trades DROP CONSTRAINT IF EXISTS history_trades_counter_account_id_fkey;
ALTER TABLE IF EXISTS ONLY public.history_trades DROP CONSTRAINT IF EXISTS history_trades_base_asset_id_fkey;
ALTER TABLE IF EXISTS ONLY public.history_trades DROP CONSTRAINT IF EXISTS history_trades_base_account_id_fkey;
ALTER TABLE IF EXISTS ONLY public.asset_stats DROP CONSTRAINT IF EXISTS asset_stats_id_fkey;
DROP INDEX IF EXISTS public.trade_effects_by_order_book;
DROP INDEX IF EXISTS public.index_history_transactions_on_id;
DROP INDEX IF EXISTS public.index_history_operations_on_type;
DROP INDEX IF EXISTS public.index_history_operations_on_transaction_id;
DROP INDEX IF EXISTS public.index_history_operations_on_id;
DROP INDEX IF EXISTS public.index_history_ledgers_on_sequence;
DROP INDEX IF EXISTS public.index_history_ledgers_on_previous_ledger_hash;
DROP INDEX IF EXISTS public.index_history_ledgers_on_ledger_hash;
DROP INDEX IF EXISTS public.index_history_ledgers_on_importer_version;
DROP INDEX IF EXISTS public.index_history_ledgers_on_id;
DROP INDEX IF EXISTS public.index_history_ledgers_on_closed_at;
DROP INDEX IF EXISTS public.index_history_effects_on_type;
DROP INDEX IF EXISTS public.index_history_accounts_on_id;
DROP INDEX IF EXISTS public.index_history_accounts_on_address;
DROP INDEX IF EXISTS public.htrd_time_lookup;
DROP INDEX IF EXISTS public.htrd_pid;
DROP INDEX IF EXISTS public.htrd_pair_time_lookup;
DROP INDEX IF EXISTS public.htrd_counter_lookup;
DROP INDEX IF EXISTS public.htrd_by_offer;
DROP INDEX IF EXISTS public.htrd_by_counter_offer;
DROP INDEX IF EXISTS public.htrd_by_counter_account;
DROP INDEX IF EXISTS public.htrd_by_base_offer;
DROP INDEX IF EXISTS public.htrd_by_base_account;
DROP INDEX IF EXISTS public.htp_by_htid;
DROP INDEX IF EXISTS public.hs_transaction_by_id;
DROP INDEX IF EXISTS public.hs_ledger_by_id;
DROP INDEX IF EXISTS public.hop_by_hoid;
DROP INDEX IF EXISTS public.hist_tx_p_id;
DROP INDEX IF EXISTS public.hist_op_p_id;
DROP INDEX IF EXISTS public.hist_e_id;
DROP INDEX IF EXISTS public.hist_e_by_order;
DROP INDEX IF EXISTS public.by_ledger;
DROP INDEX IF EXISTS public.by_hash;
DROP INDEX IF EXISTS public.by_account;
DROP INDEX IF EXISTS public.asset_by_issuer;
DROP INDEX IF EXISTS public.asset_by_code;
ALTER TABLE IF EXISTS ONLY public.history_transaction_participants DROP CONSTRAINT IF EXISTS history_transaction_participants_pkey;
ALTER TABLE IF EXISTS ONLY public.history_operation_participants DROP CONSTRAINT IF EXISTS history_operation_participants_pkey;
ALTER TABLE IF EXISTS ONLY public.history_assets DROP CONSTRAINT IF EXISTS history_assets_pkey;
ALTER TABLE IF EXISTS ONLY public.history_assets DROP CONSTRAINT IF EXISTS history_assets_asset_code_asset_type_asset_issuer_key;
ALTER TABLE IF EXISTS ONLY public.gorp_migrations DROP CONSTRAINT IF EXISTS gorp_migrations_pkey;
ALTER TABLE IF EXISTS ONLY public.asset_stats DROP CONSTRAINT IF EXISTS asset_stats_pkey;
ALTER TABLE IF EXISTS public.history_transaction_participants ALTER COLUMN id DROP DEFAULT;
ALTER TABLE IF EXISTS public.history_operation_participants ALTER COLUMN id DROP DEFAULT;
ALTER TABLE IF EXISTS public.history_assets ALTER COLUMN id DROP DEFAULT;
DROP TABLE IF EXISTS public.history_transactions;
DROP SEQUENCE IF EXISTS public.history_transaction_participants_id_seq;
DROP TABLE IF EXISTS public.history_transaction_participants;
DROP TABLE IF EXISTS public.history_trades;
DROP TABLE IF EXISTS public.history_operations;
DROP SEQUENCE IF EXISTS public.history_operation_participants_id_seq;
DROP TABLE IF EXISTS public.history_operation_participants;
DROP TABLE IF EXISTS public.history_ledgers;
DROP TABLE IF EXISTS public.history_effects;
DROP SEQUENCE IF EXISTS public.history_assets_id_seq;
DROP TABLE IF EXISTS public.history_assets;
DROP TABLE IF EXISTS public.history_accounts;
DROP SEQUENCE IF EXISTS public.history_accounts_id_seq;
DROP TABLE IF EXISTS public.gorp_migrations;
DROP TABLE IF EXISTS public.asset_stats;
DROP AGGREGATE IF EXISTS public.min_price(numeric[]);
DROP AGGREGATE IF EXISTS public.max_price(numeric[]);
DROP AGGREGATE IF EXISTS public.last(anyelement);
DROP AGGREGATE IF EXISTS public.first(anyelement);
DROP FUNCTION IF EXISTS public.min_price_agg(numeric[], numeric[]);
DROP FUNCTION IF EXISTS public.max_price_agg(numeric[], numeric[]);
DROP FUNCTION IF EXISTS public.last_agg(anyelement, anyelement);
DROP FUNCTION IF EXISTS public.first_agg(anyelement, anyelement);
DROP EXTENSION IF EXISTS plpgsql;
DROP SCHEMA IF EXISTS public;
--
-- Name: public; Type: SCHEMA; Schema: -; Owner: -
--

CREATE SCHEMA public;


--
-- Name: SCHEMA public; Type: COMMENT; Schema: -; Owner: -
--

COMMENT ON SCHEMA public IS 'standard public schema';


--
-- Name: plpgsql; Type: EXTENSION; Schema: -; Owner: -
--

CREATE EXTENSION IF NOT EXISTS plpgsql WITH SCHEMA pg_catalog;


--
-- Name: EXTENSION plpgsql; Type: COMMENT; Schema: -; Owner: -
--

COMMENT ON EXTENSION plpgsql IS 'PL/pgSQL procedural language';


SET search_path = public, pg_catalog;

--
-- Name: first_agg(anyelement, anyelement); Type: FUNCTION; Schema: public; Owner: -
--

CREATE FUNCTION first_agg(anyelement, anyelement) RETURNS anyelement
    LANGUAGE sql IMMUTABLE STRICT
    AS $_$ SELECT $1 $_$;


--
-- Name: last_agg(anyelement, anyelement); Type: FUNCTION; Schema: public; Owner: -
--

CREATE FUNCTION last_agg(anyelement, anyelement) RETURNS anyelement
    LANGUAGE sql IMMUTABLE STRICT
    AS $_$ SELECT $2 $_$;


--
-- Name: max_price_agg(numeric[], numeric[]); Type: FUNCTION; Schema: public; Owner: -
--

CREATE FUNCTION max_price_agg(numeric[], numeric[]) RETURNS numeric[]
    LANGUAGE sql IMMUTABLE STRICT
    AS $_$ SELECT (
  CASE WHEN $1[1]/$1[2]>$2[1]/$2[2] THEN $1 ELSE $2 END) $_$;


--
-- Name: min_price_agg(numeric[], numeric[]); Type: FUNCTION; Schema: public; Owner: -
--

CREATE FUNCTION min_price_agg(numeric[], numeric[]) RETURNS numeric[]
    LANGUAGE sql IMMUTABLE STRICT
    AS $_$ SELECT (
  CASE WHEN $1[1]/$1[2]<$2[1]/$2[2] THEN $1 ELSE $2 END) $_$;


--
-- Name: first(anyelement); Type: AGGREGATE; Schema: public; Owner: -
--

CREATE AGGREGATE first(anyelement) (
    SFUNC = first_agg,
    STYPE = anyelement
);


--
-- Name: last(anyelement); Type: AGGREGATE; Schema: public; Owner: -
--

CREATE AGGREGATE last(anyelement) (
    SFUNC = last_agg,
    STYPE = anyelement
);


--
-- Name: max_price(numeric[]); Type: AGGREGATE; Schema: public; Owner: -
--

CREATE AGGREGATE max_price(numeric[]) (
    SFUNC = max_price_agg,
    STYPE = numeric[]
);


--
-- Name: min_price(numeric[]); Type: AGGREGATE; Schema: public; Owner: -
--

CREATE AGGREGATE min_price(numeric[]) (
    SFUNC = min_price_agg,
    STYPE = numeric[]
);


SET default_tablespace = '';

SET default_with_oids = false;

--
-- Name: asset_stats; Type: TABLE; Schema: public; Owner: -
--

CREATE TABLE asset_stats (
    id bigint NOT NULL,
    amount character varying NOT NULL,
    num_accounts integer NOT NULL,
    flags smallint NOT NULL,
    toml character varying(255) NOT NULL
);


--
-- Name: gorp_migrations; Type: TABLE; Schema: public; Owner: -
--

CREATE TABLE gorp_migrations (
    id text NOT NULL,
    applied_at timestamp with time zone
);


--
-- Name: history_accounts_id_seq; Type: SEQUENCE; Schema: public; Owner: -
--

CREATE SEQUENCE history_accounts_id_seq
    START WITH 1
    INCREMENT BY 1
    NO MINVALUE
    NO MAXVALUE
    CACHE 1;


--
-- Name: history_accounts; Type: TABLE; Schema: public; Owner: -
--

CREATE TABLE history_accounts (
    id bigint DEFAULT nextval('history_accounts_id_seq'::regclass) NOT NULL,
    address character varying(64)
);


--
-- Name: history_assets; Type: TABLE; Schema: public; Owner: -
--

CREATE TABLE history_assets (
    id integer NOT NULL,
    asset_type character varying(64) NOT NULL,
    asset_code character varying(12) NOT NULL,
    asset_issuer character varying(56) NOT NULL
);


--
-- Name: history_assets_id_seq; Type: SEQUENCE; Schema: public; Owner: -
--

CREATE SEQUENCE history_assets_id_seq
    START WITH 1
    INCREMENT BY 1
    NO MINVALUE
    NO MAXVALUE
    CACHE 1;


--
-- Name: history_assets_id_seq; Type: SEQUENCE OWNED BY; Schema: public; Owner: -
--

ALTER SEQUENCE history_assets_id_seq OWNED BY history_assets.id;


--
-- Name: history_effects; Type: TABLE; Schema: public; Owner: -
--

CREATE TABLE history_effects (
    history_account_id bigint NOT NULL,
    history_operation_id bigint NOT NULL,
    "order" integer NOT NULL,
    type integer NOT NULL,
    details jsonb
);


--
-- Name: history_ledgers; Type: TABLE; Schema: public; Owner: -
--

CREATE TABLE history_ledgers (
    sequence integer NOT NULL,
    ledger_hash character varying(64) NOT NULL,
    previous_ledger_hash character varying(64),
    transaction_count integer DEFAULT 0 NOT NULL,
    operation_count integer DEFAULT 0 NOT NULL,
    closed_at timestamp without time zone NOT NULL,
    created_at timestamp without time zone,
    updated_at timestamp without time zone,
    id bigint,
    importer_version integer DEFAULT 1 NOT NULL,
    total_coins bigint NOT NULL,
    fee_pool bigint NOT NULL,
    base_fee integer NOT NULL,
    base_reserve integer NOT NULL,
    max_tx_set_size integer NOT NULL,
    protocol_version integer DEFAULT 0 NOT NULL,
    ledger_header text,
    successful_transaction_count integer,
    failed_transaction_count integer
);


--
-- Name: history_operation_participants; Type: TABLE; Schema: public; Owner: -
--

CREATE TABLE history_operation_participants (
    id integer NOT NULL,
    history_operation_id bigint NOT NULL,
    history_account_id bigint NOT NULL
);


--
-- Name: history_operation_participants_id_seq; Type: SEQUENCE; Schema: public; Owner: -
--

CREATE SEQUENCE history_operation_participants_id_seq
    START WITH 1
    INCREMENT BY 1
    NO MINVALUE
    NO MAXVALUE
    CACHE 1;


--
-- Name: history_operation_participants_id_seq; Type: SEQUENCE OWNED BY; Schema: public; Owner: -
--

ALTER SEQUENCE history_operation_participants_id_seq OWNED BY history_operation_participants.id;


--
-- Name: history_operations; Type: TABLE; Schema: public; Owner: -
--

CREATE TABLE history_operations (
    id bigint NOT NULL,
    transaction_id bigint NOT NULL,
    application_order integer NOT NULL,
    type integer NOT NULL,
    details jsonb,
    source_account character varying(64) DEFAULT ''::character varying NOT NULL
);


--
-- Name: history_trades; Type: TABLE; Schema: public; Owner: -
--

CREATE TABLE history_trades (
    history_operation_id bigint NOT NULL,
    "order" integer NOT NULL,
    ledger_closed_at timestamp without time zone NOT NULL,
    offer_id bigint NOT NULL,
    base_account_id bigint NOT NULL,
    base_asset_id bigint NOT NULL,
    base_amount bigint NOT NULL,
    counter_account_id bigint NOT NULL,
    counter_asset_id bigint NOT NULL,
    counter_amount bigint NOT NULL,
    base_is_seller boolean,
    price_n bigint,
    price_d bigint,
    base_offer_id bigint,
    counter_offer_id bigint,
    CONSTRAINT history_trades_base_amount_check CHECK ((base_amount > 0)),
    CONSTRAINT history_trades_check CHECK ((base_asset_id < counter_asset_id)),
    CONSTRAINT history_trades_counter_amount_check CHECK ((counter_amount > 0))
);


--
-- Name: history_transaction_participants; Type: TABLE; Schema: public; Owner: -
--

CREATE TABLE history_transaction_participants (
    id integer NOT NULL,
    history_transaction_id bigint NOT NULL,
    history_account_id bigint NOT NULL
);


--
-- Name: history_transaction_participants_id_seq; Type: SEQUENCE; Schema: public; Owner: -
--

CREATE SEQUENCE history_transaction_participants_id_seq
    START WITH 1
    INCREMENT BY 1
    NO MINVALUE
    NO MAXVALUE
    CACHE 1;


--
-- Name: history_transaction_participants_id_seq; Type: SEQUENCE OWNED BY; Schema: public; Owner: -
--

ALTER SEQUENCE history_transaction_participants_id_seq OWNED BY history_transaction_participants.id;


--
-- Name: history_transactions; Type: TABLE; Schema: public; Owner: -
--

CREATE TABLE history_transactions (
    transaction_hash character varying(64) NOT NULL,
    ledger_sequence integer NOT NULL,
    application_order integer NOT NULL,
    account character varying(64) NOT NULL,
    account_sequence bigint NOT NULL,
    max_fee integer NOT NULL,
    operation_count integer NOT NULL,
    created_at timestamp without time zone,
    updated_at timestamp without time zone,
    id bigint,
    tx_envelope text NOT NULL,
    tx_result text NOT NULL,
    tx_meta text NOT NULL,
    tx_fee_meta text NOT NULL,
    signatures character varying(96)[] DEFAULT '{}'::character varying[] NOT NULL,
    memo_type character varying DEFAULT 'none'::character varying NOT NULL,
    memo character varying,
    time_bounds int8range,
    successful boolean,
    fee_charged integer
);


--
-- Name: history_assets id; Type: DEFAULT; Schema: public; Owner: -
--

ALTER TABLE ONLY history_assets ALTER COLUMN id SET DEFAULT nextval('history_assets_id_seq'::regclass);


--
-- Name: history_operation_participants id; Type: DEFAULT; Schema: public; Owner: -
--

ALTER TABLE ONLY history_operation_participants ALTER COLUMN id SET DEFAULT nextval('history_operation_participants_id_seq'::regclass);


--
-- Name: history_transaction_participants id; Type: DEFAULT; Schema: public; Owner: -
--

ALTER TABLE ONLY history_transaction_participants ALTER COLUMN id SET DEFAULT nextval('history_transaction_participants_id_seq'::regclass);


--
-- Data for Name: asset_stats; Type: TABLE DATA; Schema: public; Owner: -
--



--
-- Data for Name: gorp_migrations; Type: TABLE DATA; Schema: public; Owner: -
--

INSERT INTO gorp_migrations VALUES ('1_initial_schema.sql', '2019-06-03 18:28:47.032496+02');
INSERT INTO gorp_migrations VALUES ('2_index_participants_by_toid.sql', '2019-06-03 18:28:47.039657+02');
INSERT INTO gorp_migrations VALUES ('3_use_sequence_in_history_accounts.sql', '2019-06-03 18:28:47.044048+02');
INSERT INTO gorp_migrations VALUES ('4_add_protocol_version.sql', '2019-06-03 18:28:47.054532+02');
INSERT INTO gorp_migrations VALUES ('5_create_trades_table.sql', '2019-06-03 18:28:47.063028+02');
INSERT INTO gorp_migrations VALUES ('6_create_assets_table.sql', '2019-06-03 18:28:47.068415+02');
INSERT INTO gorp_migrations VALUES ('7_modify_trades_table.sql', '2019-06-03 18:28:47.081625+02');
INSERT INTO gorp_migrations VALUES ('8_create_asset_stats_table.sql', '2019-06-03 18:28:47.087463+02');
INSERT INTO gorp_migrations VALUES ('8_add_aggregators.sql', '2019-06-03 18:28:47.090109+02');
INSERT INTO gorp_migrations VALUES ('9_add_header_xdr.sql', '2019-06-03 18:28:47.092718+02');
INSERT INTO gorp_migrations VALUES ('10_add_trades_price.sql', '2019-06-03 18:28:47.095973+02');
INSERT INTO gorp_migrations VALUES ('11_add_trades_account_index.sql', '2019-06-03 18:28:47.099698+02');
INSERT INTO gorp_migrations VALUES ('12_asset_stats_amount_string.sql', '2019-06-03 18:28:47.107549+02');
INSERT INTO gorp_migrations VALUES ('13_trade_offer_ids.sql', '2019-06-03 18:28:47.112768+02');
INSERT INTO gorp_migrations VALUES ('14_fix_asset_toml_field.sql', '2019-06-03 18:28:47.115116+02');
INSERT INTO gorp_migrations VALUES ('15_ledger_failed_txs.sql', '2019-06-03 18:28:47.116796+02');
INSERT INTO gorp_migrations VALUES ('16_ingest_failed_transactions.sql', '2019-06-03 18:28:47.117989+02');
INSERT INTO gorp_migrations VALUES ('17_transaction_fee_paid.sql', '2019-06-03 18:28:47.120034+02');


--
-- Data for Name: history_accounts; Type: TABLE DATA; Schema: public; Owner: -
--

INSERT INTO history_accounts VALUES (1, 'GD6NTRJW5Z6NCWH4USWMNEYF77RUR2MTO6NP4KEDVJATTCUXDRO3YIFS');
INSERT INTO history_accounts VALUES (2, 'GBRPYHIL2CI3FNQ4BXLFMNDLFJUNPU2HY3ZMFSHONUCEOASW7QC7OX2H');


--
-- Name: history_accounts_id_seq; Type: SEQUENCE SET; Schema: public; Owner: -
--

SELECT pg_catalog.setval('history_accounts_id_seq', 2, true);


--
-- Data for Name: history_assets; Type: TABLE DATA; Schema: public; Owner: -
--



--
-- Name: history_assets_id_seq; Type: SEQUENCE SET; Schema: public; Owner: -
--

SELECT pg_catalog.setval('history_assets_id_seq', 1, false);


--
-- Data for Name: history_effects; Type: TABLE DATA; Schema: public; Owner: -
--

INSERT INTO history_effects VALUES (1, 21474840577, 1, 40, '{"name": "done", "value": "dHJ1ZQ=="}');
INSERT INTO history_effects VALUES (1, 17179873281, 1, 12, '{"weight": 1, "public_key": "GD6NTRJW5Z6NCWH4USWMNEYF77RUR2MTO6NP4KEDVJATTCUXDRO3YIFS"}');
INSERT INTO history_effects VALUES (1, 17179873281, 2, 10, '{"weight": 1, "public_key": "XC6GFVFYBWPDNWRJYFWF2TM7CFZR6NQFFRZEAGTWYI6A7NNJW5CCGCON"}');
INSERT INTO history_effects VALUES (1, 12884905985, 1, 0, '{"starting_balance": "1000.0000000"}');
INSERT INTO history_effects VALUES (2, 12884905985, 2, 3, '{"amount": "1000.0000000", "asset_type": "native"}');
INSERT INTO history_effects VALUES (1, 12884905985, 3, 10, '{"weight": 1, "public_key": "GD6NTRJW5Z6NCWH4USWMNEYF77RUR2MTO6NP4KEDVJATTCUXDRO3YIFS"}');


--
-- Data for Name: history_ledgers; Type: TABLE DATA; Schema: public; Owner: -
--

INSERT INTO history_ledgers VALUES (5, '90e59c32688ab5d10efdea02d65dfd3db1ba80f0ddf2461265e1da512155dd16', '692c12ea9b911175075910cc1b9d5f6f326fe723acaa8f739e370eec369d8d46', 1, 1, '2019-06-03 16:34:13', '2019-06-03 16:34:13.450066', '2019-06-03 16:34:13.450066', 21474836480, 16, 1000000000000000000, 300, 100, 100000000, 1000000, 11, 'AAAAC2ksEuqbkRF1B1kQzBudX28yb+cjrKqPc543Duw2nY1Gt/oVFkRuE8I+RLpLO1D1xqCntezzg+kvP8aaL6cYcaQAAAAAXPVMBQAAAAAAAAAAnzt6UJX5by6BwcesLvsJTMJPn/Y/s/aBHlEOtmT5mwdWLVNE+2fzQWJJSiHHURpmkqSwWXlBYKGF47nRZiWFwgAAAAUN4Lazp2QAAAAAAAAAAAEsAAAAAAAAAAAAAAAAAAAAZAX14QAAD0JAAAAAAAAAAAAAAAAAAAAAAAAAAAAAAAAAAAAAAAAAAAAAAAAAAAAAAAAAAAAAAAAAAAAAAAAAAAAAAAAAAAAAAAAAAAAAAAAAAAAAAAAAAAAAAAAAAAAAAAAAAAAAAAAAAAAAAAAAAAAAAAAAAAAAAAAAAAAAAAAAAAAAAAAAAAAAAAAA', 1, 0);
INSERT INTO history_ledgers VALUES (4, '692c12ea9b911175075910cc1b9d5f6f326fe723acaa8f739e370eec369d8d46', '11b30d3f607073a6d8047839090736b0cf93ae96e14004798176174970bb8b2f', 1, 1, '2019-06-03 16:34:12', '2019-06-03 16:34:13.467526', '2019-06-03 16:34:13.467527', 17179869184, 16, 1000000000000000000, 200, 100, 100000000, 1000000, 11, 'AAAACxGzDT9gcHOm2AR4OQkHNrDPk66W4UAEeYF2F0lwu4svoRSWfkzXxzLrvmQlTbRa24SQC+hnjId7Fz2OMlxERhAAAAAAXPVMBAAAAAAAAAAApOCJokUPy1wA/XbpkumCKr9Nv3B8+fRGt4d1ygPrKBwotjrVzSm4ugI3/NHUvATlhokrTEFE0WAxBSCRYocsoAAAAAQN4Lazp2QAAAAAAAAAAADIAAAAAAAAAAAAAAAAAAAAZAX14QAAD0JAAAAAAAAAAAAAAAAAAAAAAAAAAAAAAAAAAAAAAAAAAAAAAAAAAAAAAAAAAAAAAAAAAAAAAAAAAAAAAAAAAAAAAAAAAAAAAAAAAAAAAAAAAAAAAAAAAAAAAAAAAAAAAAAAAAAAAAAAAAAAAAAAAAAAAAAAAAAAAAAAAAAAAAAAAAAAAAAA', 1, 0);
INSERT INTO history_ledgers VALUES (3, '11b30d3f607073a6d8047839090736b0cf93ae96e14004798176174970bb8b2f', '35f3b67394a33eaa987f4e33b08aed4ae7e42ab2de1ce5cbc8d7fb4cdedc4b47', 1, 1, '2019-06-03 16:34:11', '2019-06-03 16:34:13.478681', '2019-06-03 16:34:13.478681', 12884901888, 16, 1000000000000000000, 100, 100, 100000000, 1000000, 11, 'AAAACzXztnOUoz6qmH9OM7CK7Urn5Cqy3hzly8jX+0ze3EtHbkjkAt1T5xqAMvZbyaibTYR4siB6UZQ6i9uDgpciZcwAAAAAXPVMAwAAAAAAAAAAlzJ1vISHXzElAf05LhN7qiqWqKvjHhTijb/BgG6FsuJt9wyTTcy2oPQ/FflSUyatnNB2RuZk5JD/ufcK/tvvggAAAAMN4Lazp2QAAAAAAAAAAABkAAAAAAAAAAAAAAAAAAAAZAX14QAAD0JAAAAAAAAAAAAAAAAAAAAAAAAAAAAAAAAAAAAAAAAAAAAAAAAAAAAAAAAAAAAAAAAAAAAAAAAAAAAAAAAAAAAAAAAAAAAAAAAAAAAAAAAAAAAAAAAAAAAAAAAAAAAAAAAAAAAAAAAAAAAAAAAAAAAAAAAAAAAAAAAAAAAAAAAAAAAAAAAA', 1, 0);
INSERT INTO history_ledgers VALUES (2, '35f3b67394a33eaa987f4e33b08aed4ae7e42ab2de1ce5cbc8d7fb4cdedc4b47', '63d98f536ee68d1b27b5b89f23af5311b7569a24faf1403ad0b52b633b07be99', 0, 0, '2019-06-03 16:34:10', '2019-06-03 16:34:13.490365', '2019-06-03 16:34:13.490365', 8589934592, 16, 1000000000000000000, 0, 100, 100000000, 1000000, 11, 'AAAAC2PZj1Nu5o0bJ7W4nyOvUxG3Vpok+vFAOtC1K2M7B76ZuZRHr9UdXKbTKiclfOjy72YZFJUkJPVcKT5htvorm1QAAAAAXPVMAgAAAAIAAAAIAAAAAQAAAAsAAAAIAAAAAwAPQkAAAAAA3z9hmASpL9tAVxktxD3XSOp3itxSvEmM6AUkwBS4ERnv+Ltt/ycz/x8/+lFB80rnVx7j2Mrm29EpusUR+gv9ZAAAAAIN4Lazp2QAAAAAAAAAAAAAAAAAAAAAAAAAAAAAAAAAZAX14QAAD0JAAAAAAAAAAAAAAAAAAAAAAAAAAAAAAAAAAAAAAAAAAAAAAAAAAAAAAAAAAAAAAAAAAAAAAAAAAAAAAAAAAAAAAAAAAAAAAAAAAAAAAAAAAAAAAAAAAAAAAAAAAAAAAAAAAAAAAAAAAAAAAAAAAAAAAAAAAAAAAAAAAAAAAAAAAAAAAAAA', 0, 0);
INSERT INTO history_ledgers VALUES (1, '63d98f536ee68d1b27b5b89f23af5311b7569a24faf1403ad0b52b633b07be99', NULL, 0, 0, '1970-01-01 00:00:00', '2019-06-03 16:34:13.498238', '2019-06-03 16:34:13.498239', 4294967296, 16, 1000000000000000000, 0, 100, 100000000, 100, 0, 'AAAAAAAAAAAAAAAAAAAAAAAAAAAAAAAAAAAAAAAAAAAAAAAAAAAAAAAAAAAAAAAAAAAAAAAAAAAAAAAAAAAAAAAAAAAAAAAAAAAAAAAAAAAAAAAAAAAAAAAAAAAAAAAAAAAAAAAAAAAAAAAAAAAAAAAAAABXKi4y/ySKB7DnD9H20xjB+s0gtswIwz1XdSWYaBJaFgAAAAEN4Lazp2QAAAAAAAAAAAAAAAAAAAAAAAAAAAAAAAAAZAX14QAAAABkAAAAAAAAAAAAAAAAAAAAAAAAAAAAAAAAAAAAAAAAAAAAAAAAAAAAAAAAAAAAAAAAAAAAAAAAAAAAAAAAAAAAAAAAAAAAAAAAAAAAAAAAAAAAAAAAAAAAAAAAAAAAAAAAAAAAAAAAAAAAAAAAAAAAAAAAAAAAAAAAAAAAAAAAAAAAAAAA', 0, 0);


--
-- Data for Name: history_operation_participants; Type: TABLE DATA; Schema: public; Owner: -
--

INSERT INTO history_operation_participants VALUES (1, 21474840577, 1);
INSERT INTO history_operation_participants VALUES (2, 17179873281, 1);
INSERT INTO history_operation_participants VALUES (3, 12884905985, 2);
INSERT INTO history_operation_participants VALUES (4, 12884905985, 1);


--
-- Name: history_operation_participants_id_seq; Type: SEQUENCE SET; Schema: public; Owner: -
--

SELECT pg_catalog.setval('history_operation_participants_id_seq', 4, true);


--
-- Data for Name: history_operations; Type: TABLE DATA; Schema: public; Owner: -
--

INSERT INTO history_operations VALUES (21474840577, 21474840576, 1, 10, '{"name": "done", "value": "dHJ1ZQ=="}', 'GD6NTRJW5Z6NCWH4USWMNEYF77RUR2MTO6NP4KEDVJATTCUXDRO3YIFS');
INSERT INTO history_operations VALUES (17179873281, 17179873280, 1, 5, '{"signer_key": "XC6GFVFYBWPDNWRJYFWF2TM7CFZR6NQFFRZEAGTWYI6A7NNJW5CCGCON", "signer_weight": 1}', 'GD6NTRJW5Z6NCWH4USWMNEYF77RUR2MTO6NP4KEDVJATTCUXDRO3YIFS');
INSERT INTO history_operations VALUES (12884905985, 12884905984, 1, 0, '{"funder": "GBRPYHIL2CI3FNQ4BXLFMNDLFJUNPU2HY3ZMFSHONUCEOASW7QC7OX2H", "account": "GD6NTRJW5Z6NCWH4USWMNEYF77RUR2MTO6NP4KEDVJATTCUXDRO3YIFS", "starting_balance": "1000.0000000"}', 'GBRPYHIL2CI3FNQ4BXLFMNDLFJUNPU2HY3ZMFSHONUCEOASW7QC7OX2H');


--
-- Data for Name: history_trades; Type: TABLE DATA; Schema: public; Owner: -
--



--
-- Data for Name: history_transaction_participants; Type: TABLE DATA; Schema: public; Owner: -
--

INSERT INTO history_transaction_participants VALUES (1, 21474840576, 1);
INSERT INTO history_transaction_participants VALUES (2, 17179873280, 1);
INSERT INTO history_transaction_participants VALUES (3, 12884905984, 2);
INSERT INTO history_transaction_participants VALUES (4, 12884905984, 1);


--
-- Name: history_transaction_participants_id_seq; Type: SEQUENCE SET; Schema: public; Owner: -
--

SELECT pg_catalog.setval('history_transaction_participants_id_seq', 4, true);


--
-- Data for Name: history_transactions; Type: TABLE DATA; Schema: public; Owner: -
--

INSERT INTO history_transactions VALUES ('b0879add9f3957c9796d1d1fb23720dbed15d07793c742773455f2706c0e9a25', 5, 1, 'GD6NTRJW5Z6NCWH4USWMNEYF77RUR2MTO6NP4KEDVJATTCUXDRO3YIFS', 12884901890, 100, 1, '2019-06-03 16:34:13.450322', '2019-06-03 16:34:13.450323', 21474840576, 'AAAAAPzZxTbufNFY/KSsxpMF/+NI6ZN3mv4og6pBOYqXHF28AAAAZAAAAAMAAAACAAAAAAAAAAAAAAABAAAAAAAAAAoAAAAEZG9uZQAAAAEAAAAEdHJ1ZQAAAAAAAAABqbdEIwAAACC5TSe5k00+CKUuUtfafav6xITv43pTgO6QiPes4u/N6Q==', 'AAAAAAAAAGQAAAAAAAAAAQAAAAAAAAAKAAAAAAAAAAA=', 'AAAAAQAAAAIAAAADAAAABQAAAAAAAAAA/NnFNu580Vj8pKzGkwX/40jpk3ea/iiDqkE5ipccXbwAAAACVAvjOAAAAAMAAAABAAAAAQAAAAAAAAAAAAAAAAEAAAAAAAABAAAAArxi1LgNnjbaKcFsXU2fEXMfNgUsckAadsI8D7Wpt0QjAAAAAQAAAAAAAAAAAAAAAQAAAAUAAAAAAAAAAPzZxTbufNFY/KSsxpMF/+NI6ZN3mv4og6pBOYqXHF28AAAAAlQL4zgAAAADAAAAAgAAAAEAAAAAAAAAAAAAAAABAAAAAAAAAQAAAAK8YtS4DZ422inBbF1NnxFzHzYFLHJAGnbCPA+1qbdEIwAAAAEAAAAAAAAAAAAAAAEAAAADAAAAAwAAAAUAAAAAAAAAAPzZxTbufNFY/KSsxpMF/+NI6ZN3mv4og6pBOYqXHF28AAAAAlQL4zgAAAADAAAAAgAAAAEAAAAAAAAAAAAAAAABAAAAAAAAAQAAAAK8YtS4DZ422inBbF1NnxFzHzYFLHJAGnbCPA+1qbdEIwAAAAEAAAAAAAAAAAAAAAEAAAAFAAAAAAAAAAD82cU27nzRWPykrMaTBf/jSOmTd5r+KIOqQTmKlxxdvAAAAAJUC+M4AAAAAwAAAAIAAAACAAAAAAAAAAAAAAAAAQAAAAAAAAEAAAACvGLUuA2eNtopwWxdTZ8Rcx82BSxyQBp2wjwPtam3RCMAAAABAAAAAAAAAAAAAAAAAAAABQAAAAMAAAAA/NnFNu580Vj8pKzGkwX/40jpk3ea/iiDqkE5ipccXbwAAAAEZG9uZQAAAAR0cnVlAAAAAAAAAAA=', 'AAAAAgAAAAMAAAAEAAAAAAAAAAD82cU27nzRWPykrMaTBf/jSOmTd5r+KIOqQTmKlxxdvAAAAAJUC+OcAAAAAwAAAAEAAAABAAAAAAAAAAAAAAAAAQAAAAAAAAEAAAACvGLUuA2eNtopwWxdTZ8Rcx82BSxyQBp2wjwPtam3RCMAAAABAAAAAAAAAAAAAAABAAAABQAAAAAAAAAA/NnFNu580Vj8pKzGkwX/40jpk3ea/iiDqkE5ipccXbwAAAACVAvjOAAAAAMAAAABAAAAAQAAAAAAAAAAAAAAAAEAAAAAAAABAAAAArxi1LgNnjbaKcFsXU2fEXMfNgUsckAadsI8D7Wpt0QjAAAAAQAAAAAAAAAA', '{uU0nuZNNPgilLlLX2n2r+sSE7+N6U4DukIj3rOLvzek=}', 'none', NULL, NULL, true, 100);
INSERT INTO history_transactions VALUES ('59de4450bcc1830b6da83fb481aab833db04dadf1e88d568a00274d4038d531e', 4, 1, 'GD6NTRJW5Z6NCWH4USWMNEYF77RUR2MTO6NP4KEDVJATTCUXDRO3YIFS', 12884901889, 100, 1, '2019-06-03 16:34:13.467672', '2019-06-03 16:34:13.467672', 17179873280, 'AAAAAPzZxTbufNFY/KSsxpMF/+NI6ZN3mv4og6pBOYqXHF28AAAAZAAAAAMAAAABAAAAAAAAAAAAAAABAAAAAAAAAAUAAAAAAAAAAQAAAAAAAAABAAAAAAAAAAAAAAAAAAAAAAAAAAAAAAAAAAAAAQAAAAK8YtS4DZ422inBbF1NnxFzHzYFLHJAGnbCPA+1qbdEIwAAAAEAAAAAAAAAAZccXbwAAABAeVu+uPT8KOhoKoNJidCWqVs71WAIqQns2Zq4mM3LBluMVDHej/SJhUxiKlsSR5MJwQU3trQbPsOAwb56BinbCw==', 'AAAAAAAAAGQAAAAAAAAAAQAAAAAAAAAFAAAAAAAAAAA=', 'AAAAAQAAAAIAAAADAAAABAAAAAAAAAAA/NnFNu580Vj8pKzGkwX/40jpk3ea/iiDqkE5ipccXbwAAAACVAvjnAAAAAMAAAAAAAAAAAAAAAAAAAAAAAAAAAEAAAAAAAAAAAAAAAAAAAAAAAABAAAABAAAAAAAAAAA/NnFNu580Vj8pKzGkwX/40jpk3ea/iiDqkE5ipccXbwAAAACVAvjnAAAAAMAAAABAAAAAAAAAAAAAAAAAAAAAAEAAAAAAAAAAAAAAAAAAAAAAAABAAAAAgAAAAMAAAAEAAAAAAAAAAD82cU27nzRWPykrMaTBf/jSOmTd5r+KIOqQTmKlxxdvAAAAAJUC+OcAAAAAwAAAAEAAAAAAAAAAAAAAAAAAAAAAQAAAAAAAAAAAAAAAAAAAAAAAAEAAAAEAAAAAAAAAAD82cU27nzRWPykrMaTBf/jSOmTd5r+KIOqQTmKlxxdvAAAAAJUC+OcAAAAAwAAAAEAAAABAAAAAAAAAAAAAAAAAQAAAAAAAAEAAAACvGLUuA2eNtopwWxdTZ8Rcx82BSxyQBp2wjwPtam3RCMAAAABAAAAAAAAAAA=', 'AAAAAgAAAAMAAAADAAAAAAAAAAD82cU27nzRWPykrMaTBf/jSOmTd5r+KIOqQTmKlxxdvAAAAAJUC+QAAAAAAwAAAAAAAAAAAAAAAAAAAAAAAAAAAQAAAAAAAAAAAAAAAAAAAAAAAAEAAAAEAAAAAAAAAAD82cU27nzRWPykrMaTBf/jSOmTd5r+KIOqQTmKlxxdvAAAAAJUC+OcAAAAAwAAAAAAAAAAAAAAAAAAAAAAAAAAAQAAAAAAAAAAAAAAAAAAAA==', '{eVu+uPT8KOhoKoNJidCWqVs71WAIqQns2Zq4mM3LBluMVDHej/SJhUxiKlsSR5MJwQU3trQbPsOAwb56BinbCw==}', 'none', NULL, NULL, true, 100);
INSERT INTO history_transactions VALUES ('54c49533d937a906c0e6e501322bb600ffe332bf888cb474bd4261d42f542470', 3, 1, 'GBRPYHIL2CI3FNQ4BXLFMNDLFJUNPU2HY3ZMFSHONUCEOASW7QC7OX2H', 1, 100, 1, '2019-06-03 16:34:13.478841', '2019-06-03 16:34:13.478841', 12884905984, 'AAAAAGL8HQvQkbK2HA3WVjRrKmjX00fG8sLI7m0ERwJW/AX3AAAAZAAAAAAAAAABAAAAAAAAAAAAAAABAAAAAAAAAAAAAAAA/NnFNu580Vj8pKzGkwX/40jpk3ea/iiDqkE5ipccXbwAAAACVAvkAAAAAAAAAAABVvwF9wAAAEDi0+98/ltS2PZOxNCNogdC0ctkOWrNnQ+3eVu2PI3+LNdVssYOrw4gwvZFULsMpS166y7rVfyn6AIp7gqV5pMD', 'AAAAAAAAAGQAAAAAAAAAAQAAAAAAAAAAAAAAAAAAAAA=', 'AAAAAQAAAAIAAAADAAAAAwAAAAAAAAAAYvwdC9CRsrYcDdZWNGsqaNfTR8bywsjubQRHAlb8BfcN4Lazp2P/nAAAAAAAAAAAAAAAAAAAAAAAAAAAAAAAAAEAAAAAAAAAAAAAAAAAAAAAAAABAAAAAwAAAAAAAAAAYvwdC9CRsrYcDdZWNGsqaNfTR8bywsjubQRHAlb8BfcN4Lazp2P/nAAAAAAAAAABAAAAAAAAAAAAAAAAAAAAAAEAAAAAAAAAAAAAAAAAAAAAAAABAAAAAwAAAAMAAAADAAAAAAAAAABi/B0L0JGythwN1lY0aypo19NHxvLCyO5tBEcCVvwF9w3gtrOnY/+cAAAAAAAAAAEAAAAAAAAAAAAAAAAAAAAAAQAAAAAAAAAAAAAAAAAAAAAAAAEAAAADAAAAAAAAAABi/B0L0JGythwN1lY0aypo19NHxvLCyO5tBEcCVvwF9w3gtrFTWBucAAAAAAAAAAEAAAAAAAAAAAAAAAAAAAAAAQAAAAAAAAAAAAAAAAAAAAAAAAAAAAADAAAAAAAAAAD82cU27nzRWPykrMaTBf/jSOmTd5r+KIOqQTmKlxxdvAAAAAJUC+QAAAAAAwAAAAAAAAAAAAAAAAAAAAAAAAAAAQAAAAAAAAAAAAAAAAAAAA==', 'AAAAAgAAAAMAAAABAAAAAAAAAABi/B0L0JGythwN1lY0aypo19NHxvLCyO5tBEcCVvwF9w3gtrOnZAAAAAAAAAAAAAAAAAAAAAAAAAAAAAAAAAAAAQAAAAAAAAAAAAAAAAAAAAAAAAEAAAADAAAAAAAAAABi/B0L0JGythwN1lY0aypo19NHxvLCyO5tBEcCVvwF9w3gtrOnY/+cAAAAAAAAAAAAAAAAAAAAAAAAAAAAAAAAAQAAAAAAAAAAAAAAAAAAAA==', '{4tPvfP5bUtj2TsTQjaIHQtHLZDlqzZ0Pt3lbtjyN/izXVbLGDq8OIML2RVC7DKUteusu61X8p+gCKe4KleaTAw==}', 'none', NULL, NULL, true, 100);


--
-- Name: asset_stats asset_stats_pkey; Type: CONSTRAINT; Schema: public; Owner: -
--

ALTER TABLE ONLY asset_stats
    ADD CONSTRAINT asset_stats_pkey PRIMARY KEY (id);


--
-- Name: gorp_migrations gorp_migrations_pkey; Type: CONSTRAINT; Schema: public; Owner: -
--

ALTER TABLE ONLY gorp_migrations
    ADD CONSTRAINT gorp_migrations_pkey PRIMARY KEY (id);


--
-- Name: history_assets history_assets_asset_code_asset_type_asset_issuer_key; Type: CONSTRAINT; Schema: public; Owner: -
--

ALTER TABLE ONLY history_assets
    ADD CONSTRAINT history_assets_asset_code_asset_type_asset_issuer_key UNIQUE (asset_code, asset_type, asset_issuer);


--
-- Name: history_assets history_assets_pkey; Type: CONSTRAINT; Schema: public; Owner: -
--

ALTER TABLE ONLY history_assets
    ADD CONSTRAINT history_assets_pkey PRIMARY KEY (id);


--
-- Name: history_operation_participants history_operation_participants_pkey; Type: CONSTRAINT; Schema: public; Owner: -
--

ALTER TABLE ONLY history_operation_participants
    ADD CONSTRAINT history_operation_participants_pkey PRIMARY KEY (id);


--
-- Name: history_transaction_participants history_transaction_participants_pkey; Type: CONSTRAINT; Schema: public; Owner: -
--

ALTER TABLE ONLY history_transaction_participants
    ADD CONSTRAINT history_transaction_participants_pkey PRIMARY KEY (id);


--
-- Name: asset_by_code; Type: INDEX; Schema: public; Owner: -
--

CREATE INDEX asset_by_code ON history_assets USING btree (asset_code);


--
-- Name: asset_by_issuer; Type: INDEX; Schema: public; Owner: -
--

CREATE INDEX asset_by_issuer ON history_assets USING btree (asset_issuer);


--
-- Name: by_account; Type: INDEX; Schema: public; Owner: -
--

CREATE INDEX by_account ON history_transactions USING btree (account, account_sequence);


--
-- Name: by_hash; Type: INDEX; Schema: public; Owner: -
--

CREATE INDEX by_hash ON history_transactions USING btree (transaction_hash);


--
-- Name: by_ledger; Type: INDEX; Schema: public; Owner: -
--

CREATE INDEX by_ledger ON history_transactions USING btree (ledger_sequence, application_order);


--
-- Name: hist_e_by_order; Type: INDEX; Schema: public; Owner: -
--

CREATE UNIQUE INDEX hist_e_by_order ON history_effects USING btree (history_operation_id, "order");


--
-- Name: hist_e_id; Type: INDEX; Schema: public; Owner: -
--

CREATE UNIQUE INDEX hist_e_id ON history_effects USING btree (history_account_id, history_operation_id, "order");


--
-- Name: hist_op_p_id; Type: INDEX; Schema: public; Owner: -
--

CREATE UNIQUE INDEX hist_op_p_id ON history_operation_participants USING btree (history_account_id, history_operation_id);


--
-- Name: hist_tx_p_id; Type: INDEX; Schema: public; Owner: -
--

CREATE UNIQUE INDEX hist_tx_p_id ON history_transaction_participants USING btree (history_account_id, history_transaction_id);


--
-- Name: hop_by_hoid; Type: INDEX; Schema: public; Owner: -
--

CREATE INDEX hop_by_hoid ON history_operation_participants USING btree (history_operation_id);


--
-- Name: hs_ledger_by_id; Type: INDEX; Schema: public; Owner: -
--

CREATE UNIQUE INDEX hs_ledger_by_id ON history_ledgers USING btree (id);


--
-- Name: hs_transaction_by_id; Type: INDEX; Schema: public; Owner: -
--

CREATE UNIQUE INDEX hs_transaction_by_id ON history_transactions USING btree (id);


--
-- Name: htp_by_htid; Type: INDEX; Schema: public; Owner: -
--

CREATE INDEX htp_by_htid ON history_transaction_participants USING btree (history_transaction_id);


--
-- Name: htrd_by_base_account; Type: INDEX; Schema: public; Owner: -
--

CREATE INDEX htrd_by_base_account ON history_trades USING btree (base_account_id);


--
-- Name: htrd_by_base_offer; Type: INDEX; Schema: public; Owner: -
--

CREATE INDEX htrd_by_base_offer ON history_trades USING btree (base_offer_id);


--
-- Name: htrd_by_counter_account; Type: INDEX; Schema: public; Owner: -
--

CREATE INDEX htrd_by_counter_account ON history_trades USING btree (counter_account_id);


--
-- Name: htrd_by_counter_offer; Type: INDEX; Schema: public; Owner: -
--

CREATE INDEX htrd_by_counter_offer ON history_trades USING btree (counter_offer_id);


--
-- Name: htrd_by_offer; Type: INDEX; Schema: public; Owner: -
--

CREATE INDEX htrd_by_offer ON history_trades USING btree (offer_id);


--
-- Name: htrd_counter_lookup; Type: INDEX; Schema: public; Owner: -
--

CREATE INDEX htrd_counter_lookup ON history_trades USING btree (counter_asset_id);


--
-- Name: htrd_pair_time_lookup; Type: INDEX; Schema: public; Owner: -
--

CREATE INDEX htrd_pair_time_lookup ON history_trades USING btree (base_asset_id, counter_asset_id, ledger_closed_at);


--
-- Name: htrd_pid; Type: INDEX; Schema: public; Owner: -
--

CREATE UNIQUE INDEX htrd_pid ON history_trades USING btree (history_operation_id, "order");


--
-- Name: htrd_time_lookup; Type: INDEX; Schema: public; Owner: -
--

CREATE INDEX htrd_time_lookup ON history_trades USING btree (ledger_closed_at);


--
-- Name: index_history_accounts_on_address; Type: INDEX; Schema: public; Owner: -
--

CREATE UNIQUE INDEX index_history_accounts_on_address ON history_accounts USING btree (address);


--
-- Name: index_history_accounts_on_id; Type: INDEX; Schema: public; Owner: -
--

CREATE UNIQUE INDEX index_history_accounts_on_id ON history_accounts USING btree (id);


--
-- Name: index_history_effects_on_type; Type: INDEX; Schema: public; Owner: -
--

CREATE INDEX index_history_effects_on_type ON history_effects USING btree (type);


--
-- Name: index_history_ledgers_on_closed_at; Type: INDEX; Schema: public; Owner: -
--

CREATE INDEX index_history_ledgers_on_closed_at ON history_ledgers USING btree (closed_at);


--
-- Name: index_history_ledgers_on_id; Type: INDEX; Schema: public; Owner: -
--

CREATE UNIQUE INDEX index_history_ledgers_on_id ON history_ledgers USING btree (id);


--
-- Name: index_history_ledgers_on_importer_version; Type: INDEX; Schema: public; Owner: -
--

CREATE INDEX index_history_ledgers_on_importer_version ON history_ledgers USING btree (importer_version);


--
-- Name: index_history_ledgers_on_ledger_hash; Type: INDEX; Schema: public; Owner: -
--

CREATE UNIQUE INDEX index_history_ledgers_on_ledger_hash ON history_ledgers USING btree (ledger_hash);


--
-- Name: index_history_ledgers_on_previous_ledger_hash; Type: INDEX; Schema: public; Owner: -
--

CREATE UNIQUE INDEX index_history_ledgers_on_previous_ledger_hash ON history_ledgers USING btree (previous_ledger_hash);


--
-- Name: index_history_ledgers_on_sequence; Type: INDEX; Schema: public; Owner: -
--

CREATE UNIQUE INDEX index_history_ledgers_on_sequence ON history_ledgers USING btree (sequence);


--
-- Name: index_history_operations_on_id; Type: INDEX; Schema: public; Owner: -
--

CREATE UNIQUE INDEX index_history_operations_on_id ON history_operations USING btree (id);


--
-- Name: index_history_operations_on_transaction_id; Type: INDEX; Schema: public; Owner: -
--

CREATE INDEX index_history_operations_on_transaction_id ON history_operations USING btree (transaction_id);


--
-- Name: index_history_operations_on_type; Type: INDEX; Schema: public; Owner: -
--

CREATE INDEX index_history_operations_on_type ON history_operations USING btree (type);


--
-- Name: index_history_transactions_on_id; Type: INDEX; Schema: public; Owner: -
--

CREATE UNIQUE INDEX index_history_transactions_on_id ON history_transactions USING btree (id);


--
-- Name: trade_effects_by_order_book; Type: INDEX; Schema: public; Owner: -
--

CREATE INDEX trade_effects_by_order_book ON history_effects USING btree (((details ->> 'sold_asset_type'::text)), ((details ->> 'sold_asset_code'::text)), ((details ->> 'sold_asset_issuer'::text)), ((details ->> 'bought_asset_type'::text)), ((details ->> 'bought_asset_code'::text)), ((details ->> 'bought_asset_issuer'::text))) WHERE (type = 33);


--
-- Name: asset_stats asset_stats_id_fkey; Type: FK CONSTRAINT; Schema: public; Owner: -
--

ALTER TABLE ONLY asset_stats
    ADD CONSTRAINT asset_stats_id_fkey FOREIGN KEY (id) REFERENCES history_assets(id) ON UPDATE RESTRICT ON DELETE CASCADE;


--
-- Name: history_trades history_trades_base_account_id_fkey; Type: FK CONSTRAINT; Schema: public; Owner: -
--

ALTER TABLE ONLY history_trades
    ADD CONSTRAINT history_trades_base_account_id_fkey FOREIGN KEY (base_account_id) REFERENCES history_accounts(id);


--
-- Name: history_trades history_trades_base_asset_id_fkey; Type: FK CONSTRAINT; Schema: public; Owner: -
--

ALTER TABLE ONLY history_trades
    ADD CONSTRAINT history_trades_base_asset_id_fkey FOREIGN KEY (base_asset_id) REFERENCES history_assets(id);


--
-- Name: history_trades history_trades_counter_account_id_fkey; Type: FK CONSTRAINT; Schema: public; Owner: -
--

ALTER TABLE ONLY history_trades
    ADD CONSTRAINT history_trades_counter_account_id_fkey FOREIGN KEY (counter_account_id) REFERENCES history_accounts(id);


--
-- Name: history_trades history_trades_counter_asset_id_fkey; Type: FK CONSTRAINT; Schema: public; Owner: -
--

ALTER TABLE ONLY history_trades
    ADD CONSTRAINT history_trades_counter_asset_id_fkey FOREIGN KEY (counter_asset_id) REFERENCES history_assets(id);


--
-- PostgreSQL database dump complete
--

