--
-- PostgreSQL database dump
--

-- Dumped from database version 9.6.6
-- Dumped by pg_dump version 9.6.6

SET statement_timeout = 0;
SET lock_timeout = 0;
SET client_encoding = 'UTF8';
SET standard_conforming_strings = on;
SET check_function_bodies = false;
SET client_min_messages = warning;

SET search_path = public, pg_catalog;

ALTER TABLE IF EXISTS ONLY public.history_trades DROP CONSTRAINT IF EXISTS history_trades_counter_asset_id_fkey;
ALTER TABLE IF EXISTS ONLY public.history_trades DROP CONSTRAINT IF EXISTS history_trades_counter_account_id_fkey;
ALTER TABLE IF EXISTS ONLY public.history_trades DROP CONSTRAINT IF EXISTS history_trades_base_asset_id_fkey;
ALTER TABLE IF EXISTS ONLY public.history_trades DROP CONSTRAINT IF EXISTS history_trades_base_account_id_fkey;
ALTER TABLE IF EXISTS ONLY public.asset_stats DROP CONSTRAINT IF EXISTS asset_stats_id_fkey;
DROP INDEX IF EXISTS public.trade_effects_by_order_book;
DROP INDEX IF EXISTS public.index_history_transactions_on_id;
DROP INDEX IF EXISTS public.index_history_operations_on_type;
DROP INDEX IF EXISTS public.index_history_operations_on_transaction_id;
DROP INDEX IF EXISTS public.index_history_operations_on_id;
DROP INDEX IF EXISTS public.index_history_ledgers_on_sequence;
DROP INDEX IF EXISTS public.index_history_ledgers_on_previous_ledger_hash;
DROP INDEX IF EXISTS public.index_history_ledgers_on_ledger_hash;
DROP INDEX IF EXISTS public.index_history_ledgers_on_importer_version;
DROP INDEX IF EXISTS public.index_history_ledgers_on_id;
DROP INDEX IF EXISTS public.index_history_ledgers_on_closed_at;
DROP INDEX IF EXISTS public.index_history_effects_on_type;
DROP INDEX IF EXISTS public.index_history_accounts_on_id;
DROP INDEX IF EXISTS public.index_history_accounts_on_address;
DROP INDEX IF EXISTS public.htrd_time_lookup;
DROP INDEX IF EXISTS public.htrd_pid;
DROP INDEX IF EXISTS public.htrd_pair_time_lookup;
DROP INDEX IF EXISTS public.htrd_counter_lookup;
DROP INDEX IF EXISTS public.htrd_by_offer;
DROP INDEX IF EXISTS public.htp_by_htid;
DROP INDEX IF EXISTS public.hs_transaction_by_id;
DROP INDEX IF EXISTS public.hs_ledger_by_id;
DROP INDEX IF EXISTS public.hop_by_hoid;
DROP INDEX IF EXISTS public.hist_tx_p_id;
DROP INDEX IF EXISTS public.hist_op_p_id;
DROP INDEX IF EXISTS public.hist_e_id;
DROP INDEX IF EXISTS public.hist_e_by_order;
DROP INDEX IF EXISTS public.by_ledger;
DROP INDEX IF EXISTS public.by_hash;
DROP INDEX IF EXISTS public.by_account;
DROP INDEX IF EXISTS public.asset_by_issuer;
DROP INDEX IF EXISTS public.asset_by_code;
ALTER TABLE IF EXISTS ONLY public.history_transaction_participants DROP CONSTRAINT IF EXISTS history_transaction_participants_pkey;
ALTER TABLE IF EXISTS ONLY public.history_operation_participants DROP CONSTRAINT IF EXISTS history_operation_participants_pkey;
ALTER TABLE IF EXISTS ONLY public.history_assets DROP CONSTRAINT IF EXISTS history_assets_pkey;
ALTER TABLE IF EXISTS ONLY public.history_assets DROP CONSTRAINT IF EXISTS history_assets_asset_code_asset_type_asset_issuer_key;
ALTER TABLE IF EXISTS ONLY public.gorp_migrations DROP CONSTRAINT IF EXISTS gorp_migrations_pkey;
ALTER TABLE IF EXISTS ONLY public.asset_stats DROP CONSTRAINT IF EXISTS asset_stats_pkey;
ALTER TABLE IF EXISTS public.history_transaction_participants ALTER COLUMN id DROP DEFAULT;
ALTER TABLE IF EXISTS public.history_operation_participants ALTER COLUMN id DROP DEFAULT;
ALTER TABLE IF EXISTS public.history_assets ALTER COLUMN id DROP DEFAULT;
DROP TABLE IF EXISTS public.history_transactions;
DROP SEQUENCE IF EXISTS public.history_transaction_participants_id_seq;
DROP TABLE IF EXISTS public.history_transaction_participants;
DROP TABLE IF EXISTS public.history_trades;
DROP TABLE IF EXISTS public.history_operations;
DROP SEQUENCE IF EXISTS public.history_operation_participants_id_seq;
DROP TABLE IF EXISTS public.history_operation_participants;
DROP TABLE IF EXISTS public.history_ledgers;
DROP TABLE IF EXISTS public.history_effects;
DROP SEQUENCE IF EXISTS public.history_assets_id_seq;
DROP TABLE IF EXISTS public.history_assets;
DROP TABLE IF EXISTS public.history_accounts;
DROP SEQUENCE IF EXISTS public.history_accounts_id_seq;
DROP TABLE IF EXISTS public.gorp_migrations;
DROP TABLE IF EXISTS public.asset_stats;
DROP AGGREGATE IF EXISTS public.min_price(numeric[]);
DROP AGGREGATE IF EXISTS public.max_price(numeric[]);
DROP AGGREGATE IF EXISTS public.last(anyelement);
DROP AGGREGATE IF EXISTS public.first(anyelement);
DROP FUNCTION IF EXISTS public.min_price_agg(numeric[], numeric[]);
DROP FUNCTION IF EXISTS public.max_price_agg(numeric[], numeric[]);
DROP FUNCTION IF EXISTS public.last_agg(anyelement, anyelement);
DROP FUNCTION IF EXISTS public.first_agg(anyelement, anyelement);
DROP EXTENSION IF EXISTS plpgsql;
DROP SCHEMA IF EXISTS public;
--
-- Name: public; Type: SCHEMA; Schema: -; Owner: -
--

CREATE SCHEMA public;


--
-- Name: SCHEMA public; Type: COMMENT; Schema: -; Owner: -
--

COMMENT ON SCHEMA public IS 'standard public schema';


--
-- Name: plpgsql; Type: EXTENSION; Schema: -; Owner: -
--

CREATE EXTENSION IF NOT EXISTS plpgsql WITH SCHEMA pg_catalog;


--
-- Name: EXTENSION plpgsql; Type: COMMENT; Schema: -; Owner: -
--

COMMENT ON EXTENSION plpgsql IS 'PL/pgSQL procedural language';


SET search_path = public, pg_catalog;

--
-- Name: first_agg(anyelement, anyelement); Type: FUNCTION; Schema: public; Owner: -
--

CREATE FUNCTION first_agg(anyelement, anyelement) RETURNS anyelement
    LANGUAGE sql IMMUTABLE STRICT
    AS $_$ SELECT $1 $_$;


--
-- Name: last_agg(anyelement, anyelement); Type: FUNCTION; Schema: public; Owner: -
--

CREATE FUNCTION last_agg(anyelement, anyelement) RETURNS anyelement
    LANGUAGE sql IMMUTABLE STRICT
    AS $_$ SELECT $2 $_$;


--
-- Name: max_price_agg(numeric[], numeric[]); Type: FUNCTION; Schema: public; Owner: -
--

CREATE FUNCTION max_price_agg(numeric[], numeric[]) RETURNS numeric[]
    LANGUAGE sql IMMUTABLE STRICT
    AS $_$ SELECT (
  CASE WHEN $1[1]/$1[2]>$2[1]/$2[2] THEN $1 ELSE $2 END) $_$;


--
-- Name: min_price_agg(numeric[], numeric[]); Type: FUNCTION; Schema: public; Owner: -
--

CREATE FUNCTION min_price_agg(numeric[], numeric[]) RETURNS numeric[]
    LANGUAGE sql IMMUTABLE STRICT
    AS $_$ SELECT (
  CASE WHEN $1[1]/$1[2]<$2[1]/$2[2] THEN $1 ELSE $2 END) $_$;


--
-- Name: first(anyelement); Type: AGGREGATE; Schema: public; Owner: -
--

CREATE AGGREGATE first(anyelement) (
    SFUNC = first_agg,
    STYPE = anyelement
);


--
-- Name: last(anyelement); Type: AGGREGATE; Schema: public; Owner: -
--

CREATE AGGREGATE last(anyelement) (
    SFUNC = last_agg,
    STYPE = anyelement
);


--
-- Name: max_price(numeric[]); Type: AGGREGATE; Schema: public; Owner: -
--

CREATE AGGREGATE max_price(numeric[]) (
    SFUNC = max_price_agg,
    STYPE = numeric[]
);


--
-- Name: min_price(numeric[]); Type: AGGREGATE; Schema: public; Owner: -
--

CREATE AGGREGATE min_price(numeric[]) (
    SFUNC = min_price_agg,
    STYPE = numeric[]
);


SET default_tablespace = '';

SET default_with_oids = false;

--
-- Name: asset_stats; Type: TABLE; Schema: public; Owner: -
--

CREATE TABLE asset_stats (
    id bigint NOT NULL,
    amount bigint NOT NULL,
    num_accounts integer NOT NULL,
    flags smallint NOT NULL,
    toml character varying(64) NOT NULL
);


--
-- Name: gorp_migrations; Type: TABLE; Schema: public; Owner: -
--

CREATE TABLE gorp_migrations (
    id text NOT NULL,
    applied_at timestamp with time zone
);


--
-- Name: history_accounts_id_seq; Type: SEQUENCE; Schema: public; Owner: -
--

CREATE SEQUENCE history_accounts_id_seq
    START WITH 1
    INCREMENT BY 1
    NO MINVALUE
    NO MAXVALUE
    CACHE 1;


--
-- Name: history_accounts; Type: TABLE; Schema: public; Owner: -
--

CREATE TABLE history_accounts (
    id bigint DEFAULT nextval('history_accounts_id_seq'::regclass) NOT NULL,
    address character varying(64)
);


--
-- Name: history_assets; Type: TABLE; Schema: public; Owner: -
--

CREATE TABLE history_assets (
    id integer NOT NULL,
    asset_type character varying(64) NOT NULL,
    asset_code character varying(12) NOT NULL,
    asset_issuer character varying(56) NOT NULL
);


--
-- Name: history_assets_id_seq; Type: SEQUENCE; Schema: public; Owner: -
--

CREATE SEQUENCE history_assets_id_seq
    START WITH 1
    INCREMENT BY 1
    NO MINVALUE
    NO MAXVALUE
    CACHE 1;


--
-- Name: history_assets_id_seq; Type: SEQUENCE OWNED BY; Schema: public; Owner: -
--

ALTER SEQUENCE history_assets_id_seq OWNED BY history_assets.id;


--
-- Name: history_effects; Type: TABLE; Schema: public; Owner: -
--

CREATE TABLE history_effects (
    history_account_id bigint NOT NULL,
    history_operation_id bigint NOT NULL,
    "order" integer NOT NULL,
    type integer NOT NULL,
    details jsonb
);


--
-- Name: history_ledgers; Type: TABLE; Schema: public; Owner: -
--

CREATE TABLE history_ledgers (
    sequence integer NOT NULL,
    ledger_hash character varying(64) NOT NULL,
    previous_ledger_hash character varying(64),
    transaction_count integer DEFAULT 0 NOT NULL,
    operation_count integer DEFAULT 0 NOT NULL,
    closed_at timestamp without time zone NOT NULL,
    created_at timestamp without time zone,
    updated_at timestamp without time zone,
    id bigint,
    importer_version integer DEFAULT 1 NOT NULL,
    total_coins bigint NOT NULL,
    fee_pool bigint NOT NULL,
    base_fee integer NOT NULL,
    base_reserve integer NOT NULL,
    max_tx_set_size integer NOT NULL,
    protocol_version integer DEFAULT 0 NOT NULL,
    ledger_header text
);


--
-- Name: history_operation_participants; Type: TABLE; Schema: public; Owner: -
--

CREATE TABLE history_operation_participants (
    id integer NOT NULL,
    history_operation_id bigint NOT NULL,
    history_account_id bigint NOT NULL
);


--
-- Name: history_operation_participants_id_seq; Type: SEQUENCE; Schema: public; Owner: -
--

CREATE SEQUENCE history_operation_participants_id_seq
    START WITH 1
    INCREMENT BY 1
    NO MINVALUE
    NO MAXVALUE
    CACHE 1;


--
-- Name: history_operation_participants_id_seq; Type: SEQUENCE OWNED BY; Schema: public; Owner: -
--

ALTER SEQUENCE history_operation_participants_id_seq OWNED BY history_operation_participants.id;


--
-- Name: history_operations; Type: TABLE; Schema: public; Owner: -
--

CREATE TABLE history_operations (
    id bigint NOT NULL,
    transaction_id bigint NOT NULL,
    application_order integer NOT NULL,
    type integer NOT NULL,
    details jsonb,
    source_account character varying(64) DEFAULT ''::character varying NOT NULL
);


--
-- Name: history_trades; Type: TABLE; Schema: public; Owner: -
--

CREATE TABLE history_trades (
    history_operation_id bigint NOT NULL,
    "order" integer NOT NULL,
    ledger_closed_at timestamp without time zone NOT NULL,
    offer_id bigint NOT NULL,
    base_account_id bigint NOT NULL,
    base_asset_id bigint NOT NULL,
    base_amount bigint NOT NULL,
    counter_account_id bigint NOT NULL,
    counter_asset_id bigint NOT NULL,
    counter_amount bigint NOT NULL,
    base_is_seller boolean,
    price_n bigint,
    price_d bigint,
    CONSTRAINT history_trades_base_amount_check CHECK ((base_amount > 0)),
    CONSTRAINT history_trades_check CHECK ((base_asset_id < counter_asset_id)),
    CONSTRAINT history_trades_counter_amount_check CHECK ((counter_amount > 0))
);


--
-- Name: history_transaction_participants; Type: TABLE; Schema: public; Owner: -
--

CREATE TABLE history_transaction_participants (
    id integer NOT NULL,
    history_transaction_id bigint NOT NULL,
    history_account_id bigint NOT NULL
);


--
-- Name: history_transaction_participants_id_seq; Type: SEQUENCE; Schema: public; Owner: -
--

CREATE SEQUENCE history_transaction_participants_id_seq
    START WITH 1
    INCREMENT BY 1
    NO MINVALUE
    NO MAXVALUE
    CACHE 1;


--
-- Name: history_transaction_participants_id_seq; Type: SEQUENCE OWNED BY; Schema: public; Owner: -
--

ALTER SEQUENCE history_transaction_participants_id_seq OWNED BY history_transaction_participants.id;


--
-- Name: history_transactions; Type: TABLE; Schema: public; Owner: -
--

CREATE TABLE history_transactions (
    transaction_hash character varying(64) NOT NULL,
    ledger_sequence integer NOT NULL,
    application_order integer NOT NULL,
    account character varying(64) NOT NULL,
    account_sequence bigint NOT NULL,
    fee_paid integer NOT NULL,
    operation_count integer NOT NULL,
    created_at timestamp without time zone,
    updated_at timestamp without time zone,
    id bigint,
    tx_envelope text NOT NULL,
    tx_result text NOT NULL,
    tx_meta text NOT NULL,
    tx_fee_meta text NOT NULL,
    signatures character varying(96)[] DEFAULT '{}'::character varying[] NOT NULL,
    memo_type character varying DEFAULT 'none'::character varying NOT NULL,
    memo character varying,
    time_bounds int8range
);


--
-- Name: history_assets id; Type: DEFAULT; Schema: public; Owner: -
--

ALTER TABLE ONLY history_assets ALTER COLUMN id SET DEFAULT nextval('history_assets_id_seq'::regclass);


--
-- Name: history_operation_participants id; Type: DEFAULT; Schema: public; Owner: -
--

ALTER TABLE ONLY history_operation_participants ALTER COLUMN id SET DEFAULT nextval('history_operation_participants_id_seq'::regclass);


--
-- Name: history_transaction_participants id; Type: DEFAULT; Schema: public; Owner: -
--

ALTER TABLE ONLY history_transaction_participants ALTER COLUMN id SET DEFAULT nextval('history_transaction_participants_id_seq'::regclass);


--
-- Data for Name: asset_stats; Type: TABLE DATA; Schema: public; Owner: -
--

INSERT INTO asset_stats VALUES (2, 0, 1, 0, '');
INSERT INTO asset_stats VALUES (4, 200000000, 1, 0, '');
INSERT INTO asset_stats VALUES (5, 0, 0, 0, '');
INSERT INTO asset_stats VALUES (6, 0, 0, 0, '');
INSERT INTO asset_stats VALUES (7, 0, 1, 3, '');
INSERT INTO asset_stats VALUES (3, 3000000000, 1, 0, '');
INSERT INTO asset_stats VALUES (8, 0, 0, 3, '');
INSERT INTO asset_stats VALUES (9, 100000000, 1, 0, '');


--
-- Data for Name: gorp_migrations; Type: TABLE DATA; Schema: public; Owner: -
--

INSERT INTO gorp_migrations VALUES ('1_initial_schema.sql', '2018-02-13 15:41:22.294729-08');
INSERT INTO gorp_migrations VALUES ('2_index_participants_by_toid.sql', '2018-02-13 15:41:22.314242-08');
INSERT INTO gorp_migrations VALUES ('3_use_sequence_in_history_accounts.sql', '2018-02-13 15:41:22.320616-08');
INSERT INTO gorp_migrations VALUES ('4_add_protocol_version.sql', '2018-02-13 15:41:22.360168-08');
INSERT INTO gorp_migrations VALUES ('5_create_trades_table.sql', '2018-02-13 15:41:22.387454-08');
INSERT INTO gorp_migrations VALUES ('6_create_assets_table.sql', '2018-02-13 15:41:22.407776-08');
INSERT INTO gorp_migrations VALUES ('7_modify_trades_table.sql', '2018-02-13 15:41:22.445522-08');
INSERT INTO gorp_migrations VALUES ('8_add_aggregators.sql', '2018-02-13 15:41:22.452985-08');
INSERT INTO gorp_migrations VALUES ('8_create_asset_stats_table.sql', '2018-02-13 15:41:22.468047-08');
INSERT INTO gorp_migrations VALUES ('9_add_header_xdr.sql', '2018-02-13 15:41:22.476629-08');
INSERT INTO gorp_migrations VALUES ('10_add_trades_price.sql', '2018-02-13 15:41:22.482553-08');


--
-- Data for Name: history_accounts; Type: TABLE DATA; Schema: public; Owner: -
--

INSERT INTO history_accounts VALUES (1, 'GBRPYHIL2CI3FNQ4BXLFMNDLFJUNPU2HY3ZMFSHONUCEOASW7QC7OX2H');
INSERT INTO history_accounts VALUES (2, 'GAXI33UCLQTCKM2NMRBS7XYBR535LLEVAHL5YBN4FTCB4HZHT7ZA5CVK');
INSERT INTO history_accounts VALUES (3, 'GDXFAGJCSCI4CK2YHK6YRLA6TKEXFRX7BMGVMQOBMLIEUJRJ5YQNLMIB');
INSERT INTO history_accounts VALUES (4, 'GA46VRKBCLI2X6DXLX7AIEVRFLH3UA7XBE3NGNP6O74HQ5LXHMGTV2JB');
INSERT INTO history_accounts VALUES (5, 'GAG52TW6QAB6TGNMOTL32Y4M3UQQLNNNHPEHYAIYRP6SFF6ZAVRF5ZQY');
INSERT INTO history_accounts VALUES (6, 'GDCVTBGSEEU7KLXUMHMSXBALXJ2T4I2KOPXW2S5TRLKDRIAXD5UDHAYO');
INSERT INTO history_accounts VALUES (7, 'GCB7FPYGLL6RJ37HKRAYW5TAWMFBGGFGM4IM6ERBCZXI2BZ4OOOX2UAY');
INSERT INTO history_accounts VALUES (8, 'GCHC4D2CS45CJRNN4QAHT2LFZAJIU5PA7H53K3VOP6WEJ6XWHNSNZKQG');
INSERT INTO history_accounts VALUES (9, 'GANZGPKY5WSHWG5YOZMNG52GCK5SCJ4YGUWMJJVGZSK2FP4BI2JIJN2C');
INSERT INTO history_accounts VALUES (10, 'GDRW375MAYR46ODGF2WGANQC2RRZL7O246DYHHCGWTV2RE7IHE2QUQLD');
INSERT INTO history_accounts VALUES (11, 'GACAR2AEYEKITE2LKI5RMXF5MIVZ6Q7XILROGDT22O7JX4DSWFS7FDDP');
INSERT INTO history_accounts VALUES (12, 'GAXMF43TGZHW3QN3REOUA2U5PW5BTARXGGYJ3JIFHW3YT6QRKRL3CPPU');
INSERT INTO history_accounts VALUES (13, 'GBOK7BOUSOWPHBANBYM6MIRYZJIDIPUYJPXHTHADF75UEVIVYWHHONQC');
INSERT INTO history_accounts VALUES (14, 'GB2QIYT2IAUFMRXKLSLLPRECC6OCOGJMADSPTRK7TGNT2SFR2YGWDARD');
INSERT INTO history_accounts VALUES (15, 'GB6GN3LJUW6JYR7EDOJ47VBH7D45M4JWHXGK6LHJRAEI5JBSN2DBQY7Q');
INSERT INTO history_accounts VALUES (16, 'GCIFFRQKHMH6JD7CK5OI4XVCYCMNRNF6PYA7JTCR3FPHPJZQTYYFB5ES');
INSERT INTO history_accounts VALUES (17, 'GCJKJXPKBFIHOO3455WXWG5CDBZXQNYFRRGICYMPUQ35CPQ4WVS3KZLG');
INSERT INTO history_accounts VALUES (18, 'GCVW5LCRZFP7PENXTAGOVIQXADDNUXXZJCNKF4VQB2IK7W2LPJWF73UG');
INSERT INTO history_accounts VALUES (19, 'GD4SMOE3VPSF7ZR3CTEQ3P5UNTBMEJDA2GLXTHR7MMARANKKJDZ7RPGF');
INSERT INTO history_accounts VALUES (20, 'GCHPXGVDKPF5KT4CNAT7X77OXYZ7YVE4JHKFDUHCGCVWCL4K4PQ67KKZ');
INSERT INTO history_accounts VALUES (21, 'GDR53WAEIKOU3ZKN34CSHAWH7HV6K63CBJRUTWUDBFSMY7RRQK3SPKOS');
INSERT INTO history_accounts VALUES (22, 'GAYSCMKQY6EYLXOPTT6JPPOXDMVNBWITPTSZIVWW4LWARVBOTH5RTLAD');
INSERT INTO history_accounts VALUES (23, 'GACJPE4YUR22VP4CM2BDFDAHY3DLEF3H7NENKUQ53DT5TEI2GAHT5N4X');
INSERT INTO history_accounts VALUES (24, 'GANFZDRBCNTUXIODCJEYMACPMCSZEVE4WZGZ3CZDZ3P2SXK4KH75IK6Y');


--
-- Name: history_accounts_id_seq; Type: SEQUENCE SET; Schema: public; Owner: -
--

SELECT pg_catalog.setval('history_accounts_id_seq', 24, true);


--
-- Data for Name: history_assets; Type: TABLE DATA; Schema: public; Owner: -
--

INSERT INTO history_assets VALUES (1, 'native', '', '');
INSERT INTO history_assets VALUES (2, 'credit_alphanum4', 'USD', 'GAXMF43TGZHW3QN3REOUA2U5PW5BTARXGGYJ3JIFHW3YT6QRKRL3CPPU');
INSERT INTO history_assets VALUES (3, 'credit_alphanum4', 'EUR', 'GAXMF43TGZHW3QN3REOUA2U5PW5BTARXGGYJ3JIFHW3YT6QRKRL3CPPU');
INSERT INTO history_assets VALUES (4, 'credit_alphanum4', 'USD', 'GB2QIYT2IAUFMRXKLSLLPRECC6OCOGJMADSPTRK7TGNT2SFR2YGWDARD');
INSERT INTO history_assets VALUES (5, 'credit_alphanum4', 'USD', 'GB6GN3LJUW6JYR7EDOJ47VBH7D45M4JWHXGK6LHJRAEI5JBSN2DBQY7Q');
INSERT INTO history_assets VALUES (6, 'credit_alphanum4', 'USD', 'GBRPYHIL2CI3FNQ4BXLFMNDLFJUNPU2HY3ZMFSHONUCEOASW7QC7OX2H');
INSERT INTO history_assets VALUES (7, 'credit_alphanum4', 'USD', 'GD4SMOE3VPSF7ZR3CTEQ3P5UNTBMEJDA2GLXTHR7MMARANKKJDZ7RPGF');
INSERT INTO history_assets VALUES (8, 'credit_alphanum4', 'EUR', 'GD4SMOE3VPSF7ZR3CTEQ3P5UNTBMEJDA2GLXTHR7MMARANKKJDZ7RPGF');
INSERT INTO history_assets VALUES (9, 'credit_alphanum4', 'USD', 'GCHC4D2CS45CJRNN4QAHT2LFZAJIU5PA7H53K3VOP6WEJ6XWHNSNZKQG');


--
-- Name: history_assets_id_seq; Type: SEQUENCE SET; Schema: public; Owner: -
--

SELECT pg_catalog.setval('history_assets_id_seq', 9, true);


--
-- Data for Name: history_effects; Type: TABLE DATA; Schema: public; Owner: -
--

INSERT INTO history_effects VALUES (2, 12884905985, 1, 0, '{"starting_balance": "1000.0000000"}');
INSERT INTO history_effects VALUES (1, 12884905985, 2, 3, '{"amount": "1000.0000000", "asset_type": "native"}');
INSERT INTO history_effects VALUES (2, 12884905985, 3, 10, '{"weight": 1, "public_key": "GAXI33UCLQTCKM2NMRBS7XYBR535LLEVAHL5YBN4FTCB4HZHT7ZA5CVK"}');
INSERT INTO history_effects VALUES (3, 17179873281, 1, 0, '{"starting_balance": "1000.0000000"}');
INSERT INTO history_effects VALUES (1, 17179873281, 2, 3, '{"amount": "1000.0000000", "asset_type": "native"}');
INSERT INTO history_effects VALUES (3, 17179873281, 3, 10, '{"weight": 1, "public_key": "GDXFAGJCSCI4CK2YHK6YRLA6TKEXFRX7BMGVMQOBMLIEUJRJ5YQNLMIB"}');
INSERT INTO history_effects VALUES (3, 21474840577, 1, 12, '{"weight": 1, "public_key": "GDXFAGJCSCI4CK2YHK6YRLA6TKEXFRX7BMGVMQOBMLIEUJRJ5YQNLMIB"}');
INSERT INTO history_effects VALUES (3, 21474844673, 1, 12, '{"weight": 1, "public_key": "GDXFAGJCSCI4CK2YHK6YRLA6TKEXFRX7BMGVMQOBMLIEUJRJ5YQNLMIB"}');
INSERT INTO history_effects VALUES (3, 21474844673, 2, 10, '{"weight": 1, "public_key": "GD3E7HKMRNT6HGBGHBT6I6JE4N2S4W5KZ246TGJ4KQSXJ2P4BXCUPQMP"}');
INSERT INTO history_effects VALUES (3, 21474848769, 1, 4, '{"low_threshold": 2, "med_threshold": 2, "high_threshold": 2}');
INSERT INTO history_effects VALUES (3, 21474848769, 2, 12, '{"weight": 1, "public_key": "GDXFAGJCSCI4CK2YHK6YRLA6TKEXFRX7BMGVMQOBMLIEUJRJ5YQNLMIB"}');
INSERT INTO history_effects VALUES (3, 21474848769, 3, 12, '{"weight": 1, "public_key": "GD3E7HKMRNT6HGBGHBT6I6JE4N2S4W5KZ246TGJ4KQSXJ2P4BXCUPQMP"}');
INSERT INTO history_effects VALUES (3, 25769807873, 1, 12, '{"weight": 2, "public_key": "GDXFAGJCSCI4CK2YHK6YRLA6TKEXFRX7BMGVMQOBMLIEUJRJ5YQNLMIB"}');
INSERT INTO history_effects VALUES (3, 25769807873, 2, 12, '{"weight": 1, "public_key": "GD3E7HKMRNT6HGBGHBT6I6JE4N2S4W5KZ246TGJ4KQSXJ2P4BXCUPQMP"}');
INSERT INTO history_effects VALUES (4, 30064775169, 1, 0, '{"starting_balance": "1000.0000000"}');
INSERT INTO history_effects VALUES (1, 30064775169, 2, 3, '{"amount": "1000.0000000", "asset_type": "native"}');
INSERT INTO history_effects VALUES (4, 30064775169, 3, 10, '{"weight": 1, "public_key": "GA46VRKBCLI2X6DXLX7AIEVRFLH3UA7XBE3NGNP6O74HQ5LXHMGTV2JB"}');
INSERT INTO history_effects VALUES (1, 34359742465, 1, 2, '{"amount": "1.0000000", "asset_type": "native"}');
INSERT INTO history_effects VALUES (4, 34359742465, 2, 3, '{"amount": "1.0000000", "asset_type": "native"}');
INSERT INTO history_effects VALUES (1, 34359746561, 1, 2, '{"amount": "1.0000000", "asset_type": "native"}');
INSERT INTO history_effects VALUES (4, 34359746561, 2, 3, '{"amount": "1.0000000", "asset_type": "native"}');
INSERT INTO history_effects VALUES (1, 34359750657, 1, 2, '{"amount": "1.0000000", "asset_type": "native"}');
INSERT INTO history_effects VALUES (4, 34359750657, 2, 3, '{"amount": "1.0000000", "asset_type": "native"}');
INSERT INTO history_effects VALUES (1, 34359754753, 1, 2, '{"amount": "1.0000000", "asset_type": "native"}');
INSERT INTO history_effects VALUES (4, 34359754753, 2, 3, '{"amount": "1.0000000", "asset_type": "native"}');
INSERT INTO history_effects VALUES (5, 38654709761, 1, 0, '{"starting_balance": "1000.0000000"}');
INSERT INTO history_effects VALUES (1, 38654709761, 2, 3, '{"amount": "1000.0000000", "asset_type": "native"}');
INSERT INTO history_effects VALUES (5, 38654709761, 3, 10, '{"weight": 1, "public_key": "GAG52TW6QAB6TGNMOTL32Y4M3UQQLNNNHPEHYAIYRP6SFF6ZAVRF5ZQY"}');
INSERT INTO history_effects VALUES (1, 42949677057, 1, 2, '{"amount": "10.0000000", "asset_type": "native"}');
INSERT INTO history_effects VALUES (5, 42949677057, 2, 3, '{"amount": "10.0000000", "asset_type": "native"}');
INSERT INTO history_effects VALUES (1, 42949677058, 1, 2, '{"amount": "10.0000000", "asset_type": "native"}');
INSERT INTO history_effects VALUES (5, 42949677058, 2, 3, '{"amount": "10.0000000", "asset_type": "native"}');
INSERT INTO history_effects VALUES (6, 47244644353, 1, 0, '{"starting_balance": "1000.0000000"}');
INSERT INTO history_effects VALUES (1, 47244644353, 2, 3, '{"amount": "1000.0000000", "asset_type": "native"}');
INSERT INTO history_effects VALUES (6, 47244644353, 3, 10, '{"weight": 1, "public_key": "GDCVTBGSEEU7KLXUMHMSXBALXJ2T4I2KOPXW2S5TRLKDRIAXD5UDHAYO"}');
INSERT INTO history_effects VALUES (7, 51539611649, 1, 0, '{"starting_balance": "50.0000000"}');
INSERT INTO history_effects VALUES (6, 51539611649, 2, 3, '{"amount": "50.0000000", "asset_type": "native"}');
INSERT INTO history_effects VALUES (7, 51539611649, 3, 10, '{"weight": 1, "public_key": "GCB7FPYGLL6RJ37HKRAYW5TAWMFBGGFGM4IM6ERBCZXI2BZ4OOOX2UAY"}');
INSERT INTO history_effects VALUES (8, 55834578945, 1, 0, '{"starting_balance": "1000.0000000"}');
INSERT INTO history_effects VALUES (1, 55834578945, 2, 3, '{"amount": "1000.0000000", "asset_type": "native"}');
INSERT INTO history_effects VALUES (8, 55834578945, 3, 10, '{"weight": 1, "public_key": "GCHC4D2CS45CJRNN4QAHT2LFZAJIU5PA7H53K3VOP6WEJ6XWHNSNZKQG"}');
INSERT INTO history_effects VALUES (9, 55834583041, 1, 0, '{"starting_balance": "1000.0000000"}');
INSERT INTO history_effects VALUES (1, 55834583041, 2, 3, '{"amount": "1000.0000000", "asset_type": "native"}');
INSERT INTO history_effects VALUES (9, 55834583041, 3, 10, '{"weight": 1, "public_key": "GANZGPKY5WSHWG5YOZMNG52GCK5SCJ4YGUWMJJVGZSK2FP4BI2JIJN2C"}');
INSERT INTO history_effects VALUES (9, 60129546241, 1, 2, '{"amount": "10.0000000", "asset_type": "native"}');
INSERT INTO history_effects VALUES (8, 60129546241, 2, 3, '{"amount": "10.0000000", "asset_type": "native"}');
INSERT INTO history_effects VALUES (9, 60129550337, 1, 20, '{"limit": "922337203685.4775807", "asset_code": "USD", "asset_type": "credit_alphanum4", "asset_issuer": "GCHC4D2CS45CJRNN4QAHT2LFZAJIU5PA7H53K3VOP6WEJ6XWHNSNZKQG"}');
INSERT INTO history_effects VALUES (9, 64424513537, 1, 2, '{"amount": "10.0000000", "asset_code": "USD", "asset_type": "credit_alphanum4", "asset_issuer": "GCHC4D2CS45CJRNN4QAHT2LFZAJIU5PA7H53K3VOP6WEJ6XWHNSNZKQG"}');
INSERT INTO history_effects VALUES (8, 64424513537, 2, 3, '{"amount": "10.0000000", "asset_code": "USD", "asset_type": "credit_alphanum4", "asset_issuer": "GCHC4D2CS45CJRNN4QAHT2LFZAJIU5PA7H53K3VOP6WEJ6XWHNSNZKQG"}');
INSERT INTO history_effects VALUES (10, 68719480833, 1, 0, '{"starting_balance": "1000.0000000"}');
INSERT INTO history_effects VALUES (1, 68719480833, 2, 3, '{"amount": "1000.0000000", "asset_type": "native"}');
INSERT INTO history_effects VALUES (10, 68719480833, 3, 10, '{"weight": 1, "public_key": "GDRW375MAYR46ODGF2WGANQC2RRZL7O246DYHHCGWTV2RE7IHE2QUQLD"}');
INSERT INTO history_effects VALUES (11, 68719484929, 1, 0, '{"starting_balance": "1000.0000000"}');
INSERT INTO history_effects VALUES (1, 68719484929, 2, 3, '{"amount": "1000.0000000", "asset_type": "native"}');
INSERT INTO history_effects VALUES (11, 68719484929, 3, 10, '{"weight": 1, "public_key": "GACAR2AEYEKITE2LKI5RMXF5MIVZ6Q7XILROGDT22O7JX4DSWFS7FDDP"}');
INSERT INTO history_effects VALUES (12, 68719489025, 1, 0, '{"starting_balance": "1000.0000000"}');
INSERT INTO history_effects VALUES (1, 68719489025, 2, 3, '{"amount": "1000.0000000", "asset_type": "native"}');
INSERT INTO history_effects VALUES (12, 68719489025, 3, 10, '{"weight": 1, "public_key": "GAXMF43TGZHW3QN3REOUA2U5PW5BTARXGGYJ3JIFHW3YT6QRKRL3CPPU"}');
INSERT INTO history_effects VALUES (11, 73014448129, 1, 20, '{"limit": "922337203685.4775807", "asset_code": "EUR", "asset_type": "credit_alphanum4", "asset_issuer": "GAXMF43TGZHW3QN3REOUA2U5PW5BTARXGGYJ3JIFHW3YT6QRKRL3CPPU"}');
INSERT INTO history_effects VALUES (10, 73014452225, 1, 20, '{"limit": "922337203685.4775807", "asset_code": "USD", "asset_type": "credit_alphanum4", "asset_issuer": "GAXMF43TGZHW3QN3REOUA2U5PW5BTARXGGYJ3JIFHW3YT6QRKRL3CPPU"}');
INSERT INTO history_effects VALUES (10, 77309415425, 1, 2, '{"amount": "100.0000000", "asset_code": "USD", "asset_type": "credit_alphanum4", "asset_issuer": "GAXMF43TGZHW3QN3REOUA2U5PW5BTARXGGYJ3JIFHW3YT6QRKRL3CPPU"}');
INSERT INTO history_effects VALUES (12, 77309415425, 2, 3, '{"amount": "100.0000000", "asset_code": "USD", "asset_type": "credit_alphanum4", "asset_issuer": "GAXMF43TGZHW3QN3REOUA2U5PW5BTARXGGYJ3JIFHW3YT6QRKRL3CPPU"}');
INSERT INTO history_effects VALUES (10, 81604382721, 1, 33, '{"seller": "GAXMF43TGZHW3QN3REOUA2U5PW5BTARXGGYJ3JIFHW3YT6QRKRL3CPPU", "offer_id": 1, "sold_amount": "100.0000000", "bought_amount": "200.0000000", "sold_asset_code": "USD", "sold_asset_type": "credit_alphanum4", "bought_asset_type": "native", "sold_asset_issuer": "GAXMF43TGZHW3QN3REOUA2U5PW5BTARXGGYJ3JIFHW3YT6QRKRL3CPPU"}');
INSERT INTO history_effects VALUES (12, 81604382721, 2, 33, '{"seller": "GDRW375MAYR46ODGF2WGANQC2RRZL7O246DYHHCGWTV2RE7IHE2QUQLD", "offer_id": 1, "sold_amount": "200.0000000", "bought_amount": "100.0000000", "sold_asset_type": "native", "bought_asset_code": "USD", "bought_asset_type": "credit_alphanum4", "bought_asset_issuer": "GAXMF43TGZHW3QN3REOUA2U5PW5BTARXGGYJ3JIFHW3YT6QRKRL3CPPU"}');
INSERT INTO history_effects VALUES (10, 81604382721, 3, 33, '{"seller": "GAXMF43TGZHW3QN3REOUA2U5PW5BTARXGGYJ3JIFHW3YT6QRKRL3CPPU", "offer_id": 2, "sold_amount": "200.0000000", "bought_amount": "200.0000000", "sold_asset_type": "native", "bought_asset_code": "EUR", "bought_asset_type": "credit_alphanum4", "bought_asset_issuer": "GAXMF43TGZHW3QN3REOUA2U5PW5BTARXGGYJ3JIFHW3YT6QRKRL3CPPU"}');
INSERT INTO history_effects VALUES (12, 81604382721, 4, 33, '{"seller": "GDRW375MAYR46ODGF2WGANQC2RRZL7O246DYHHCGWTV2RE7IHE2QUQLD", "offer_id": 2, "sold_amount": "200.0000000", "bought_amount": "200.0000000", "sold_asset_code": "EUR", "sold_asset_type": "credit_alphanum4", "bought_asset_type": "native", "sold_asset_issuer": "GAXMF43TGZHW3QN3REOUA2U5PW5BTARXGGYJ3JIFHW3YT6QRKRL3CPPU"}');
INSERT INTO history_effects VALUES (10, 85899350017, 1, 33, '{"seller": "GAXMF43TGZHW3QN3REOUA2U5PW5BTARXGGYJ3JIFHW3YT6QRKRL3CPPU", "offer_id": 2, "sold_amount": "100.0000000", "bought_amount": "100.0000000", "sold_asset_type": "native", "bought_asset_code": "EUR", "bought_asset_type": "credit_alphanum4", "bought_asset_issuer": "GAXMF43TGZHW3QN3REOUA2U5PW5BTARXGGYJ3JIFHW3YT6QRKRL3CPPU"}');
INSERT INTO history_effects VALUES (12, 85899350017, 2, 33, '{"seller": "GDRW375MAYR46ODGF2WGANQC2RRZL7O246DYHHCGWTV2RE7IHE2QUQLD", "offer_id": 2, "sold_amount": "100.0000000", "bought_amount": "100.0000000", "sold_asset_code": "EUR", "sold_asset_type": "credit_alphanum4", "bought_asset_type": "native", "sold_asset_issuer": "GAXMF43TGZHW3QN3REOUA2U5PW5BTARXGGYJ3JIFHW3YT6QRKRL3CPPU"}');
INSERT INTO history_effects VALUES (13, 90194317313, 1, 0, '{"starting_balance": "1000.0000000"}');
INSERT INTO history_effects VALUES (1, 90194317313, 2, 3, '{"amount": "1000.0000000", "asset_type": "native"}');
INSERT INTO history_effects VALUES (13, 90194317313, 3, 10, '{"weight": 1, "public_key": "GBOK7BOUSOWPHBANBYM6MIRYZJIDIPUYJPXHTHADF75UEVIVYWHHONQC"}');
INSERT INTO history_effects VALUES (14, 90194321409, 1, 0, '{"starting_balance": "1000.0000000"}');
INSERT INTO history_effects VALUES (1, 90194321409, 2, 3, '{"amount": "1000.0000000", "asset_type": "native"}');
INSERT INTO history_effects VALUES (14, 90194321409, 3, 10, '{"weight": 1, "public_key": "GB2QIYT2IAUFMRXKLSLLPRECC6OCOGJMADSPTRK7TGNT2SFR2YGWDARD"}');
INSERT INTO history_effects VALUES (13, 94489284609, 1, 20, '{"limit": "922337203685.4775807", "asset_code": "USD", "asset_type": "credit_alphanum4", "asset_issuer": "GB2QIYT2IAUFMRXKLSLLPRECC6OCOGJMADSPTRK7TGNT2SFR2YGWDARD"}');
INSERT INTO history_effects VALUES (14, 103079219201, 1, 33, '{"seller": "GBOK7BOUSOWPHBANBYM6MIRYZJIDIPUYJPXHTHADF75UEVIVYWHHONQC", "offer_id": 3, "sold_amount": "20.0000000", "bought_amount": "20.0000000", "sold_asset_code": "USD", "sold_asset_type": "credit_alphanum4", "bought_asset_type": "native", "sold_asset_issuer": "GB2QIYT2IAUFMRXKLSLLPRECC6OCOGJMADSPTRK7TGNT2SFR2YGWDARD"}');
INSERT INTO history_effects VALUES (13, 103079219201, 2, 33, '{"seller": "GB2QIYT2IAUFMRXKLSLLPRECC6OCOGJMADSPTRK7TGNT2SFR2YGWDARD", "offer_id": 3, "sold_amount": "20.0000000", "bought_amount": "20.0000000", "sold_asset_type": "native", "bought_asset_code": "USD", "bought_asset_type": "credit_alphanum4", "bought_asset_issuer": "GB2QIYT2IAUFMRXKLSLLPRECC6OCOGJMADSPTRK7TGNT2SFR2YGWDARD"}');
INSERT INTO history_effects VALUES (15, 107374186497, 1, 0, '{"starting_balance": "1000.0000000"}');
INSERT INTO history_effects VALUES (1, 107374186497, 2, 3, '{"amount": "1000.0000000", "asset_type": "native"}');
INSERT INTO history_effects VALUES (15, 107374186497, 3, 10, '{"weight": 1, "public_key": "GB6GN3LJUW6JYR7EDOJ47VBH7D45M4JWHXGK6LHJRAEI5JBSN2DBQY7Q"}');
INSERT INTO history_effects VALUES (16, 115964121089, 1, 0, '{"starting_balance": "1000.0000000"}');
INSERT INTO history_effects VALUES (1, 115964121089, 2, 3, '{"amount": "1000.0000000", "asset_type": "native"}');
INSERT INTO history_effects VALUES (16, 115964121089, 3, 10, '{"weight": 1, "public_key": "GCIFFRQKHMH6JD7CK5OI4XVCYCMNRNF6PYA7JTCR3FPHPJZQTYYFB5ES"}');
INSERT INTO history_effects VALUES (16, 120259088385, 1, 12, '{"weight": 1, "public_key": "GCIFFRQKHMH6JD7CK5OI4XVCYCMNRNF6PYA7JTCR3FPHPJZQTYYFB5ES"}');
INSERT INTO history_effects VALUES (16, 120259092481, 1, 6, '{"auth_required_flag": true}');
INSERT INTO history_effects VALUES (16, 120259092481, 2, 12, '{"weight": 1, "public_key": "GCIFFRQKHMH6JD7CK5OI4XVCYCMNRNF6PYA7JTCR3FPHPJZQTYYFB5ES"}');
INSERT INTO history_effects VALUES (16, 120259096577, 1, 6, '{"auth_revocable_flag": true}');
INSERT INTO history_effects VALUES (16, 120259096577, 2, 12, '{"weight": 1, "public_key": "GCIFFRQKHMH6JD7CK5OI4XVCYCMNRNF6PYA7JTCR3FPHPJZQTYYFB5ES"}');
INSERT INTO history_effects VALUES (16, 120259100673, 1, 12, '{"weight": 2, "public_key": "GCIFFRQKHMH6JD7CK5OI4XVCYCMNRNF6PYA7JTCR3FPHPJZQTYYFB5ES"}');
INSERT INTO history_effects VALUES (16, 120259104769, 1, 4, '{"low_threshold": 0, "med_threshold": 2, "high_threshold": 2}');
INSERT INTO history_effects VALUES (16, 120259104769, 2, 12, '{"weight": 2, "public_key": "GCIFFRQKHMH6JD7CK5OI4XVCYCMNRNF6PYA7JTCR3FPHPJZQTYYFB5ES"}');
INSERT INTO history_effects VALUES (16, 120259108865, 1, 5, '{"home_domain": "example.com"}');
INSERT INTO history_effects VALUES (16, 120259108865, 2, 12, '{"weight": 2, "public_key": "GCIFFRQKHMH6JD7CK5OI4XVCYCMNRNF6PYA7JTCR3FPHPJZQTYYFB5ES"}');
INSERT INTO history_effects VALUES (16, 120259112961, 1, 12, '{"weight": 2, "public_key": "GCIFFRQKHMH6JD7CK5OI4XVCYCMNRNF6PYA7JTCR3FPHPJZQTYYFB5ES"}');
INSERT INTO history_effects VALUES (16, 120259112961, 2, 10, '{"weight": 1, "public_key": "GB6J3WOLKYQE6KVDZEA4JDMFTTONUYP3PUHNDNZRWIKA6JQWIMJZATFE"}');
INSERT INTO history_effects VALUES (16, 124554055681, 1, 12, '{"weight": 1, "public_key": "GB6J3WOLKYQE6KVDZEA4JDMFTTONUYP3PUHNDNZRWIKA6JQWIMJZATFE"}');
INSERT INTO history_effects VALUES (16, 124554055681, 2, 12, '{"weight": 2, "public_key": "GCIFFRQKHMH6JD7CK5OI4XVCYCMNRNF6PYA7JTCR3FPHPJZQTYYFB5ES"}');
INSERT INTO history_effects VALUES (16, 128849022977, 1, 12, '{"weight": 2, "public_key": "GCIFFRQKHMH6JD7CK5OI4XVCYCMNRNF6PYA7JTCR3FPHPJZQTYYFB5ES"}');
INSERT INTO history_effects VALUES (16, 128849022977, 2, 12, '{"weight": 1, "public_key": "GB6J3WOLKYQE6KVDZEA4JDMFTTONUYP3PUHNDNZRWIKA6JQWIMJZATFE"}');
INSERT INTO history_effects VALUES (16, 133143990273, 1, 12, '{"weight": 2, "public_key": "GCIFFRQKHMH6JD7CK5OI4XVCYCMNRNF6PYA7JTCR3FPHPJZQTYYFB5ES"}');
INSERT INTO history_effects VALUES (16, 133143990273, 2, 12, '{"weight": 5, "public_key": "GB6J3WOLKYQE6KVDZEA4JDMFTTONUYP3PUHNDNZRWIKA6JQWIMJZATFE"}');
INSERT INTO history_effects VALUES (16, 137438957569, 1, 6, '{"auth_required_flag": false, "auth_revocable_flag": false}');
INSERT INTO history_effects VALUES (16, 137438957569, 2, 12, '{"weight": 2, "public_key": "GCIFFRQKHMH6JD7CK5OI4XVCYCMNRNF6PYA7JTCR3FPHPJZQTYYFB5ES"}');
INSERT INTO history_effects VALUES (16, 137438957569, 3, 12, '{"weight": 5, "public_key": "GB6J3WOLKYQE6KVDZEA4JDMFTTONUYP3PUHNDNZRWIKA6JQWIMJZATFE"}');
INSERT INTO history_effects VALUES (16, 137438961665, 1, 12, '{"weight": 2, "public_key": "GCIFFRQKHMH6JD7CK5OI4XVCYCMNRNF6PYA7JTCR3FPHPJZQTYYFB5ES"}');
INSERT INTO history_effects VALUES (16, 137438961665, 2, 11, '{"public_key": "GB6J3WOLKYQE6KVDZEA4JDMFTTONUYP3PUHNDNZRWIKA6JQWIMJZATFE"}');
INSERT INTO history_effects VALUES (17, 141733924865, 1, 0, '{"starting_balance": "1000.0000000"}');
INSERT INTO history_effects VALUES (1, 141733924865, 2, 3, '{"amount": "1000.0000000", "asset_type": "native"}');
INSERT INTO history_effects VALUES (17, 141733924865, 3, 10, '{"weight": 1, "public_key": "GCJKJXPKBFIHOO3455WXWG5CDBZXQNYFRRGICYMPUQ35CPQ4WVS3KZLG"}');
INSERT INTO history_effects VALUES (17, 146028892161, 1, 20, '{"limit": "922337203685.4775807", "asset_code": "USD", "asset_type": "credit_alphanum4", "asset_issuer": "GBRPYHIL2CI3FNQ4BXLFMNDLFJUNPU2HY3ZMFSHONUCEOASW7QC7OX2H"}');
INSERT INTO history_effects VALUES (17, 150323859457, 1, 22, '{"limit": "100.0000000", "asset_code": "USD", "asset_type": "credit_alphanum4", "asset_issuer": "GBRPYHIL2CI3FNQ4BXLFMNDLFJUNPU2HY3ZMFSHONUCEOASW7QC7OX2H"}');
INSERT INTO history_effects VALUES (17, 154618826753, 1, 22, '{"limit": "100.0000000", "asset_code": "USD", "asset_type": "credit_alphanum4", "asset_issuer": "GBRPYHIL2CI3FNQ4BXLFMNDLFJUNPU2HY3ZMFSHONUCEOASW7QC7OX2H"}');
INSERT INTO history_effects VALUES (17, 158913794049, 1, 21, '{"limit": "0.0000000", "asset_code": "USD", "asset_type": "credit_alphanum4", "asset_issuer": "GBRPYHIL2CI3FNQ4BXLFMNDLFJUNPU2HY3ZMFSHONUCEOASW7QC7OX2H"}');
INSERT INTO history_effects VALUES (18, 163208761345, 1, 0, '{"starting_balance": "1000.0000000"}');
INSERT INTO history_effects VALUES (1, 163208761345, 2, 3, '{"amount": "1000.0000000", "asset_type": "native"}');
INSERT INTO history_effects VALUES (18, 163208761345, 3, 10, '{"weight": 1, "public_key": "GCVW5LCRZFP7PENXTAGOVIQXADDNUXXZJCNKF4VQB2IK7W2LPJWF73UG"}');
INSERT INTO history_effects VALUES (19, 163208765441, 1, 0, '{"starting_balance": "1000.0000000"}');
INSERT INTO history_effects VALUES (1, 163208765441, 2, 3, '{"amount": "1000.0000000", "asset_type": "native"}');
INSERT INTO history_effects VALUES (19, 163208765441, 3, 10, '{"weight": 1, "public_key": "GD4SMOE3VPSF7ZR3CTEQ3P5UNTBMEJDA2GLXTHR7MMARANKKJDZ7RPGF"}');
INSERT INTO history_effects VALUES (19, 167503728641, 1, 6, '{"auth_required_flag": true, "auth_revocable_flag": true}');
INSERT INTO history_effects VALUES (19, 167503728641, 2, 12, '{"weight": 1, "public_key": "GD4SMOE3VPSF7ZR3CTEQ3P5UNTBMEJDA2GLXTHR7MMARANKKJDZ7RPGF"}');
INSERT INTO history_effects VALUES (18, 171798695937, 1, 20, '{"limit": "922337203685.4775807", "asset_code": "USD", "asset_type": "credit_alphanum4", "asset_issuer": "GD4SMOE3VPSF7ZR3CTEQ3P5UNTBMEJDA2GLXTHR7MMARANKKJDZ7RPGF"}');
INSERT INTO history_effects VALUES (18, 171798700033, 1, 20, '{"limit": "922337203685.4775807", "asset_code": "EUR", "asset_type": "credit_alphanum4", "asset_issuer": "GD4SMOE3VPSF7ZR3CTEQ3P5UNTBMEJDA2GLXTHR7MMARANKKJDZ7RPGF"}');
INSERT INTO history_effects VALUES (19, 176093663233, 1, 23, '{"trustor": "GCVW5LCRZFP7PENXTAGOVIQXADDNUXXZJCNKF4VQB2IK7W2LPJWF73UG", "asset_code": "USD", "asset_type": "credit_alphanum4", "asset_issuer": "GD4SMOE3VPSF7ZR3CTEQ3P5UNTBMEJDA2GLXTHR7MMARANKKJDZ7RPGF"}');
INSERT INTO history_effects VALUES (19, 176093667329, 1, 23, '{"trustor": "GCVW5LCRZFP7PENXTAGOVIQXADDNUXXZJCNKF4VQB2IK7W2LPJWF73UG", "asset_code": "EUR", "asset_type": "credit_alphanum4", "asset_issuer": "GD4SMOE3VPSF7ZR3CTEQ3P5UNTBMEJDA2GLXTHR7MMARANKKJDZ7RPGF"}');
INSERT INTO history_effects VALUES (19, 180388630529, 1, 24, '{"trustor": "GCVW5LCRZFP7PENXTAGOVIQXADDNUXXZJCNKF4VQB2IK7W2LPJWF73UG", "asset_code": "EUR", "asset_type": "credit_alphanum4", "asset_issuer": "GD4SMOE3VPSF7ZR3CTEQ3P5UNTBMEJDA2GLXTHR7MMARANKKJDZ7RPGF"}');
INSERT INTO history_effects VALUES (20, 184683597825, 1, 0, '{"starting_balance": "1000.0000000"}');
INSERT INTO history_effects VALUES (1, 184683597825, 2, 3, '{"amount": "1000.0000000", "asset_type": "native"}');
INSERT INTO history_effects VALUES (20, 184683597825, 3, 10, '{"weight": 1, "public_key": "GCHPXGVDKPF5KT4CNAT7X77OXYZ7YVE4JHKFDUHCGCVWCL4K4PQ67KKZ"}');
INSERT INTO history_effects VALUES (20, 188978565121, 1, 3, '{"amount": "999.9999900", "asset_type": "native"}');
INSERT INTO history_effects VALUES (1, 188978565121, 2, 2, '{"amount": "999.9999900", "asset_type": "native"}');
INSERT INTO history_effects VALUES (20, 188978565121, 3, 1, '{}');
INSERT INTO history_effects VALUES (21, 193273532417, 1, 0, '{"starting_balance": "20000000000.0000000"}');
INSERT INTO history_effects VALUES (1, 193273532417, 2, 3, '{"amount": "20000000000.0000000", "asset_type": "native"}');
INSERT INTO history_effects VALUES (21, 193273532417, 3, 10, '{"weight": 1, "public_key": "GDR53WAEIKOU3ZKN34CSHAWH7HV6K63CBJRUTWUDBFSMY7RRQK3SPKOS"}');
INSERT INTO history_effects VALUES (1, 197568499713, 1, 12, '{"weight": 1, "public_key": "GBRPYHIL2CI3FNQ4BXLFMNDLFJUNPU2HY3ZMFSHONUCEOASW7QC7OX2H"}');
INSERT INTO history_effects VALUES (21, 197568503809, 1, 12, '{"weight": 1, "public_key": "GDR53WAEIKOU3ZKN34CSHAWH7HV6K63CBJRUTWUDBFSMY7RRQK3SPKOS"}');
INSERT INTO history_effects VALUES (1, 201863467009, 1, 2, '{"amount": "15257676.9536092", "asset_type": "native"}');
INSERT INTO history_effects VALUES (21, 201863467009, 2, 2, '{"amount": "3814420.0001419", "asset_type": "native"}');
INSERT INTO history_effects VALUES (22, 206158434305, 1, 0, '{"starting_balance": "1000.0000000"}');
INSERT INTO history_effects VALUES (1, 206158434305, 2, 3, '{"amount": "1000.0000000", "asset_type": "native"}');
INSERT INTO history_effects VALUES (22, 206158434305, 3, 10, '{"weight": 1, "public_key": "GAYSCMKQY6EYLXOPTT6JPPOXDMVNBWITPTSZIVWW4LWARVBOTH5RTLAD"}');
INSERT INTO history_effects VALUES (22, 210453401601, 1, 40, '{"name": "name1", "value": "MTIzNA=="}');
INSERT INTO history_effects VALUES (22, 210453405697, 1, 40, '{"name": "name2", "value": "NTY3OA=="}');
INSERT INTO history_effects VALUES (22, 210453409793, 1, 40, '{"name": "name ", "value": "aXRzIGdvdCBzcGFjZXMh"}');
INSERT INTO history_effects VALUES (22, 214748368897, 1, 41, '{"name": "name2"}');
INSERT INTO history_effects VALUES (22, 219043336193, 1, 42, '{"name": "name1", "value": "MTIzNA=="}');
INSERT INTO history_effects VALUES (22, 223338303489, 1, 42, '{"name": "name1", "value": "MDAwMA=="}');
INSERT INTO history_effects VALUES (23, 227633270785, 1, 0, '{"starting_balance": "1000.0000000"}');
INSERT INTO history_effects VALUES (1, 227633270785, 2, 3, '{"amount": "1000.0000000", "asset_type": "native"}');
INSERT INTO history_effects VALUES (23, 227633270785, 3, 10, '{"weight": 1, "public_key": "GACJPE4YUR22VP4CM2BDFDAHY3DLEF3H7NENKUQ53DT5TEI2GAHT5N4X"}');
INSERT INTO history_effects VALUES (23, 231928238081, 1, 2, '{"amount": "10.0000000", "asset_type": "native"}');
INSERT INTO history_effects VALUES (1, 231928238081, 2, 3, '{"amount": "10.0000000", "asset_type": "native"}');
INSERT INTO history_effects VALUES (1, 231928238082, 1, 2, '{"amount": "10.0000000", "asset_type": "native"}');
INSERT INTO history_effects VALUES (23, 231928238082, 2, 3, '{"amount": "10.0000000", "asset_type": "native"}');
INSERT INTO history_effects VALUES (24, 236223205377, 1, 0, '{"starting_balance": "1000.0000000"}');
INSERT INTO history_effects VALUES (1, 236223205377, 2, 3, '{"amount": "1000.0000000", "asset_type": "native"}');
INSERT INTO history_effects VALUES (24, 236223205377, 3, 10, '{"weight": 1, "public_key": "GANFZDRBCNTUXIODCJEYMACPMCSZEVE4WZGZ3CZDZ3P2SXK4KH75IK6Y"}');
INSERT INTO history_effects VALUES (24, 240518172673, 1, 2, '{"amount": "10.0000000", "asset_type": "native"}');
INSERT INTO history_effects VALUES (24, 240518172673, 2, 3, '{"amount": "10.0000000", "asset_type": "native"}');


--
-- Data for Name: history_ledgers; Type: TABLE DATA; Schema: public; Owner: -
--

INSERT INTO history_ledgers VALUES (1, '63d98f536ee68d1b27b5b89f23af5311b7569a24faf1403ad0b52b633b07be99', NULL, 0, 0, '1970-01-01 00:00:00', '2018-02-13 23:42:36.168808', '2018-02-13 23:42:36.168808', 4294967296, 11, 1000000000000000000, 0, 100, 100000000, 100, 0, 'AAAAAAAAAAAAAAAAAAAAAAAAAAAAAAAAAAAAAAAAAAAAAAAAAAAAAAAAAAAAAAAAAAAAAAAAAAAAAAAAAAAAAAAAAAAAAAAAAAAAAAAAAAAAAAAAAAAAAAAAAAAAAAAAAAAAAAAAAAAAAAAAAAAAAAAAAABXKi4y/ySKB7DnD9H20xjB+s0gtswIwz1XdSWYaBJaFgAAAAEN4Lazp2QAAAAAAAAAAAAAAAAAAAAAAAAAAAAAAAAAZAX14QAAAABkAAAAAAAAAAAAAAAAAAAAAAAAAAAAAAAAAAAAAAAAAAAAAAAAAAAAAAAAAAAAAAAAAAAAAAAAAAAAAAAAAAAAAAAAAAAAAAAAAAAAAAAAAAAAAAAAAAAAAAAAAAAAAAAAAAAAAAAAAAAAAAAAAAAAAAAAAAAAAAAAAAAAAAAAAAAAAAAA');
INSERT INTO history_ledgers VALUES (2, '3714c40e6e4db113b8d4278bb82a6f207f5127f4ff05aeab29228f277d5ac29f', '63d98f536ee68d1b27b5b89f23af5311b7569a24faf1403ad0b52b633b07be99', 0, 0, '2018-02-13 23:42:32', '2018-02-13 23:42:36.179083', '2018-02-13 23:42:36.179083', 8589934592, 11, 1000000000000000000, 0, 100, 100000000, 10000, 9, 'AAAACWPZj1Nu5o0bJ7W4nyOvUxG3Vpok+vFAOtC1K2M7B76ZuZRHr9UdXKbTKiclfOjy72YZFJUkJPVcKT5htvorm1QAAAAAWoN36AAAAAIAAAAIAAAAAQAAAAkAAAAIAAAAAwAAJxAAAAAA3z9hmASpL9tAVxktxD3XSOp3itxSvEmM6AUkwBS4ERlzUiftOYRhKRI3aHsIRGqiybCW4MmKRi2t2lafBd0khAAAAAIN4Lazp2QAAAAAAAAAAAAAAAAAAAAAAAAAAAAAAAAAZAX14QAAACcQAAAAAAAAAAAAAAAAAAAAAAAAAAAAAAAAAAAAAAAAAAAAAAAAAAAAAAAAAAAAAAAAAAAAAAAAAAAAAAAAAAAAAAAAAAAAAAAAAAAAAAAAAAAAAAAAAAAAAAAAAAAAAAAAAAAAAAAAAAAAAAAAAAAAAAAAAAAAAAAAAAAAAAAAAAAAAAAA');
INSERT INTO history_ledgers VALUES (3, 'd23247a36465ceedce625c2b68ad141822960d7f4a2e23ce27c2055d40c401f4', '3714c40e6e4db113b8d4278bb82a6f207f5127f4ff05aeab29228f277d5ac29f', 1, 1, '2018-02-13 23:42:33', '2018-02-13 23:42:36.188718', '2018-02-13 23:42:36.188718', 12884901888, 11, 1000000000000000000, 100, 100, 100000000, 10000, 9, 'AAAACTcUxA5uTbETuNQni7gqbyB/USf0/wWuqykijyd9WsKfn5ShkvVGq+bSNNMgvb75e96c0TNVtkyMo2G6miPLvgIAAAAAWoN36QAAAAAAAAAAZTJXylqAKscpSC5cC1USBOQW1Z3eZDL/jbC3qM+wVn4gFSwM9WpNYFJUPrfG1APVqUslWvOmemnf5cN9eaG2MgAAAAMN4Lazp2QAAAAAAAAAAABkAAAAAAAAAAAAAAAAAAAAZAX14QAAACcQAAAAAAAAAAAAAAAAAAAAAAAAAAAAAAAAAAAAAAAAAAAAAAAAAAAAAAAAAAAAAAAAAAAAAAAAAAAAAAAAAAAAAAAAAAAAAAAAAAAAAAAAAAAAAAAAAAAAAAAAAAAAAAAAAAAAAAAAAAAAAAAAAAAAAAAAAAAAAAAAAAAAAAAAAAAAAAAA');
INSERT INTO history_ledgers VALUES (4, 'c80d6e3081ca19450da88e0ebf39d8373f70f03ae94ecb88981380d5bc65692c', 'd23247a36465ceedce625c2b68ad141822960d7f4a2e23ce27c2055d40c401f4', 1, 1, '2018-02-13 23:42:34', '2018-02-13 23:42:36.199959', '2018-02-13 23:42:36.199959', 17179869184, 11, 1000000000000000000, 200, 100, 100000000, 10000, 9, 'AAAACdIyR6NkZc7tzmJcK2itFBgilg1/Si4jzifCBV1AxAH0fwGmg2g6F9hdo26nXvmW4wZCNazJoYujEnGuwKT1gswAAAAAWoN36gAAAAAAAAAAI8FeHEzJ0/4FO8/NG/43wTEny1CW/vcH2jcrQkzbbciL5dFDwycg7QMlpvNQ/jkf1N5EFLGCJpnvV5DuWj+4MAAAAAQN4Lazp2QAAAAAAAAAAADIAAAAAAAAAAAAAAAAAAAAZAX14QAAACcQAAAAAAAAAAAAAAAAAAAAAAAAAAAAAAAAAAAAAAAAAAAAAAAAAAAAAAAAAAAAAAAAAAAAAAAAAAAAAAAAAAAAAAAAAAAAAAAAAAAAAAAAAAAAAAAAAAAAAAAAAAAAAAAAAAAAAAAAAAAAAAAAAAAAAAAAAAAAAAAAAAAAAAAAAAAAAAAA');
INSERT INTO history_ledgers VALUES (5, 'c9c435e5a7280bb3e1eb877452c72013127ab83ab61f312ff24c54c6181747e8', 'c80d6e3081ca19450da88e0ebf39d8373f70f03ae94ecb88981380d5bc65692c', 3, 3, '2018-02-13 23:42:35', '2018-02-13 23:42:36.208732', '2018-02-13 23:42:36.208732', 21474836480, 11, 1000000000000000000, 500, 100, 100000000, 10000, 9, 'AAAACcgNbjCByhlFDaiODr852Dc/cPA66U7LiJgTgNW8ZWkshdRqfr6FayXYj28UlMSWWcqEmT+UZZiu6DB24C/jaaEAAAAAWoN36wAAAAAAAAAAk6vO/KRxwZ0ynJMMrKUpOSf5WhbdkNk0LIO/zZxB+qdYx94ZQ5TeWL1QU/AlBLQ8iMv0FS72OW5B0/nU+96UAgAAAAUN4Lazp2QAAAAAAAAAAAH0AAAAAAAAAAAAAAAAAAAAZAX14QAAACcQAAAAAAAAAAAAAAAAAAAAAAAAAAAAAAAAAAAAAAAAAAAAAAAAAAAAAAAAAAAAAAAAAAAAAAAAAAAAAAAAAAAAAAAAAAAAAAAAAAAAAAAAAAAAAAAAAAAAAAAAAAAAAAAAAAAAAAAAAAAAAAAAAAAAAAAAAAAAAAAAAAAAAAAAAAAAAAAA');
INSERT INTO history_ledgers VALUES (6, 'a27cd8e2366e1e38f5e05603b5d24efbea8b1907e5711c77cd0919025e60043f', 'c9c435e5a7280bb3e1eb877452c72013127ab83ab61f312ff24c54c6181747e8', 1, 1, '2018-02-13 23:42:36', '2018-02-13 23:42:36.220717', '2018-02-13 23:42:36.220717', 25769803776, 11, 1000000000000000000, 600, 100, 100000000, 10000, 9, 'AAAACcnENeWnKAuz4euHdFLHIBMSerg6th8xL/JMVMYYF0foFWhUbqS/L+9XnLL7LaCpJIt//uBfaFCRI8Gvo48ADp0AAAAAWoN37AAAAAAAAAAAN8Q2AtCCsel4HIsK4udqXyLQqcraGjcAHVSUN815grGo9iE9wro7xas5fV8vs97BvI6tRUROFkxYR5WicZaT5AAAAAYN4Lazp2QAAAAAAAAAAAJYAAAAAAAAAAAAAAAAAAAAZAX14QAAACcQAAAAAAAAAAAAAAAAAAAAAAAAAAAAAAAAAAAAAAAAAAAAAAAAAAAAAAAAAAAAAAAAAAAAAAAAAAAAAAAAAAAAAAAAAAAAAAAAAAAAAAAAAAAAAAAAAAAAAAAAAAAAAAAAAAAAAAAAAAAAAAAAAAAAAAAAAAAAAAAAAAAAAAAAAAAAAAAA');
INSERT INTO history_ledgers VALUES (7, '9868bf5f7c06cef4818b95769f16bcc0cb51c00baf49ecfd91967c078dde14fe', 'a27cd8e2366e1e38f5e05603b5d24efbea8b1907e5711c77cd0919025e60043f', 1, 1, '2018-02-13 23:42:37', '2018-02-13 23:42:36.228187', '2018-02-13 23:42:36.228187', 30064771072, 11, 1000000000000000000, 700, 100, 100000000, 10000, 9, 'AAAACaJ82OI2bh449eBWA7XSTvvqixkH5XEcd80JGQJeYAQ/eoIzT4aYKmBNmswavzeeE7aBw1Jjs6Y0wOc4HCOqoUsAAAAAWoN37QAAAAAAAAAAk5HOQp3TCIyOUj8VmNGrhs2C+IXj942pn3qPVIAXXx7SYiQnuuOMXkYOu+Ls0tPBUGKgVbJvJIQkvgcN7or9jAAAAAcN4Lazp2QAAAAAAAAAAAK8AAAAAAAAAAAAAAAAAAAAZAX14QAAACcQAAAAAAAAAAAAAAAAAAAAAAAAAAAAAAAAAAAAAAAAAAAAAAAAAAAAAAAAAAAAAAAAAAAAAAAAAAAAAAAAAAAAAAAAAAAAAAAAAAAAAAAAAAAAAAAAAAAAAAAAAAAAAAAAAAAAAAAAAAAAAAAAAAAAAAAAAAAAAAAAAAAAAAAAAAAAAAAA');
INSERT INTO history_ledgers VALUES (8, '0b809044dbc56ab4134e5df17d18502e87bb0fed8d93f14d9d60f3aaf93cf4ac', '9868bf5f7c06cef4818b95769f16bcc0cb51c00baf49ecfd91967c078dde14fe', 4, 4, '2018-02-13 23:42:38', '2018-02-13 23:42:36.236865', '2018-02-13 23:42:36.236865', 34359738368, 11, 1000000000000000000, 1100, 100, 100000000, 10000, 9, 'AAAACZhov198Bs70gYuVdp8WvMDLUcALr0ns/ZGWfAeN3hT+80zlDqEtFQqAyDAaAvrNtle4eUIswVrL2dDDZl+gO6gAAAAAWoN37gAAAAAAAAAA5fh0DRZ+OfeA4iH3GTMbG6cqJGEx0qC57216HbTwQPWYa1fL1rgMCIzlsEYF3mb/tjVT2AHsDDCyUWvtNpf7bAAAAAgN4Lazp2QAAAAAAAAAAARMAAAAAAAAAAAAAAAAAAAAZAX14QAAACcQAAAAAAAAAAAAAAAAAAAAAAAAAAAAAAAAAAAAAAAAAAAAAAAAAAAAAAAAAAAAAAAAAAAAAAAAAAAAAAAAAAAAAAAAAAAAAAAAAAAAAAAAAAAAAAAAAAAAAAAAAAAAAAAAAAAAAAAAAAAAAAAAAAAAAAAAAAAAAAAAAAAAAAAAAAAAAAAA');
INSERT INTO history_ledgers VALUES (9, '83ac465141beb58c90c4030d0e77ab4bd6c4eb860f3b6e0ceac9bb23a7c1b1f7', '0b809044dbc56ab4134e5df17d18502e87bb0fed8d93f14d9d60f3aaf93cf4ac', 1, 1, '2018-02-13 23:42:39', '2018-02-13 23:42:36.24924', '2018-02-13 23:42:36.24924', 38654705664, 11, 1000000000000000000, 1200, 100, 100000000, 10000, 9, 'AAAACQuAkETbxWq0E05d8X0YUC6Huw/tjZPxTZ1g86r5PPSs30+MNKxWsoRcUGsxTQVszoHb6r5xo7NS/ssINTdnew0AAAAAWoN37wAAAAAAAAAAbXQLWug2IZ2G4RnwUrCTvIwO6TMpu21+S2UXhqLKWTHROlVoca9PYgUutaiHqQ8qb7UoluBPZoy7TvindGuhKAAAAAkN4Lazp2QAAAAAAAAAAASwAAAAAAAAAAAAAAAAAAAAZAX14QAAACcQAAAAAAAAAAAAAAAAAAAAAAAAAAAAAAAAAAAAAAAAAAAAAAAAAAAAAAAAAAAAAAAAAAAAAAAAAAAAAAAAAAAAAAAAAAAAAAAAAAAAAAAAAAAAAAAAAAAAAAAAAAAAAAAAAAAAAAAAAAAAAAAAAAAAAAAAAAAAAAAAAAAAAAAAAAAAAAAA');
INSERT INTO history_ledgers VALUES (10, 'c6c36f13e397788fe8830f9a996cb43d25d8c4c1a67569b3bee914ad7911c309', '83ac465141beb58c90c4030d0e77ab4bd6c4eb860f3b6e0ceac9bb23a7c1b1f7', 1, 2, '2018-02-13 23:42:40', '2018-02-13 23:42:36.255067', '2018-02-13 23:42:36.255067', 42949672960, 11, 1000000000000000000, 1400, 100, 100000000, 10000, 9, 'AAAACYOsRlFBvrWMkMQDDQ53q0vWxOuGDztuDOrJuyOnwbH3Fbp1lXrI9YnPARUIw3+gbwI032Db0yMK0WyE1IFd5VsAAAAAWoN38AAAAAAAAAAA9+jjsWK6v6g0OYMFxTo1+Yogi2yDSjXhJ86N1AxJOvFjHO6xvdWBK7rm0fRHPEcyuZMV1s4CUJfiv/Oe84b59wAAAAoN4Lazp2QAAAAAAAAAAAV4AAAAAAAAAAAAAAAAAAAAZAX14QAAACcQAAAAAAAAAAAAAAAAAAAAAAAAAAAAAAAAAAAAAAAAAAAAAAAAAAAAAAAAAAAAAAAAAAAAAAAAAAAAAAAAAAAAAAAAAAAAAAAAAAAAAAAAAAAAAAAAAAAAAAAAAAAAAAAAAAAAAAAAAAAAAAAAAAAAAAAAAAAAAAAAAAAAAAAAAAAAAAAA');
INSERT INTO history_ledgers VALUES (11, 'cc17aaa8ee75c06ba2fcebac9027567f37c31649d264c43d8c19a89bc233c654', 'c6c36f13e397788fe8830f9a996cb43d25d8c4c1a67569b3bee914ad7911c309', 1, 1, '2018-02-13 23:42:41', '2018-02-13 23:42:36.260871', '2018-02-13 23:42:36.260871', 47244640256, 11, 1000000000000000000, 1500, 100, 100000000, 10000, 9, 'AAAACcbDbxPjl3iP6IMPmplstD0l2MTBpnVps77pFK15EcMJakVNv7epk3F+XgwNQ523ROD6ZfCwsLhaps1qEE4FuMsAAAAAWoN38QAAAAAAAAAApIxpaTPANJS3XftGXFSYrEJ0MhfN6GN1Oe5+YEP6099fHVs66NmJiKZCrMFSgVbEs9hauAy9A0vajVvVIcVfiAAAAAsN4Lazp2QAAAAAAAAAAAXcAAAAAAAAAAAAAAAAAAAAZAX14QAAACcQAAAAAAAAAAAAAAAAAAAAAAAAAAAAAAAAAAAAAAAAAAAAAAAAAAAAAAAAAAAAAAAAAAAAAAAAAAAAAAAAAAAAAAAAAAAAAAAAAAAAAAAAAAAAAAAAAAAAAAAAAAAAAAAAAAAAAAAAAAAAAAAAAAAAAAAAAAAAAAAAAAAAAAAAAAAAAAAA');
INSERT INTO history_ledgers VALUES (12, '275fb699c146b399fd3a134d754d99f4460b741d18f8010ed73ce8baac442f22', 'cc17aaa8ee75c06ba2fcebac9027567f37c31649d264c43d8c19a89bc233c654', 1, 1, '2018-02-13 23:42:42', '2018-02-13 23:42:36.265908', '2018-02-13 23:42:36.265908', 51539607552, 11, 1000000000000000000, 1600, 100, 100000000, 10000, 9, 'AAAACcwXqqjudcBrovzrrJAnVn83wxZJ0mTEPYwZqJvCM8ZUXPpCTETK+g8g6T6+renACMtTXWsvxz1JnNe5JkPewIYAAAAAWoN38gAAAAAAAAAAc4P3o+BJiJvXXIfj/eVQPF1RRIrnE2nfX0a4J7WFySplspV80wPfY9q8zAMt73jRTTjLU26zAYzZHhlniMEEkgAAAAwN4Lazp2QAAAAAAAAAAAZAAAAAAAAAAAAAAAAAAAAAZAX14QAAACcQAAAAAAAAAAAAAAAAAAAAAAAAAAAAAAAAAAAAAAAAAAAAAAAAAAAAAAAAAAAAAAAAAAAAAAAAAAAAAAAAAAAAAAAAAAAAAAAAAAAAAAAAAAAAAAAAAAAAAAAAAAAAAAAAAAAAAAAAAAAAAAAAAAAAAAAAAAAAAAAAAAAAAAAAAAAAAAAA');
INSERT INTO history_ledgers VALUES (13, 'c4ac1fb451bc7207431e68fcbacdef4a20011a8cb482825ad302d8d41889ddd1', '275fb699c146b399fd3a134d754d99f4460b741d18f8010ed73ce8baac442f22', 2, 2, '2018-02-13 23:42:43', '2018-02-13 23:42:36.270913', '2018-02-13 23:42:36.270913', 55834574848, 11, 1000000000000000000, 1800, 100, 100000000, 10000, 9, 'AAAACSdftpnBRrOZ/ToTTXVNmfRGC3QdGPgBDtc86LqsRC8iCmlY+1NOF+eeJn5glOrKweLytkp6M8dVYXW5KFpEYWIAAAAAWoN38wAAAAAAAAAAFkWUNyF+w67R5n+HgDNebl5snV2YlBsz3xLTqBMQsQGX/H1I0kCIIV/UScdNmwAcHxSLACPJz+wTtbR7RfzzqAAAAA0N4Lazp2QAAAAAAAAAAAcIAAAAAAAAAAAAAAAAAAAAZAX14QAAACcQAAAAAAAAAAAAAAAAAAAAAAAAAAAAAAAAAAAAAAAAAAAAAAAAAAAAAAAAAAAAAAAAAAAAAAAAAAAAAAAAAAAAAAAAAAAAAAAAAAAAAAAAAAAAAAAAAAAAAAAAAAAAAAAAAAAAAAAAAAAAAAAAAAAAAAAAAAAAAAAAAAAAAAAAAAAAAAAA');
INSERT INTO history_ledgers VALUES (14, '086eb7fb933db65c83bb48330662b89ffacc355d345e4a8d1b32ef3a71f33ccf', 'c4ac1fb451bc7207431e68fcbacdef4a20011a8cb482825ad302d8d41889ddd1', 2, 2, '2018-02-13 23:42:44', '2018-02-13 23:42:36.278093', '2018-02-13 23:42:36.278093', 60129542144, 11, 1000000000000000000, 2000, 100, 100000000, 10000, 9, 'AAAACcSsH7RRvHIHQx5o/LrN70ogARqMtIKCWtMC2NQYid3RuF+YjwwKuvecDeZg6HInKt80c8AisXSXsoVybTyADhoAAAAAWoN39AAAAAAAAAAAl8eMbvLJtOBoTCvorlEKxO6gpnsCesjn+1C1/HG0v1oKhkwf2WmpSVEJvZDPX4aHatmY485wpMr60x7js8vTjAAAAA4N4Lazp2QAAAAAAAAAAAfQAAAAAAAAAAAAAAAAAAAAZAX14QAAACcQAAAAAAAAAAAAAAAAAAAAAAAAAAAAAAAAAAAAAAAAAAAAAAAAAAAAAAAAAAAAAAAAAAAAAAAAAAAAAAAAAAAAAAAAAAAAAAAAAAAAAAAAAAAAAAAAAAAAAAAAAAAAAAAAAAAAAAAAAAAAAAAAAAAAAAAAAAAAAAAAAAAAAAAAAAAAAAAA');
INSERT INTO history_ledgers VALUES (15, '72413fe876f1be963e6a4ce4391092e1d0a5445ce9d6e3fb875cd79eb5ce320c', '086eb7fb933db65c83bb48330662b89ffacc355d345e4a8d1b32ef3a71f33ccf', 1, 1, '2018-02-13 23:42:45', '2018-02-13 23:42:36.28378', '2018-02-13 23:42:36.28378', 64424509440, 11, 1000000000000000000, 2100, 100, 100000000, 10000, 9, 'AAAACQhut/uTPbZcg7tIMwZiuJ/6zDVdNF5KjRsy7zpx8zzPK/PE8KnAtlpNtDy6h9vyZSmP+aBuSE6wfEzunlHPsxwAAAAAWoN39QAAAAAAAAAAUsjUlWJzXzXDGEu7ZX8NM4G3hXMJgTqm1o4qvEMfb6G//7dox0K18+TYWCROJcgQm42Um7IP2NnrYUWJbGcRJQAAAA8N4Lazp2QAAAAAAAAAAAg0AAAAAAAAAAAAAAAAAAAAZAX14QAAACcQAAAAAAAAAAAAAAAAAAAAAAAAAAAAAAAAAAAAAAAAAAAAAAAAAAAAAAAAAAAAAAAAAAAAAAAAAAAAAAAAAAAAAAAAAAAAAAAAAAAAAAAAAAAAAAAAAAAAAAAAAAAAAAAAAAAAAAAAAAAAAAAAAAAAAAAAAAAAAAAAAAAAAAAAAAAAAAAA');
INSERT INTO history_ledgers VALUES (16, '4b11380a28ed0ee6d422b1a3091df0f9db34a5c58e16883782789738690e701a', '72413fe876f1be963e6a4ce4391092e1d0a5445ce9d6e3fb875cd79eb5ce320c', 3, 3, '2018-02-13 23:42:46', '2018-02-13 23:42:36.288529', '2018-02-13 23:42:36.288529', 68719476736, 11, 1000000000000000000, 2400, 100, 100000000, 10000, 9, 'AAAACXJBP+h28b6WPmpM5DkQkuHQpURc6dbj+4dc1561zjIMjdTrMzZXysUFrCKzHOkyhs4zX0w0v0rH/LXvb64VnpIAAAAAWoN39gAAAAAAAAAAYKou7BkPtQtmD4O54/TToUgBAVUCmCl/O+9Tgq2hNHxFvqqfLYK9qlAZkLGFIhRljYambJOYbb5j6/Ipx9LZlQAAABAN4Lazp2QAAAAAAAAAAAlgAAAAAAAAAAAAAAAAAAAAZAX14QAAACcQAAAAAAAAAAAAAAAAAAAAAAAAAAAAAAAAAAAAAAAAAAAAAAAAAAAAAAAAAAAAAAAAAAAAAAAAAAAAAAAAAAAAAAAAAAAAAAAAAAAAAAAAAAAAAAAAAAAAAAAAAAAAAAAAAAAAAAAAAAAAAAAAAAAAAAAAAAAAAAAAAAAAAAAAAAAAAAAA');
INSERT INTO history_ledgers VALUES (17, '3af004165faa9c895f38189df3e66ed442e429c5f162942158e719918f39bbe8', '4b11380a28ed0ee6d422b1a3091df0f9db34a5c58e16883782789738690e701a', 2, 2, '2018-02-13 23:42:47', '2018-02-13 23:42:36.298322', '2018-02-13 23:42:36.298322', 73014444032, 11, 1000000000000000000, 2600, 100, 100000000, 10000, 9, 'AAAACUsROAoo7Q7m1CKxowkd8PnbNKXFjhaIN4J4lzhpDnAaB12TJ0XaHK1shcDwTSBKxsXwV4rTFaxC5ba121Ud6PkAAAAAWoN39wAAAAAAAAAA8821W9f/r6q/bLds+e3rCse8WUssMPs3M2xtYAWTt2VvgU7sNXGoKI8CE3q2bn7ugd3SLoc1HZZjDEhnapu/wgAAABEN4Lazp2QAAAAAAAAAAAooAAAAAAAAAAAAAAAAAAAAZAX14QAAACcQAAAAAAAAAAAAAAAAAAAAAAAAAAAAAAAAAAAAAAAAAAAAAAAAAAAAAAAAAAAAAAAAAAAAAAAAAAAAAAAAAAAAAAAAAAAAAAAAAAAAAAAAAAAAAAAAAAAAAAAAAAAAAAAAAAAAAAAAAAAAAAAAAAAAAAAAAAAAAAAAAAAAAAAAAAAAAAAA');
INSERT INTO history_ledgers VALUES (18, 'c204430023b8c970d81571c72f08531c755a66fb9073ba72782ed5167090fddf', '3af004165faa9c895f38189df3e66ed442e429c5f162942158e719918f39bbe8', 3, 3, '2018-02-13 23:42:48', '2018-02-13 23:42:36.304022', '2018-02-13 23:42:36.304022', 77309411328, 11, 1000000000000000000, 2900, 100, 100000000, 10000, 9, 'AAAACTrwBBZfqpyJXzgYnfPmbtRC5CnF8WKUIVjnGZGPObvoQz1pbH9jy35rImkSl9uVo3JWYZn3cASHig58KyhaU8sAAAAAWoN3+AAAAAAAAAAANKxyAMoyM/gn59hBYzLxbU28Wbix3QHy7s086vpSY4ccjKqlpSNLisGVFt9h2CjgZ+DS0F07PZDTEReBhKp2NwAAABIN4Lazp2QAAAAAAAAAAAtUAAAAAAAAAAAAAAACAAAAZAX14QAAACcQAAAAAAAAAAAAAAAAAAAAAAAAAAAAAAAAAAAAAAAAAAAAAAAAAAAAAAAAAAAAAAAAAAAAAAAAAAAAAAAAAAAAAAAAAAAAAAAAAAAAAAAAAAAAAAAAAAAAAAAAAAAAAAAAAAAAAAAAAAAAAAAAAAAAAAAAAAAAAAAAAAAAAAAAAAAAAAAA');
INSERT INTO history_ledgers VALUES (19, '9799d8fcf9b582fb6d30b3eb47d76d7239f1a67201d0d7b2f2881502925330d1', 'c204430023b8c970d81571c72f08531c755a66fb9073ba72782ed5167090fddf', 1, 1, '2018-02-13 23:42:49', '2018-02-13 23:42:36.310813', '2018-02-13 23:42:36.310813', 81604378624, 11, 1000000000000000000, 3000, 100, 100000000, 10000, 9, 'AAAACcIEQwAjuMlw2BVxxy8IUxx1Wmb7kHO6cngu1RZwkP3f0n0ZkW0lHiAriRC52oD7lJ4foS5Ho745WBF3iRUcmGkAAAAAWoN3+QAAAAAAAAAAYzC64fmWjZOtqE4JjsKqwerdnzN6ywnJSvdsDWFPcu25idtB18gEFQqYKFTEXjrT5GF+bM/+d54TkXSH0Z3MJAAAABMN4Lazp2QAAAAAAAAAAAu4AAAAAAAAAAAAAAACAAAAZAX14QAAACcQAAAAAAAAAAAAAAAAAAAAAAAAAAAAAAAAAAAAAAAAAAAAAAAAAAAAAAAAAAAAAAAAAAAAAAAAAAAAAAAAAAAAAAAAAAAAAAAAAAAAAAAAAAAAAAAAAAAAAAAAAAAAAAAAAAAAAAAAAAAAAAAAAAAAAAAAAAAAAAAAAAAAAAAAAAAAAAAA');
INSERT INTO history_ledgers VALUES (20, 'e25f77c00cbd8775dae1747bdd40fbf8144e4dfe3f99d172e6fc9c00f269b6b7', '9799d8fcf9b582fb6d30b3eb47d76d7239f1a67201d0d7b2f2881502925330d1', 1, 1, '2018-02-13 23:42:50', '2018-02-13 23:42:36.31906', '2018-02-13 23:42:36.31906', 85899345920, 11, 1000000000000000000, 3100, 100, 100000000, 10000, 9, 'AAAACZeZ2Pz5tYL7bTCz60fXbXI58aZyAdDXsvKIFQKSUzDRTrz3CNf7KJSTtCLL2HYpUAiB3nDXwlrUuZpgB0kIZhQAAAAAWoN3+gAAAAAAAAAAx/hxaEW2XNJB3iDf23eYfGcwcQ862pSt7OJ6FF108IYpltsBA0GUIiweTtZBYqRLn6SNs6Kptn6saA3IVJ3icAAAABQN4Lazp2QAAAAAAAAAAAwcAAAAAAAAAAAAAAACAAAAZAX14QAAACcQAAAAAAAAAAAAAAAAAAAAAAAAAAAAAAAAAAAAAAAAAAAAAAAAAAAAAAAAAAAAAAAAAAAAAAAAAAAAAAAAAAAAAAAAAAAAAAAAAAAAAAAAAAAAAAAAAAAAAAAAAAAAAAAAAAAAAAAAAAAAAAAAAAAAAAAAAAAAAAAAAAAAAAAAAAAAAAAA');
INSERT INTO history_ledgers VALUES (21, '470c16993992657d19b0a9d2a79244b1d54b854cbbc74941cdcea72b23520b48', 'e25f77c00cbd8775dae1747bdd40fbf8144e4dfe3f99d172e6fc9c00f269b6b7', 2, 2, '2018-02-13 23:42:51', '2018-02-13 23:42:36.325039', '2018-02-13 23:42:36.325039', 90194313216, 11, 1000000000000000000, 3300, 100, 100000000, 10000, 9, 'AAAACeJfd8AMvYd12uF0e91A+/gUTk3+P5nRcub8nADyaba31KHJ8XlGm5xftftd0kalrQSNYChuxMHMvZm/QZJAI7QAAAAAWoN3+wAAAAAAAAAA3LAnNjSwmLo474ojoHgysfkXmeeBIXdgWbyOJwbnsx8ZJmWZNntdS2fPFZi7tNuEXXWU+7VoyRDVCA9pHAl5vAAAABUN4Lazp2QAAAAAAAAAAAzkAAAAAAAAAAAAAAACAAAAZAX14QAAACcQAAAAAAAAAAAAAAAAAAAAAAAAAAAAAAAAAAAAAAAAAAAAAAAAAAAAAAAAAAAAAAAAAAAAAAAAAAAAAAAAAAAAAAAAAAAAAAAAAAAAAAAAAAAAAAAAAAAAAAAAAAAAAAAAAAAAAAAAAAAAAAAAAAAAAAAAAAAAAAAAAAAAAAAAAAAAAAAA');
INSERT INTO history_ledgers VALUES (22, '413ec86cbdac574b290c667006a972dce46a9bcd61d5e2fdefdbf6ddd6e411f0', '470c16993992657d19b0a9d2a79244b1d54b854cbbc74941cdcea72b23520b48', 1, 1, '2018-02-13 23:42:52', '2018-02-13 23:42:36.332318', '2018-02-13 23:42:36.332319', 94489280512, 11, 1000000000000000000, 3400, 100, 100000000, 10000, 9, 'AAAACUcMFpk5kmV9GbCp0qeSRLHVS4VMu8dJQc3OpysjUgtI6HHuYiAlqdHou6bZeyTFVBo5A9csLelK4l7MOxC3h6wAAAAAWoN3/AAAAAAAAAAA0AMiyT4CyDLLvayS0AmP97hen9j1rkIsoYeN0iQrjuqp9RnZfXs/TdXjkW1tr/0xRDjuwt2h9MoHfrYalhNVxQAAABYN4Lazp2QAAAAAAAAAAA1IAAAAAAAAAAAAAAACAAAAZAX14QAAACcQAAAAAAAAAAAAAAAAAAAAAAAAAAAAAAAAAAAAAAAAAAAAAAAAAAAAAAAAAAAAAAAAAAAAAAAAAAAAAAAAAAAAAAAAAAAAAAAAAAAAAAAAAAAAAAAAAAAAAAAAAAAAAAAAAAAAAAAAAAAAAAAAAAAAAAAAAAAAAAAAAAAAAAAAAAAAAAAA');
INSERT INTO history_ledgers VALUES (23, '98dba41b78caa8eeec02e821f1fdc164abe128b4114ae3f1fa344f2c26055331', '413ec86cbdac574b290c667006a972dce46a9bcd61d5e2fdefdbf6ddd6e411f0', 1, 1, '2018-02-13 23:42:53', '2018-02-13 23:42:36.336549', '2018-02-13 23:42:36.336549', 98784247808, 11, 1000000000000000000, 3500, 100, 100000000, 10000, 9, 'AAAACUE+yGy9rFdLKQxmcAapctzkapvNYdXi/e/b9t3W5BHwOMTf+Jsx0aEfDbEKwEJTX8TAWqVBv8Adl73bS9VF6oYAAAAAWoN3/QAAAAAAAAAAeu6ZLz++eOyW3/HPY616v+oF2X756WCT8G93ApdHifqD02ARZNql1JQwtjdUFxVGwPDuR+/xBfGU6dZNf/ssRQAAABcN4Lazp2QAAAAAAAAAAA2sAAAAAAAAAAAAAAADAAAAZAX14QAAACcQAAAAAAAAAAAAAAAAAAAAAAAAAAAAAAAAAAAAAAAAAAAAAAAAAAAAAAAAAAAAAAAAAAAAAAAAAAAAAAAAAAAAAAAAAAAAAAAAAAAAAAAAAAAAAAAAAAAAAAAAAAAAAAAAAAAAAAAAAAAAAAAAAAAAAAAAAAAAAAAAAAAAAAAAAAAAAAAA');
INSERT INTO history_ledgers VALUES (24, 'ebde2a1c379a079b83ee5b5831e399d868e2f044519792311900544a1b1243b4', '98dba41b78caa8eeec02e821f1fdc164abe128b4114ae3f1fa344f2c26055331', 1, 1, '2018-02-13 23:42:54', '2018-02-13 23:42:36.341181', '2018-02-13 23:42:36.341181', 103079215104, 11, 1000000000000000000, 3600, 100, 100000000, 10000, 9, 'AAAACZjbpBt4yqju7ALoIfH9wWSr4Si0EUrj8fo0TywmBVMxYwaavPyHQhNppHe5qswyNkMzXAV1n2bSHAiG1UsW3AIAAAAAWoN3/gAAAAAAAAAA1ziHajubDrj1Iu5EQ8YZB24Czm29AJPdaJnsX3+A+fXJPvpoveDHuVZ8/hGi0csLGmz+SEMMF5Uo8wLNoSqAEAAAABgN4Lazp2QAAAAAAAAAAA4QAAAAAAAAAAAAAAAEAAAAZAX14QAAACcQAAAAAAAAAAAAAAAAAAAAAAAAAAAAAAAAAAAAAAAAAAAAAAAAAAAAAAAAAAAAAAAAAAAAAAAAAAAAAAAAAAAAAAAAAAAAAAAAAAAAAAAAAAAAAAAAAAAAAAAAAAAAAAAAAAAAAAAAAAAAAAAAAAAAAAAAAAAAAAAAAAAAAAAAAAAAAAAA');
INSERT INTO history_ledgers VALUES (25, '6407d0da07ab8480c0adaeda3e3962c5a9ecb826321bd76863992d051191bcdb', 'ebde2a1c379a079b83ee5b5831e399d868e2f044519792311900544a1b1243b4', 1, 1, '2018-02-13 23:42:55', '2018-02-13 23:42:36.346933', '2018-02-13 23:42:36.346933', 107374182400, 11, 1000000000000000000, 3700, 100, 100000000, 10000, 9, 'AAAACeveKhw3mgebg+5bWDHjmdho4vBEUZeSMRkAVEobEkO0G6FXNq7H7cTiBfnYiQANyZ7vMqea5InQAMP6dxrZJ/oAAAAAWoN3/wAAAAAAAAAAM9gLVDvjwMuVZ+njRjvvMxlhodRg/VJpuapiCb0y9SA4OIo4ghUcE4GhK6hjWPznnjgWD6ob0CCscM1KXPjzrwAAABkN4Lazp2QAAAAAAAAAAA50AAAAAAAAAAAAAAAEAAAAZAX14QAAACcQAAAAAAAAAAAAAAAAAAAAAAAAAAAAAAAAAAAAAAAAAAAAAAAAAAAAAAAAAAAAAAAAAAAAAAAAAAAAAAAAAAAAAAAAAAAAAAAAAAAAAAAAAAAAAAAAAAAAAAAAAAAAAAAAAAAAAAAAAAAAAAAAAAAAAAAAAAAAAAAAAAAAAAAAAAAAAAAA');
INSERT INTO history_ledgers VALUES (26, 'a1b6637426715219e4cb1a3577567bd53ac232c5d5cfa156ac4d7b83289bf04d', '6407d0da07ab8480c0adaeda3e3962c5a9ecb826321bd76863992d051191bcdb', 2, 2, '2018-02-13 23:42:56', '2018-02-13 23:42:36.351807', '2018-02-13 23:42:36.351807', 111669149696, 11, 1000000000000000000, 3900, 100, 100000000, 10000, 9, 'AAAACWQH0NoHq4SAwK2u2j45YsWp7LgmMhvXaGOZLQURkbzbyq5g1qC87q/WkM9/AKjFve1IVJ7HL6+AdxbpCqX6XWcAAAAAWoN4AAAAAAAAAAAAGTKcjd5tsclF3P+ptDiMdUWp83tuYF+zlADp+X+gt+eBXdoYi9pj+zdzQrXfTGvG3vst/x/K5GUM4oMNZfiK5gAAABoN4Lazp2QAAAAAAAAAAA88AAAAAAAAAAAAAAAGAAAAZAX14QAAACcQAAAAAAAAAAAAAAAAAAAAAAAAAAAAAAAAAAAAAAAAAAAAAAAAAAAAAAAAAAAAAAAAAAAAAAAAAAAAAAAAAAAAAAAAAAAAAAAAAAAAAAAAAAAAAAAAAAAAAAAAAAAAAAAAAAAAAAAAAAAAAAAAAAAAAAAAAAAAAAAAAAAAAAAAAAAAAAAA');
INSERT INTO history_ledgers VALUES (27, 'ba0dbcbbfeff5c88b59753dfd7ea43380e300662297939aeb05c2e3951db3a7e', 'a1b6637426715219e4cb1a3577567bd53ac232c5d5cfa156ac4d7b83289bf04d', 1, 1, '2018-02-13 23:42:57', '2018-02-13 23:42:36.356315', '2018-02-13 23:42:36.356315', 115964116992, 11, 1000000000000000000, 4000, 100, 100000000, 10000, 9, 'AAAACaG2Y3QmcVIZ5MsaNXdWe9U6wjLF1c+hVqxNe4Mom/BNQq5A82FNGsAI/LUKD3jXuD2eRi9bccOC0DXcji9z6koAAAAAWoN4AQAAAAAAAAAAkpeXdNXfmh1EnUjCYIMebdzV8PlgCe6J6eJq8Mb4SXbxw3VxTk+0brXcoztGEbVG+5PvwQXJ8+sXk5iiYPcIZAAAABsN4Lazp2QAAAAAAAAAAA+gAAAAAAAAAAAAAAAGAAAAZAX14QAAACcQAAAAAAAAAAAAAAAAAAAAAAAAAAAAAAAAAAAAAAAAAAAAAAAAAAAAAAAAAAAAAAAAAAAAAAAAAAAAAAAAAAAAAAAAAAAAAAAAAAAAAAAAAAAAAAAAAAAAAAAAAAAAAAAAAAAAAAAAAAAAAAAAAAAAAAAAAAAAAAAAAAAAAAAAAAAAAAAA');
INSERT INTO history_ledgers VALUES (28, '46914b379eff6908ad1f3dc3a7f7fcf367691cc8f514019e2e477efee23fdd53', 'ba0dbcbbfeff5c88b59753dfd7ea43380e300662297939aeb05c2e3951db3a7e', 7, 7, '2018-02-13 23:42:58', '2018-02-13 23:42:36.361688', '2018-02-13 23:42:36.361688', 120259084288, 11, 1000000000000000000, 4700, 100, 100000000, 10000, 9, 'AAAACboNvLv+/1yItZdT39fqQzgOMAZiKXk5rrBcLjlR2zp+sHh5Z/qIbpsPsBmqrYMUk3ISfJ+hgAUWv6yGe9pYEAcAAAAAWoN4AgAAAAAAAAAAdQ/T4yJNKn9hiJoTuxDsNbd9ibRWf2hNHJhsiqBKWD0Bel+yD8oIviYjVLOtav+OOy0muajB+SCZ4xWPH6ktGgAAABwN4Lazp2QAAAAAAAAAABJcAAAAAAAAAAAAAAAGAAAAZAX14QAAACcQAAAAAAAAAAAAAAAAAAAAAAAAAAAAAAAAAAAAAAAAAAAAAAAAAAAAAAAAAAAAAAAAAAAAAAAAAAAAAAAAAAAAAAAAAAAAAAAAAAAAAAAAAAAAAAAAAAAAAAAAAAAAAAAAAAAAAAAAAAAAAAAAAAAAAAAAAAAAAAAAAAAAAAAAAAAAAAAA');
INSERT INTO history_ledgers VALUES (29, '837b80d87eea6232f36c7cd3ec6a77103905fc27585782ca78135ea42f09cef7', '46914b379eff6908ad1f3dc3a7f7fcf367691cc8f514019e2e477efee23fdd53', 1, 1, '2018-02-13 23:42:59', '2018-02-13 23:42:36.372708', '2018-02-13 23:42:36.372708', 124554051584, 11, 1000000000000000000, 4800, 100, 100000000, 10000, 9, 'AAAACUaRSzee/2kIrR89w6f3/PNnaRzI9RQBni5Hfv7iP91TSwzCV3H5vxoRWGt0OilDC/vTXpPMbpBNMLh07lgFMf0AAAAAWoN4AwAAAAAAAAAAbaCD4RbfEqSrI+qpIyzzUU+bYYMJsRw3pHcmHwQrvaB3nJCt2BtVwjwWEanui2Km90hNj6KC8WiEN/GG87KCTQAAAB0N4Lazp2QAAAAAAAAAABLAAAAAAAAAAAAAAAAGAAAAZAX14QAAACcQAAAAAAAAAAAAAAAAAAAAAAAAAAAAAAAAAAAAAAAAAAAAAAAAAAAAAAAAAAAAAAAAAAAAAAAAAAAAAAAAAAAAAAAAAAAAAAAAAAAAAAAAAAAAAAAAAAAAAAAAAAAAAAAAAAAAAAAAAAAAAAAAAAAAAAAAAAAAAAAAAAAAAAAAAAAAAAAA');
INSERT INTO history_ledgers VALUES (30, '33f9f2d9b0662d579fd0c67a9be2a59b3404dae2e9b94c12359bc42c9e61637e', '837b80d87eea6232f36c7cd3ec6a77103905fc27585782ca78135ea42f09cef7', 1, 1, '2018-02-13 23:43:00', '2018-02-13 23:42:36.377103', '2018-02-13 23:42:36.377103', 128849018880, 11, 1000000000000000000, 4900, 100, 100000000, 10000, 9, 'AAAACYN7gNh+6mIy82x80+xqdxA5BfwnWFeCyngTXqQvCc73juJijzv+X3Juz5qlD2Gg71ONM8Qv1g2muRZ0DE8sUV4AAAAAWoN4BAAAAAAAAAAA1jXLaoK/IOqKNVkib2cNLrjlETHXpZlcJ4BFYO8bM3me1zjPI+GZ7gD8eqjmFPzv/OqDAeid069iW1/vP1TxnQAAAB4N4Lazp2QAAAAAAAAAABMkAAAAAAAAAAAAAAAGAAAAZAX14QAAACcQAAAAAAAAAAAAAAAAAAAAAAAAAAAAAAAAAAAAAAAAAAAAAAAAAAAAAAAAAAAAAAAAAAAAAAAAAAAAAAAAAAAAAAAAAAAAAAAAAAAAAAAAAAAAAAAAAAAAAAAAAAAAAAAAAAAAAAAAAAAAAAAAAAAAAAAAAAAAAAAAAAAAAAAAAAAAAAAA');
INSERT INTO history_ledgers VALUES (31, '014109bfd2b09c3ca0d3bccf197ea0e60b5e9dbd3f4db3e05e60cfc04352b32a', '33f9f2d9b0662d579fd0c67a9be2a59b3404dae2e9b94c12359bc42c9e61637e', 1, 1, '2018-02-13 23:43:01', '2018-02-13 23:42:36.381408', '2018-02-13 23:42:36.381408', 133143986176, 11, 1000000000000000000, 5000, 100, 100000000, 10000, 9, 'AAAACTP58tmwZi1Xn9DGepvipZs0BNri6blMEjWbxCyeYWN+GNxh+uIPl8bG7OSiIdoSwPd/Qga8y3G/1dzlDG9OskAAAAAAWoN4BQAAAAAAAAAA8GmZ2mhGWPCcWAd1pU9SBJXfejtD7FOEoLD6oFsTOv5b2dMdEZA8IcKbu76QkHK3cxiyg0zyKh1O4A49b9xwwwAAAB8N4Lazp2QAAAAAAAAAABOIAAAAAAAAAAAAAAAGAAAAZAX14QAAACcQAAAAAAAAAAAAAAAAAAAAAAAAAAAAAAAAAAAAAAAAAAAAAAAAAAAAAAAAAAAAAAAAAAAAAAAAAAAAAAAAAAAAAAAAAAAAAAAAAAAAAAAAAAAAAAAAAAAAAAAAAAAAAAAAAAAAAAAAAAAAAAAAAAAAAAAAAAAAAAAAAAAAAAAAAAAAAAAA');
INSERT INTO history_ledgers VALUES (32, 'c2f36e0064a315d74d7a09b2032fb9f3ad97f2ffe2ee28b3564c70a89de92335', '014109bfd2b09c3ca0d3bccf197ea0e60b5e9dbd3f4db3e05e60cfc04352b32a', 2, 2, '2018-02-13 23:43:02', '2018-02-13 23:42:36.38611', '2018-02-13 23:42:36.38611', 137438953472, 11, 1000000000000000000, 5200, 100, 100000000, 10000, 9, 'AAAACQFBCb/SsJw8oNO8zxl+oOYLXp29P02z4F5gz8BDUrMqgRsAwWPosvsnuJ6Q0jx+2iuXxN+zayT1SwulF4pnoBUAAAAAWoN4BgAAAAAAAAAA2zD57d2oUw2L6murtm/oe2Dj6FuzBXnVm7l7HoDsMUys5hy89i1nfRpH+iRbhf4j9yRKn0C6dKtPAaEftTDlMAAAACAN4Lazp2QAAAAAAAAAABRQAAAAAAAAAAAAAAAGAAAAZAX14QAAACcQAAAAAAAAAAAAAAAAAAAAAAAAAAAAAAAAAAAAAAAAAAAAAAAAAAAAAAAAAAAAAAAAAAAAAAAAAAAAAAAAAAAAAAAAAAAAAAAAAAAAAAAAAAAAAAAAAAAAAAAAAAAAAAAAAAAAAAAAAAAAAAAAAAAAAAAAAAAAAAAAAAAAAAAAAAAAAAAA');
INSERT INTO history_ledgers VALUES (33, '5dab83ce1bb02d779a1b12cdb347477c2ab07e80d4dd55c5edb744fd6c6ac8d5', 'c2f36e0064a315d74d7a09b2032fb9f3ad97f2ffe2ee28b3564c70a89de92335', 1, 1, '2018-02-13 23:43:03', '2018-02-13 23:42:36.392313', '2018-02-13 23:42:36.392313', 141733920768, 11, 1000000000000000000, 5300, 100, 100000000, 10000, 9, 'AAAACcLzbgBkoxXXTXoJsgMvufOtl/L/4u4os1ZMcKid6SM1aP2rcflTk5v+JYTmoWcec1AoarfW+kAwXsluJ2T68f4AAAAAWoN4BwAAAAAAAAAAHdP8tBBtpeyL899tLPnNdaqUoHRWmHKjK8mobr412wHggF1PJMtFnBxvbjUy//j0zAu1Y9EKDmITbptcXj70XgAAACEN4Lazp2QAAAAAAAAAABS0AAAAAAAAAAAAAAAGAAAAZAX14QAAACcQAAAAAAAAAAAAAAAAAAAAAAAAAAAAAAAAAAAAAAAAAAAAAAAAAAAAAAAAAAAAAAAAAAAAAAAAAAAAAAAAAAAAAAAAAAAAAAAAAAAAAAAAAAAAAAAAAAAAAAAAAAAAAAAAAAAAAAAAAAAAAAAAAAAAAAAAAAAAAAAAAAAAAAAAAAAAAAAA');
INSERT INTO history_ledgers VALUES (34, '4fa6cbd0922afc20c65d33e62b9214ebcafc26e7fc511aa418b53077838a120f', '5dab83ce1bb02d779a1b12cdb347477c2ab07e80d4dd55c5edb744fd6c6ac8d5', 1, 1, '2018-02-13 23:43:04', '2018-02-13 23:42:36.397482', '2018-02-13 23:42:36.397482', 146028888064, 11, 1000000000000000000, 5400, 100, 100000000, 10000, 9, 'AAAACV2rg84bsC13mhsSzbNHR3wqsH6A1N1Vxe23RP1sasjVTChvI4/yD0P3SmQ9zhcAImZdKVhNMVDak6etsRUw7lkAAAAAWoN4CAAAAAAAAAAA/bE+PeQRbcMvSIfQyaXSWXEgzB7abwreNVQeYYIhwia+zyPMscaNoeb3m1JB0H/UxvCY3Ly8Xbj9l5A2dty7pwAAACIN4Lazp2QAAAAAAAAAABUYAAAAAAAAAAAAAAAGAAAAZAX14QAAACcQAAAAAAAAAAAAAAAAAAAAAAAAAAAAAAAAAAAAAAAAAAAAAAAAAAAAAAAAAAAAAAAAAAAAAAAAAAAAAAAAAAAAAAAAAAAAAAAAAAAAAAAAAAAAAAAAAAAAAAAAAAAAAAAAAAAAAAAAAAAAAAAAAAAAAAAAAAAAAAAAAAAAAAAAAAAAAAAA');
INSERT INTO history_ledgers VALUES (35, '296e856437778607f4fd996c87af4cfda5473af8b5237250b631cc990d208b08', '4fa6cbd0922afc20c65d33e62b9214ebcafc26e7fc511aa418b53077838a120f', 1, 1, '2018-02-13 23:43:05', '2018-02-13 23:42:36.401663', '2018-02-13 23:42:36.401663', 150323855360, 11, 1000000000000000000, 5500, 100, 100000000, 10000, 9, 'AAAACU+my9CSKvwgxl0z5iuSFOvK/Cbn/FEapBi1MHeDihIP9+hlXyznuBUXLi80j4fEXXk0D0MYe3bgtQlVrBoznbYAAAAAWoN4CQAAAAAAAAAAU3lWP9fTSJmRnN7PpNBaZaYziGh9Xk2I2lyAgYUdNsyrIwvTOUmHgGUgIDcvzFu+EOn4D2j+UKpTa6pCzHFyIgAAACMN4Lazp2QAAAAAAAAAABV8AAAAAAAAAAAAAAAGAAAAZAX14QAAACcQAAAAAAAAAAAAAAAAAAAAAAAAAAAAAAAAAAAAAAAAAAAAAAAAAAAAAAAAAAAAAAAAAAAAAAAAAAAAAAAAAAAAAAAAAAAAAAAAAAAAAAAAAAAAAAAAAAAAAAAAAAAAAAAAAAAAAAAAAAAAAAAAAAAAAAAAAAAAAAAAAAAAAAAAAAAAAAAA');
INSERT INTO history_ledgers VALUES (36, '9a8cfe67f9f135294675a841698aa8bdda70dc308df6cdbc0dd401aa9fe31be0', '296e856437778607f4fd996c87af4cfda5473af8b5237250b631cc990d208b08', 1, 1, '2018-02-13 23:43:06', '2018-02-13 23:42:36.40556', '2018-02-13 23:42:36.40556', 154618822656, 11, 1000000000000000000, 5600, 100, 100000000, 10000, 9, 'AAAACSluhWQ3d4YH9P2ZbIevTP2lRzr4tSNyULYxzJkNIIsIfhfp2Suisiuzr2qO9wQdcUqY1yVqERlyD8BKiV8YXcsAAAAAWoN4CgAAAAAAAAAADx7u3Tt890DDCAY2PUo3lKiU3M3nylcrqmvMlFLS+fG1/oKWBBB6jLnRos0hfuBfJlESSGOvKSX8ml7s7r6v3QAAACQN4Lazp2QAAAAAAAAAABXgAAAAAAAAAAAAAAAGAAAAZAX14QAAACcQAAAAAAAAAAAAAAAAAAAAAAAAAAAAAAAAAAAAAAAAAAAAAAAAAAAAAAAAAAAAAAAAAAAAAAAAAAAAAAAAAAAAAAAAAAAAAAAAAAAAAAAAAAAAAAAAAAAAAAAAAAAAAAAAAAAAAAAAAAAAAAAAAAAAAAAAAAAAAAAAAAAAAAAAAAAAAAAA');
INSERT INTO history_ledgers VALUES (37, '86ce62e128161b82cebab373d227134ea6fe6b5809bafae95fe54b340aa7c0c1', '9a8cfe67f9f135294675a841698aa8bdda70dc308df6cdbc0dd401aa9fe31be0', 1, 1, '2018-02-13 23:43:07', '2018-02-13 23:42:36.409798', '2018-02-13 23:42:36.409798', 158913789952, 11, 1000000000000000000, 5700, 100, 100000000, 10000, 9, 'AAAACZqM/mf58TUpRnWoQWmKqL3acNwwjfbNvA3UAaqf4xvgjubb+uXYp8DUX6/XR1atRV/DuttB31wp2YN3NzGwtkYAAAAAWoN4CwAAAAAAAAAAPORbuvHNNFfsSSmddqmUP8Fk8iW9Jb1yQL/uEyYGc2vBqjSm/S/WTB1xaClH27tR8UP2J0yvcELpVrPiySmCGAAAACUN4Lazp2QAAAAAAAAAABZEAAAAAAAAAAAAAAAGAAAAZAX14QAAACcQAAAAAAAAAAAAAAAAAAAAAAAAAAAAAAAAAAAAAAAAAAAAAAAAAAAAAAAAAAAAAAAAAAAAAAAAAAAAAAAAAAAAAAAAAAAAAAAAAAAAAAAAAAAAAAAAAAAAAAAAAAAAAAAAAAAAAAAAAAAAAAAAAAAAAAAAAAAAAAAAAAAAAAAAAAAAAAAA');
INSERT INTO history_ledgers VALUES (38, 'f77429f4202f8050877e10f4e5588c2c922f934d45d23e9b7e6c76d3c52c6ecb', '86ce62e128161b82cebab373d227134ea6fe6b5809bafae95fe54b340aa7c0c1', 2, 2, '2018-02-13 23:43:08', '2018-02-13 23:42:36.413957', '2018-02-13 23:42:36.413957', 163208757248, 11, 1000000000000000000, 5900, 100, 100000000, 10000, 9, 'AAAACYbOYuEoFhuCzrqzc9InE06m/mtYCbr66V/lSzQKp8DBZBLXSyZNaVmQvMEtdXGOCBGCPgkKT54CHZpo6MFAMeQAAAAAWoN4DAAAAAAAAAAAN/+dCsXSVcipJLX5fSVl/dtD8pFe+iZnfnNZ2g7vXj/cWNMK0qmSsGuPfC+uel55U84tsBEVWx5RrKcGshiBYgAAACYN4Lazp2QAAAAAAAAAABcMAAAAAAAAAAAAAAAGAAAAZAX14QAAACcQAAAAAAAAAAAAAAAAAAAAAAAAAAAAAAAAAAAAAAAAAAAAAAAAAAAAAAAAAAAAAAAAAAAAAAAAAAAAAAAAAAAAAAAAAAAAAAAAAAAAAAAAAAAAAAAAAAAAAAAAAAAAAAAAAAAAAAAAAAAAAAAAAAAAAAAAAAAAAAAAAAAAAAAAAAAAAAAA');
INSERT INTO history_ledgers VALUES (39, '8cbf62e7b71365deedd24f2b76a21c526a5471f1abec6aa05f4bb80ba0ecdaa4', 'f77429f4202f8050877e10f4e5588c2c922f934d45d23e9b7e6c76d3c52c6ecb', 1, 1, '2018-02-13 23:43:09', '2018-02-13 23:42:36.421206', '2018-02-13 23:42:36.421206', 167503724544, 11, 1000000000000000000, 6000, 100, 100000000, 10000, 9, 'AAAACfd0KfQgL4BQh34Q9OVYjCySL5NNRdI+m35sdtPFLG7LSfLvzRUeqFVH+y9R7HGYMn6CqLoSEC+SL+Cn0DVzOFAAAAAAWoN4DQAAAAAAAAAASeHBruDgNPJb9kfcJVMyCg6meb0kov5dW9Ok8EEep2bYJ64x1zHsuuYyVEiUbTO1KA6HbpaW2aG8C8RBJmFo1gAAACcN4Lazp2QAAAAAAAAAABdwAAAAAAAAAAAAAAAGAAAAZAX14QAAACcQAAAAAAAAAAAAAAAAAAAAAAAAAAAAAAAAAAAAAAAAAAAAAAAAAAAAAAAAAAAAAAAAAAAAAAAAAAAAAAAAAAAAAAAAAAAAAAAAAAAAAAAAAAAAAAAAAAAAAAAAAAAAAAAAAAAAAAAAAAAAAAAAAAAAAAAAAAAAAAAAAAAAAAAAAAAAAAAA');
INSERT INTO history_ledgers VALUES (40, '0abc4d1770bc444119c8c7a88a16ab38f17043182d9e8615654fcdf00bf6787f', '8cbf62e7b71365deedd24f2b76a21c526a5471f1abec6aa05f4bb80ba0ecdaa4', 2, 2, '2018-02-13 23:43:10', '2018-02-13 23:42:36.42575', '2018-02-13 23:42:36.42575', 171798691840, 11, 1000000000000000000, 6200, 100, 100000000, 10000, 9, 'AAAACYy/Yue3E2Xe7dJPK3aiHFJqVHHxq+xqoF9LuAug7NqkGquUT1Hi8RT7ouiNy06gNgG7O5nUBX6vmLHa7hKWYDAAAAAAWoN4DgAAAAAAAAAAWJlo97rfQjjINuAEkeCOb3Rwl6NYUk95Xa63Nc0UCv3djBmp3lXxQfLpFH8pv49+u3ZGYNBsYBT9H/t1x71JrQAAACgN4Lazp2QAAAAAAAAAABg4AAAAAAAAAAAAAAAGAAAAZAX14QAAACcQAAAAAAAAAAAAAAAAAAAAAAAAAAAAAAAAAAAAAAAAAAAAAAAAAAAAAAAAAAAAAAAAAAAAAAAAAAAAAAAAAAAAAAAAAAAAAAAAAAAAAAAAAAAAAAAAAAAAAAAAAAAAAAAAAAAAAAAAAAAAAAAAAAAAAAAAAAAAAAAAAAAAAAAAAAAAAAAA');
INSERT INTO history_ledgers VALUES (41, '4b3732927f5990bb1c43f70ec93e42796b87de0e0390559749c62053bc6183f7', '0abc4d1770bc444119c8c7a88a16ab38f17043182d9e8615654fcdf00bf6787f', 2, 2, '2018-02-13 23:43:11', '2018-02-13 23:42:36.430904', '2018-02-13 23:42:36.430904', 176093659136, 11, 1000000000000000000, 6400, 100, 100000000, 10000, 9, 'AAAACQq8TRdwvERBGcjHqIoWqzjxcEMYLZ6GFWVPzfAL9nh/qpFZ+xZH0du1ZtKNGUUMcCOr7P/AEkbREA1ij/IhfccAAAAAWoN4DwAAAAAAAAAA3texHWkeXlsh8yl52JzE1M7p/8uzk36DdlbvwdqWw1aw7PlkDcCEbgJ/vbhRp55UMT/6idlksEci7KXNil1L6wAAACkN4Lazp2QAAAAAAAAAABkAAAAAAAAAAAAAAAAGAAAAZAX14QAAACcQAAAAAAAAAAAAAAAAAAAAAAAAAAAAAAAAAAAAAAAAAAAAAAAAAAAAAAAAAAAAAAAAAAAAAAAAAAAAAAAAAAAAAAAAAAAAAAAAAAAAAAAAAAAAAAAAAAAAAAAAAAAAAAAAAAAAAAAAAAAAAAAAAAAAAAAAAAAAAAAAAAAAAAAAAAAAAAAA');
INSERT INTO history_ledgers VALUES (42, 'e312f79ae5f09056377595fa1613b502131eec79f25237060a2c6b455cdaee1a', '4b3732927f5990bb1c43f70ec93e42796b87de0e0390559749c62053bc6183f7', 1, 1, '2018-02-13 23:43:12', '2018-02-13 23:42:36.437035', '2018-02-13 23:42:36.437035', 180388626432, 11, 1000000000000000000, 6500, 100, 100000000, 10000, 9, 'AAAACUs3MpJ/WZC7HEP3Dsk+Qnlrh94OA5BVl0nGIFO8YYP3XztZE6ClEHrBy9wScMFlUVR0BzCn2S8Nvqw63+pde3YAAAAAWoN4EAAAAAAAAAAA4mQxuIyGkMnUNprxo1u6b3NOKgS/CqRR0k9oMQPLWs/NBr48cN4mw6D+irwvVgFsr7Ih+XuXqky/sb2Bf5HWLwAAACoN4Lazp2QAAAAAAAAAABlkAAAAAAAAAAAAAAAGAAAAZAX14QAAACcQAAAAAAAAAAAAAAAAAAAAAAAAAAAAAAAAAAAAAAAAAAAAAAAAAAAAAAAAAAAAAAAAAAAAAAAAAAAAAAAAAAAAAAAAAAAAAAAAAAAAAAAAAAAAAAAAAAAAAAAAAAAAAAAAAAAAAAAAAAAAAAAAAAAAAAAAAAAAAAAAAAAAAAAAAAAAAAAA');
INSERT INTO history_ledgers VALUES (43, 'a6eb44dd69281dd176f06e41b09200283f5f65dea64fe176d7be665813235e7c', 'e312f79ae5f09056377595fa1613b502131eec79f25237060a2c6b455cdaee1a', 1, 1, '2018-02-13 23:43:13', '2018-02-13 23:42:36.441287', '2018-02-13 23:42:36.441287', 184683593728, 11, 1000000000000000000, 6600, 100, 100000000, 10000, 9, 'AAAACeMS95rl8JBWN3WV+hYTtQITHux58lI3Bgosa0Vc2u4alpOR4KvZX0N6cCQi/uK5jNY81HKTQacLAh1humCM+LwAAAAAWoN4EQAAAAAAAAAA9L2wqBam8xx6EMlQ1e/R7JPhksJqFoZDmKFcFBwf3xBJyJNHf65G+FHw4IrIG/UyoWcdjSnVj22uXKi2XqJH/QAAACsN4Lazp2QAAAAAAAAAABnIAAAAAAAAAAAAAAAGAAAAZAX14QAAACcQAAAAAAAAAAAAAAAAAAAAAAAAAAAAAAAAAAAAAAAAAAAAAAAAAAAAAAAAAAAAAAAAAAAAAAAAAAAAAAAAAAAAAAAAAAAAAAAAAAAAAAAAAAAAAAAAAAAAAAAAAAAAAAAAAAAAAAAAAAAAAAAAAAAAAAAAAAAAAAAAAAAAAAAAAAAAAAAA');
INSERT INTO history_ledgers VALUES (44, '4733ef1dd5a063a5074f0fd133e2aed1ecfb0ed87a6a856626925e7715da0942', 'a6eb44dd69281dd176f06e41b09200283f5f65dea64fe176d7be665813235e7c', 1, 1, '2018-02-13 23:43:14', '2018-02-13 23:42:36.446183', '2018-02-13 23:42:36.446183', 188978561024, 11, 1000000000000000000, 6700, 100, 100000000, 10000, 9, 'AAAACabrRN1pKB3RdvBuQbCSACg/X2Xepk/hdte+ZlgTI1588BheBicvPrQDry4D/xh22fzZqCfHZDVnnCoDcdR18pMAAAAAWoN4EgAAAAAAAAAAWWc1pYhVWRoEJa6GcHIsaj1ysxI4CQ+BcJqiGW3wjmIahp6szrI4/0+eVdCgRNX/VwCPMVbf+J/8tIUhjHQFQwAAACwN4Lazp2QAAAAAAAAAABosAAAAAAAAAAAAAAAGAAAAZAX14QAAACcQAAAAAAAAAAAAAAAAAAAAAAAAAAAAAAAAAAAAAAAAAAAAAAAAAAAAAAAAAAAAAAAAAAAAAAAAAAAAAAAAAAAAAAAAAAAAAAAAAAAAAAAAAAAAAAAAAAAAAAAAAAAAAAAAAAAAAAAAAAAAAAAAAAAAAAAAAAAAAAAAAAAAAAAAAAAAAAAA');
INSERT INTO history_ledgers VALUES (45, '1af729e667cd2c7aa90ad08f47a1391113c8fdbf1ead7a76887aacef416a4032', '4733ef1dd5a063a5074f0fd133e2aed1ecfb0ed87a6a856626925e7715da0942', 1, 1, '2018-02-13 23:43:15', '2018-02-13 23:42:36.450878', '2018-02-13 23:42:36.450878', 193273528320, 11, 1000000000000000000, 6800, 100, 100000000, 10000, 9, 'AAAACUcz7x3VoGOlB08P0TPirtHs+w7YemqFZiaSXncV2glCczSDe8tw0FjDnWYPiCsV767F5radrVAEit62o+0cD8MAAAAAWoN4EwAAAAAAAAAA2s+Yd36GUBmFrCn8nxzR3G7G6BlWwDjWIvSuQxGMICbVfkesWysCfopLbiePwnJH3uOaOCXrfT3UZGv8C6gQVQAAAC0N4Lazp2QAAAAAAAAAABqQAAAAAAAAAAAAAAAGAAAAZAX14QAAACcQAAAAAAAAAAAAAAAAAAAAAAAAAAAAAAAAAAAAAAAAAAAAAAAAAAAAAAAAAAAAAAAAAAAAAAAAAAAAAAAAAAAAAAAAAAAAAAAAAAAAAAAAAAAAAAAAAAAAAAAAAAAAAAAAAAAAAAAAAAAAAAAAAAAAAAAAAAAAAAAAAAAAAAAAAAAAAAAA');
INSERT INTO history_ledgers VALUES (46, '0584dbec35b6e7a31831772ac56b789c4e59bfb510b4f2e884942d0f9d3ad938', '1af729e667cd2c7aa90ad08f47a1391113c8fdbf1ead7a76887aacef416a4032', 2, 2, '2018-02-13 23:43:16', '2018-02-13 23:42:36.45623', '2018-02-13 23:42:36.456231', 197568495616, 11, 1000000000000000000, 7000, 100, 100000000, 10000, 9, 'AAAACRr3KeZnzSx6qQrQj0ehORETyP2/Hq16doh6rO9BakAyv7+M0nY7vMjkx4fTnaaNVt+bny8i+AJCuWTIqy8JcfEAAAAAWoN4FAAAAAAAAAAAknH58hxTmq2NI6laxFq7xN4R3r99jE86ydmH1AhFvM9o7OMeloMpNdbXXKtzTFYuIyVNXqACqA4pls/hx5mbPAAAAC4N4Lazp2QAAAAAAAAAABtYAAAAAAAAAAAAAAAGAAAAZAX14QAAACcQAAAAAAAAAAAAAAAAAAAAAAAAAAAAAAAAAAAAAAAAAAAAAAAAAAAAAAAAAAAAAAAAAAAAAAAAAAAAAAAAAAAAAAAAAAAAAAAAAAAAAAAAAAAAAAAAAAAAAAAAAAAAAAAAAAAAAAAAAAAAAAAAAAAAAAAAAAAAAAAAAAAAAAAAAAAAAAAA');
INSERT INTO history_ledgers VALUES (47, 'a685f6300215dca749cb46da0fc1bc3646d461c351e0bf2b1c000df64619af7a', '0584dbec35b6e7a31831772ac56b789c4e59bfb510b4f2e884942d0f9d3ad938', 1, 1, '2018-02-13 23:43:17', '2018-02-13 23:42:36.461489', '2018-02-13 23:42:36.46149', 201863462912, 11, 1000190721000000000, 30469589, 100, 100000000, 10000, 9, 'AAAACQWE2+w1tuejGDF3KsVreJxOWb+1ELTy6ISULQ+dOtk4akfBXNurN13z6HiBLltv5U5ElRhrjLZqPU8mtwwSixgAAAAAWoN4FQAAAAAAAAAA8OM7CNjloxWqwlaanmBarRzmaEAjS1RTT7DMBUh/OHjVt6ktalpx7rNzQmworZNULlz6qn4IWIahhqBDulTcuQAAAC8N4WQpWNjKAAAAAAAB0O3VAAAAAQAAAAAAAAAGAAAAZAX14QAAACcQAAAAAAAAAAAAAAAAAAAAAAAAAAAAAAAAAAAAAAAAAAAAAAAAAAAAAAAAAAAAAAAAAAAAAAAAAAAAAAAAAAAAAAAAAAAAAAAAAAAAAAAAAAAAAAAAAAAAAAAAAAAAAAAAAAAAAAAAAAAAAAAAAAAAAAAAAAAAAAAAAAAAAAAAAAAAAAAA');
INSERT INTO history_ledgers VALUES (48, '2d59ceed5b2092b437d485e879b9863db5eb60fb34985dcae31d419bb2513df2', 'a685f6300215dca749cb46da0fc1bc3646d461c351e0bf2b1c000df64619af7a', 1, 1, '2018-02-13 23:43:18', '2018-02-13 23:42:36.465701', '2018-02-13 23:42:36.465701', 206158430208, 11, 1000190721000000000, 30469689, 100, 100000000, 10000, 9, 'AAAACaaF9jACFdynSctG2g/BvDZG1GHDUeC/KxwADfZGGa96Mf63UtepxGuJXtcYY7pQxy5ZZ3vVS2B5eQpXWAviHQYAAAAAWoN4FgAAAAAAAAAAQNg4cr4Do7quX33o4rbaXa7+BDdHc8PbTEXBcuQETP8qv0BlQpWBp7bMfWT/CxxGAh67QtpZ5EgL5snPLpikpAAAADAN4WQpWNjKAAAAAAAB0O45AAAAAQAAAAAAAAAGAAAAZAX14QAAACcQAAAAAAAAAAAAAAAAAAAAAAAAAAAAAAAAAAAAAAAAAAAAAAAAAAAAAAAAAAAAAAAAAAAAAAAAAAAAAAAAAAAAAAAAAAAAAAAAAAAAAAAAAAAAAAAAAAAAAAAAAAAAAAAAAAAAAAAAAAAAAAAAAAAAAAAAAAAAAAAAAAAAAAAAAAAAAAAA');
INSERT INTO history_ledgers VALUES (49, 'e022988036f958bbda5621bc10777fc3c0de94a0202dfecc25b7d6a50f921789', '2d59ceed5b2092b437d485e879b9863db5eb60fb34985dcae31d419bb2513df2', 3, 3, '2018-02-13 23:43:19', '2018-02-13 23:42:36.470711', '2018-02-13 23:42:36.470711', 210453397504, 11, 1000190721000000000, 30469989, 100, 100000000, 10000, 9, 'AAAACS1Zzu1bIJK0N9SF6Hm5hj2162D7NJhdyuMdQZuyUT3yuXwO1s7EoLneWtfjF9PVzs1LsAkabLCuttxmCg1LFHAAAAAAWoN4FwAAAAAAAAAAsSOLB+Fh7PI1BdmA+nlx5DdeXSAZY7OnyHcuyeMEmJAdNehgWlo6myMnBXOJ9GE911o9xRkAbvEYyVbAt2QQYQAAADEN4WQpWNjKAAAAAAAB0O9lAAAAAQAAAAAAAAAGAAAAZAX14QAAACcQAAAAAAAAAAAAAAAAAAAAAAAAAAAAAAAAAAAAAAAAAAAAAAAAAAAAAAAAAAAAAAAAAAAAAAAAAAAAAAAAAAAAAAAAAAAAAAAAAAAAAAAAAAAAAAAAAAAAAAAAAAAAAAAAAAAAAAAAAAAAAAAAAAAAAAAAAAAAAAAAAAAAAAAAAAAAAAAA');
INSERT INTO history_ledgers VALUES (50, '200b460efa6acf462339be2cb616724bd0f922a5086f16e88004f99fab45527d', 'e022988036f958bbda5621bc10777fc3c0de94a0202dfecc25b7d6a50f921789', 1, 1, '2018-02-13 23:43:20', '2018-02-13 23:42:36.476767', '2018-02-13 23:42:36.476767', 214748364800, 11, 1000190721000000000, 30470089, 100, 100000000, 10000, 9, 'AAAACeAimIA2+Vi72lYhvBB3f8PA3pSgIC3+zCW31qUPkheJBY5/zmUq7nTamQgrJe/yNxLWqVZn5N8+pR1sr+fkcbgAAAAAWoN4GAAAAAAAAAAAe2zMUWV2ofxxSJUd0hgEpW+dk+M503UNhsqXLKL0TMgHqqQtQZya5wxeSxwwp0VTezWhM6vxgnbWKXjzlfutRQAAADIN4WQpWNjKAAAAAAAB0O/JAAAAAQAAAAAAAAAGAAAAZAX14QAAACcQB6qkLUGcmucMXkscMKdFU3s1oTOr8YJ21il485X7rUUAAAAAAAAAAAAAAAAAAAAAAAAAAAAAAAAAAAAAAAAAAAAAAAAAAAAAAAAAAAAAAAAAAAAAAAAAAAAAAAAAAAAAAAAAAAAAAAAAAAAAAAAAAAAAAAAAAAAAAAAAAAAAAAAAAAAA');
INSERT INTO history_ledgers VALUES (51, '72642ade77275e305aa197f7d40bce0fddb3b0d3fb6d62a84232a5726c04fa7d', '200b460efa6acf462339be2cb616724bd0f922a5086f16e88004f99fab45527d', 1, 1, '2018-02-13 23:43:21', '2018-02-13 23:42:36.480847', '2018-02-13 23:42:36.480847', 219043332096, 11, 1000190721000000000, 30470189, 100, 100000000, 10000, 9, 'AAAACSALRg76as9GIzm+LLYWckvQ+SKlCG8W6IAE+Z+rRVJ9GMX5/1ZB4UHVDOQvXTzmuGYXr89nFPVgUaFjQUeTUEQAAAAAWoN4GQAAAAAAAAAAG9Lveo8KOMBsuTXxxarafYQzHKlqwhXWtcRjpmTOc+OsnoAyFZIQIwvdo+0CPzVlDoDD4dqiEzoltNcHP3AB5gAAADMN4WQpWNjKAAAAAAAB0PAtAAAAAQAAAAAAAAAGAAAAZAX14QAAACcQB6qkLUGcmucMXkscMKdFU3s1oTOr8YJ21il485X7rUUAAAAAAAAAAAAAAAAAAAAAAAAAAAAAAAAAAAAAAAAAAAAAAAAAAAAAAAAAAAAAAAAAAAAAAAAAAAAAAAAAAAAAAAAAAAAAAAAAAAAAAAAAAAAAAAAAAAAAAAAAAAAAAAAAAAAA');
INSERT INTO history_ledgers VALUES (52, 'd338c643e51aad1d2bc915e92cb8b4f68e11731b628bed20b21d7f84f7d29832', '72642ade77275e305aa197f7d40bce0fddb3b0d3fb6d62a84232a5726c04fa7d', 1, 1, '2018-02-13 23:43:22', '2018-02-13 23:42:36.485112', '2018-02-13 23:42:36.485112', 223338299392, 11, 1000190721000000000, 30470289, 100, 100000000, 10000, 9, 'AAAACXJkKt53J14wWqGX99QLzg/ds7DT+21iqEIypXJsBPp9Cd0z1yMcm8d7i5BdBTTJ2i/e6vmYQGSvUPZkLQO9FeAAAAAAWoN4GgAAAAAAAAAAdFs0uvdku2e14ZLZNY/inkD0IgG9m+9h08GbknZs9EzEpHHgaNBqfHnOKgOKY40CULF56GbQYzRSi/Zrn3vaBgAAADQN4WQpWNjKAAAAAAAB0PCRAAAAAQAAAAAAAAAGAAAAZAX14QAAACcQB6qkLUGcmucMXkscMKdFU3s1oTOr8YJ21il485X7rUUAAAAAAAAAAAAAAAAAAAAAAAAAAAAAAAAAAAAAAAAAAAAAAAAAAAAAAAAAAAAAAAAAAAAAAAAAAAAAAAAAAAAAAAAAAAAAAAAAAAAAAAAAAAAAAAAAAAAAAAAAAAAAAAAAAAAA');
INSERT INTO history_ledgers VALUES (53, 'b949ac171e82c9715b7835f46083d83542ced162d85db1da777a62d480449190', 'd338c643e51aad1d2bc915e92cb8b4f68e11731b628bed20b21d7f84f7d29832', 1, 1, '2018-02-13 23:43:23', '2018-02-13 23:42:36.489163', '2018-02-13 23:42:36.489163', 227633266688, 11, 1000190721000000000, 30470389, 100, 100000000, 10000, 9, 'AAAACdM4xkPlGq0dK8kV6Sy4tPaOEXMbYovtILIdf4T30pgyBHbhbwtRU0NRQI/uj4It5xq9G2e7dPAlHV1dDDMgWkQAAAAAWoN4GwAAAAAAAAAAY80asxoHVId70xk95LhsRNki3uSYhgJrvMpz6Qe35wRx325FfdsrsRn6YUYFTMD9vn7LP1AFxKuX3mM10xPt3gAAADUN4WQpWNjKAAAAAAAB0PD1AAAAAQAAAAAAAAAGAAAAZAX14QAAACcQB6qkLUGcmucMXkscMKdFU3s1oTOr8YJ21il485X7rUUAAAAAAAAAAAAAAAAAAAAAAAAAAAAAAAAAAAAAAAAAAAAAAAAAAAAAAAAAAAAAAAAAAAAAAAAAAAAAAAAAAAAAAAAAAAAAAAAAAAAAAAAAAAAAAAAAAAAAAAAAAAAAAAAAAAAA');
INSERT INTO history_ledgers VALUES (54, '7b7cd4f27968c03ea52b853eb8e018dc305799aeaeb721bb60a42c2c05dc4dc9', 'b949ac171e82c9715b7835f46083d83542ced162d85db1da777a62d480449190', 1, 2, '2018-02-13 23:43:24', '2018-02-13 23:42:36.494171', '2018-02-13 23:42:36.494171', 231928233984, 11, 1000190721000000000, 30470589, 100, 100000000, 10000, 9, 'AAAACblJrBcegslxW3g19GCD2DVCztFi2F2x2nd6YtSARJGQ3BfVptbcQctoYen8tcjuPXROHan0zV6etjLPjI/1xUsAAAAAWoN4HAAAAAAAAAAAfXVfPS9jBqhTfz4LivYYP9btnu+qwf/qpVYL7HgbAM3h3zmzsbCKd6JVt/LIN7weespucHytVfIbJgxPLK6qrAAAADYN4WQpWNjKAAAAAAAB0PG9AAAAAQAAAAAAAAAGAAAAZAX14QAAACcQB6qkLUGcmucMXkscMKdFU3s1oTOr8YJ21il485X7rUUAAAAAAAAAAAAAAAAAAAAAAAAAAAAAAAAAAAAAAAAAAAAAAAAAAAAAAAAAAAAAAAAAAAAAAAAAAAAAAAAAAAAAAAAAAAAAAAAAAAAAAAAAAAAAAAAAAAAAAAAAAAAAAAAAAAAA');
INSERT INTO history_ledgers VALUES (55, 'edc54b03a0fcad0f2b904406c6a22a26939596801c1b1092255215212f8f7692', '7b7cd4f27968c03ea52b853eb8e018dc305799aeaeb721bb60a42c2c05dc4dc9', 1, 1, '2018-02-13 23:43:25', '2018-02-13 23:42:36.500037', '2018-02-13 23:42:36.500037', 236223201280, 11, 1000190721000000000, 30470689, 100, 100000000, 10000, 9, 'AAAACXt81PJ5aMA+pSuFPrjgGNwwV5murrchu2CkLCwF3E3JYgRdbI9b6lG/NPlvvybWOorS4hyWIokMhyuR9+1kshsAAAAAWoN4HQAAAAAAAAAAHOu0BR+25TDycY7dcNSyVck1nyZBCkABFZXwjkic52RZK85ikRZ89MNOpBsvN8hcCpRrMEAJHc4XmI+0qNXQoQAAADcN4WQpWNjKAAAAAAAB0PIhAAAAAQAAAAAAAAAGAAAAZAX14QAAACcQB6qkLUGcmucMXkscMKdFU3s1oTOr8YJ21il485X7rUUAAAAAAAAAAAAAAAAAAAAAAAAAAAAAAAAAAAAAAAAAAAAAAAAAAAAAAAAAAAAAAAAAAAAAAAAAAAAAAAAAAAAAAAAAAAAAAAAAAAAAAAAAAAAAAAAAAAAAAAAAAAAAAAAAAAAA');
INSERT INTO history_ledgers VALUES (56, 'ca653d6cd1184bb9c469e447406a776d433a5afc3fe898438172dbf519cbefaf', 'edc54b03a0fcad0f2b904406c6a22a26939596801c1b1092255215212f8f7692', 1, 1, '2018-02-13 23:43:26', '2018-02-13 23:42:36.504814', '2018-02-13 23:42:36.504814', 240518168576, 11, 1000190721000000000, 30470789, 100, 100000000, 10000, 9, 'AAAACe3FSwOg/K0PK5BEBsaiKiaTlZaAHBsQkiVSFSEvj3aSqQDFrjzHlGEfBs49dli4SlBkp0eEH519k/jl42Fb+zMAAAAAWoN4HgAAAAAAAAAAudvIKbdFQO6cnqBlfAQ0qwiv8T/bow/WPTIANo/ERRGDbSS4iNG3h7rYPApGB/t8XXK6jlbUzGSm22HgPLJJ7AAAADgN4WQpWNjKAAAAAAAB0PKFAAAAAQAAAAAAAAAGAAAAZAX14QAAACcQB6qkLUGcmucMXkscMKdFU3s1oTOr8YJ21il485X7rUUAAAAAAAAAAAAAAAAAAAAAAAAAAAAAAAAAAAAAAAAAAAAAAAAAAAAAAAAAAAAAAAAAAAAAAAAAAAAAAAAAAAAAAAAAAAAAAAAAAAAAAAAAAAAAAAAAAAAAAAAAAAAAAAAAAAAA');
INSERT INTO history_ledgers VALUES (57, '884b42e88f1a00f796b642a3c3543c2732ef692e8042c48ac4f7ffaa3f59b81f', 'ca653d6cd1184bb9c469e447406a776d433a5afc3fe898438172dbf519cbefaf', 0, 0, '2018-02-13 23:43:27', '2018-02-13 23:42:36.509134', '2018-02-13 23:42:36.509134', 244813135872, 11, 1000190721000000000, 30470789, 100, 100000000, 10000, 9, 'AAAACcplPWzRGEu5xGnkR0Bqd21DOlr8P+iYQ4Fy2/UZy++vCs7Mu5zSNrKbpWdHJHvceUrGuvS4tyXwVhIQ30cDVFIAAAAAWoN4HwAAAAAAAAAA3z9hmASpL9tAVxktxD3XSOp3itxSvEmM6AUkwBS4ERmDbSS4iNG3h7rYPApGB/t8XXK6jlbUzGSm22HgPLJJ7AAAADkN4WQpWNjKAAAAAAAB0PKFAAAAAQAAAAAAAAAGAAAAZAX14QAAACcQB6qkLUGcmucMXkscMKdFU3s1oTOr8YJ21il485X7rUUAAAAAAAAAAAAAAAAAAAAAAAAAAAAAAAAAAAAAAAAAAAAAAAAAAAAAAAAAAAAAAAAAAAAAAAAAAAAAAAAAAAAAAAAAAAAAAAAAAAAAAAAAAAAAAAAAAAAAAAAAAAAAAAAAAAAA');


--
-- Data for Name: history_operation_participants; Type: TABLE DATA; Schema: public; Owner: -
--

INSERT INTO history_operation_participants VALUES (1, 12884905985, 1);
INSERT INTO history_operation_participants VALUES (2, 12884905985, 2);
INSERT INTO history_operation_participants VALUES (3, 17179873281, 1);
INSERT INTO history_operation_participants VALUES (4, 17179873281, 3);
INSERT INTO history_operation_participants VALUES (5, 21474840577, 3);
INSERT INTO history_operation_participants VALUES (6, 21474844673, 3);
INSERT INTO history_operation_participants VALUES (7, 21474848769, 3);
INSERT INTO history_operation_participants VALUES (8, 25769807873, 3);
INSERT INTO history_operation_participants VALUES (9, 30064775169, 1);
INSERT INTO history_operation_participants VALUES (10, 30064775169, 4);
INSERT INTO history_operation_participants VALUES (11, 34359742465, 4);
INSERT INTO history_operation_participants VALUES (12, 34359742465, 1);
INSERT INTO history_operation_participants VALUES (13, 34359746561, 4);
INSERT INTO history_operation_participants VALUES (14, 34359746561, 1);
INSERT INTO history_operation_participants VALUES (15, 34359750657, 1);
INSERT INTO history_operation_participants VALUES (16, 34359750657, 4);
INSERT INTO history_operation_participants VALUES (17, 34359754753, 4);
INSERT INTO history_operation_participants VALUES (18, 34359754753, 1);
INSERT INTO history_operation_participants VALUES (19, 38654709761, 1);
INSERT INTO history_operation_participants VALUES (20, 38654709761, 5);
INSERT INTO history_operation_participants VALUES (21, 42949677057, 5);
INSERT INTO history_operation_participants VALUES (22, 42949677057, 1);
INSERT INTO history_operation_participants VALUES (23, 42949677058, 5);
INSERT INTO history_operation_participants VALUES (24, 42949677058, 1);
INSERT INTO history_operation_participants VALUES (25, 47244644353, 1);
INSERT INTO history_operation_participants VALUES (26, 47244644353, 6);
INSERT INTO history_operation_participants VALUES (27, 51539611649, 6);
INSERT INTO history_operation_participants VALUES (28, 51539611649, 7);
INSERT INTO history_operation_participants VALUES (29, 55834578945, 8);
INSERT INTO history_operation_participants VALUES (30, 55834578945, 1);
INSERT INTO history_operation_participants VALUES (31, 55834583041, 1);
INSERT INTO history_operation_participants VALUES (32, 55834583041, 9);
INSERT INTO history_operation_participants VALUES (33, 60129546241, 8);
INSERT INTO history_operation_participants VALUES (34, 60129546241, 9);
INSERT INTO history_operation_participants VALUES (35, 60129550337, 9);
INSERT INTO history_operation_participants VALUES (36, 64424513537, 8);
INSERT INTO history_operation_participants VALUES (37, 64424513537, 9);
INSERT INTO history_operation_participants VALUES (38, 68719480833, 1);
INSERT INTO history_operation_participants VALUES (39, 68719480833, 10);
INSERT INTO history_operation_participants VALUES (40, 68719484929, 1);
INSERT INTO history_operation_participants VALUES (41, 68719484929, 11);
INSERT INTO history_operation_participants VALUES (42, 68719489025, 12);
INSERT INTO history_operation_participants VALUES (43, 68719489025, 1);
INSERT INTO history_operation_participants VALUES (44, 73014448129, 11);
INSERT INTO history_operation_participants VALUES (45, 73014452225, 10);
INSERT INTO history_operation_participants VALUES (46, 77309415425, 12);
INSERT INTO history_operation_participants VALUES (47, 77309415425, 10);
INSERT INTO history_operation_participants VALUES (48, 77309419521, 12);
INSERT INTO history_operation_participants VALUES (49, 77309423617, 12);
INSERT INTO history_operation_participants VALUES (50, 81604382721, 10);
INSERT INTO history_operation_participants VALUES (51, 81604382721, 11);
INSERT INTO history_operation_participants VALUES (52, 85899350017, 10);
INSERT INTO history_operation_participants VALUES (53, 85899350017, 11);
INSERT INTO history_operation_participants VALUES (54, 90194317313, 1);
INSERT INTO history_operation_participants VALUES (55, 90194317313, 13);
INSERT INTO history_operation_participants VALUES (56, 90194321409, 1);
INSERT INTO history_operation_participants VALUES (57, 90194321409, 14);
INSERT INTO history_operation_participants VALUES (58, 94489284609, 13);
INSERT INTO history_operation_participants VALUES (59, 98784251905, 13);
INSERT INTO history_operation_participants VALUES (60, 103079219201, 14);
INSERT INTO history_operation_participants VALUES (61, 107374186497, 1);
INSERT INTO history_operation_participants VALUES (62, 107374186497, 15);
INSERT INTO history_operation_participants VALUES (63, 111669153793, 15);
INSERT INTO history_operation_participants VALUES (64, 111669157889, 15);
INSERT INTO history_operation_participants VALUES (65, 115964121089, 1);
INSERT INTO history_operation_participants VALUES (66, 115964121089, 16);
INSERT INTO history_operation_participants VALUES (67, 120259088385, 16);
INSERT INTO history_operation_participants VALUES (68, 120259092481, 16);
INSERT INTO history_operation_participants VALUES (69, 120259096577, 16);
INSERT INTO history_operation_participants VALUES (70, 120259100673, 16);
INSERT INTO history_operation_participants VALUES (71, 120259104769, 16);
INSERT INTO history_operation_participants VALUES (72, 120259108865, 16);
INSERT INTO history_operation_participants VALUES (73, 120259112961, 16);
INSERT INTO history_operation_participants VALUES (74, 124554055681, 16);
INSERT INTO history_operation_participants VALUES (75, 128849022977, 16);
INSERT INTO history_operation_participants VALUES (76, 133143990273, 16);
INSERT INTO history_operation_participants VALUES (77, 137438957569, 16);
INSERT INTO history_operation_participants VALUES (78, 137438961665, 16);
INSERT INTO history_operation_participants VALUES (79, 141733924865, 1);
INSERT INTO history_operation_participants VALUES (80, 141733924865, 17);
INSERT INTO history_operation_participants VALUES (81, 146028892161, 17);
INSERT INTO history_operation_participants VALUES (82, 150323859457, 17);
INSERT INTO history_operation_participants VALUES (83, 154618826753, 17);
INSERT INTO history_operation_participants VALUES (84, 158913794049, 17);
INSERT INTO history_operation_participants VALUES (85, 163208761345, 1);
INSERT INTO history_operation_participants VALUES (86, 163208761345, 18);
INSERT INTO history_operation_participants VALUES (87, 163208765441, 1);
INSERT INTO history_operation_participants VALUES (88, 163208765441, 19);
INSERT INTO history_operation_participants VALUES (89, 167503728641, 19);
INSERT INTO history_operation_participants VALUES (90, 171798695937, 18);
INSERT INTO history_operation_participants VALUES (91, 171798700033, 18);
INSERT INTO history_operation_participants VALUES (92, 176093663233, 19);
INSERT INTO history_operation_participants VALUES (93, 176093663233, 18);
INSERT INTO history_operation_participants VALUES (94, 176093667329, 18);
INSERT INTO history_operation_participants VALUES (95, 176093667329, 19);
INSERT INTO history_operation_participants VALUES (96, 180388630529, 19);
INSERT INTO history_operation_participants VALUES (97, 180388630529, 18);
INSERT INTO history_operation_participants VALUES (98, 184683597825, 1);
INSERT INTO history_operation_participants VALUES (99, 184683597825, 20);
INSERT INTO history_operation_participants VALUES (100, 188978565121, 20);
INSERT INTO history_operation_participants VALUES (101, 188978565121, 1);
INSERT INTO history_operation_participants VALUES (102, 193273532417, 1);
INSERT INTO history_operation_participants VALUES (103, 193273532417, 21);
INSERT INTO history_operation_participants VALUES (104, 197568499713, 1);
INSERT INTO history_operation_participants VALUES (105, 197568503809, 21);
INSERT INTO history_operation_participants VALUES (106, 201863467009, 1);
INSERT INTO history_operation_participants VALUES (107, 206158434305, 1);
INSERT INTO history_operation_participants VALUES (108, 206158434305, 22);
INSERT INTO history_operation_participants VALUES (109, 210453401601, 22);
INSERT INTO history_operation_participants VALUES (110, 210453405697, 22);
INSERT INTO history_operation_participants VALUES (111, 210453409793, 22);
INSERT INTO history_operation_participants VALUES (112, 214748368897, 22);
INSERT INTO history_operation_participants VALUES (113, 219043336193, 22);
INSERT INTO history_operation_participants VALUES (114, 223338303489, 22);
INSERT INTO history_operation_participants VALUES (115, 227633270785, 1);
INSERT INTO history_operation_participants VALUES (116, 227633270785, 23);
INSERT INTO history_operation_participants VALUES (117, 231928238081, 1);
INSERT INTO history_operation_participants VALUES (118, 231928238081, 23);
INSERT INTO history_operation_participants VALUES (119, 231928238082, 23);
INSERT INTO history_operation_participants VALUES (120, 231928238082, 1);
INSERT INTO history_operation_participants VALUES (121, 236223205377, 1);
INSERT INTO history_operation_participants VALUES (122, 236223205377, 24);
INSERT INTO history_operation_participants VALUES (123, 240518172673, 24);


--
-- Name: history_operation_participants_id_seq; Type: SEQUENCE SET; Schema: public; Owner: -
--

SELECT pg_catalog.setval('history_operation_participants_id_seq', 123, true);


--
-- Data for Name: history_operations; Type: TABLE DATA; Schema: public; Owner: -
--

INSERT INTO history_operations VALUES (12884905985, 12884905984, 1, 0, '{"funder": "GBRPYHIL2CI3FNQ4BXLFMNDLFJUNPU2HY3ZMFSHONUCEOASW7QC7OX2H", "account": "GAXI33UCLQTCKM2NMRBS7XYBR535LLEVAHL5YBN4FTCB4HZHT7ZA5CVK", "starting_balance": "1000.0000000"}', 'GBRPYHIL2CI3FNQ4BXLFMNDLFJUNPU2HY3ZMFSHONUCEOASW7QC7OX2H');
INSERT INTO history_operations VALUES (17179873281, 17179873280, 1, 0, '{"funder": "GBRPYHIL2CI3FNQ4BXLFMNDLFJUNPU2HY3ZMFSHONUCEOASW7QC7OX2H", "account": "GDXFAGJCSCI4CK2YHK6YRLA6TKEXFRX7BMGVMQOBMLIEUJRJ5YQNLMIB", "starting_balance": "1000.0000000"}', 'GBRPYHIL2CI3FNQ4BXLFMNDLFJUNPU2HY3ZMFSHONUCEOASW7QC7OX2H');
INSERT INTO history_operations VALUES (21474840577, 21474840576, 1, 5, '{"master_key_weight": 1}', 'GDXFAGJCSCI4CK2YHK6YRLA6TKEXFRX7BMGVMQOBMLIEUJRJ5YQNLMIB');
INSERT INTO history_operations VALUES (21474844673, 21474844672, 1, 5, '{"signer_key": "GD3E7HKMRNT6HGBGHBT6I6JE4N2S4W5KZ246TGJ4KQSXJ2P4BXCUPQMP", "signer_weight": 1}', 'GDXFAGJCSCI4CK2YHK6YRLA6TKEXFRX7BMGVMQOBMLIEUJRJ5YQNLMIB');
INSERT INTO history_operations VALUES (21474848769, 21474848768, 1, 5, '{"low_threshold": 2, "med_threshold": 2, "high_threshold": 2}', 'GDXFAGJCSCI4CK2YHK6YRLA6TKEXFRX7BMGVMQOBMLIEUJRJ5YQNLMIB');
INSERT INTO history_operations VALUES (25769807873, 25769807872, 1, 5, '{"master_key_weight": 2}', 'GDXFAGJCSCI4CK2YHK6YRLA6TKEXFRX7BMGVMQOBMLIEUJRJ5YQNLMIB');
INSERT INTO history_operations VALUES (30064775169, 30064775168, 1, 0, '{"funder": "GBRPYHIL2CI3FNQ4BXLFMNDLFJUNPU2HY3ZMFSHONUCEOASW7QC7OX2H", "account": "GA46VRKBCLI2X6DXLX7AIEVRFLH3UA7XBE3NGNP6O74HQ5LXHMGTV2JB", "starting_balance": "1000.0000000"}', 'GBRPYHIL2CI3FNQ4BXLFMNDLFJUNPU2HY3ZMFSHONUCEOASW7QC7OX2H');
INSERT INTO history_operations VALUES (34359742465, 34359742464, 1, 1, '{"to": "GBRPYHIL2CI3FNQ4BXLFMNDLFJUNPU2HY3ZMFSHONUCEOASW7QC7OX2H", "from": "GA46VRKBCLI2X6DXLX7AIEVRFLH3UA7XBE3NGNP6O74HQ5LXHMGTV2JB", "amount": "1.0000000", "asset_type": "native"}', 'GA46VRKBCLI2X6DXLX7AIEVRFLH3UA7XBE3NGNP6O74HQ5LXHMGTV2JB');
INSERT INTO history_operations VALUES (34359746561, 34359746560, 1, 1, '{"to": "GBRPYHIL2CI3FNQ4BXLFMNDLFJUNPU2HY3ZMFSHONUCEOASW7QC7OX2H", "from": "GA46VRKBCLI2X6DXLX7AIEVRFLH3UA7XBE3NGNP6O74HQ5LXHMGTV2JB", "amount": "1.0000000", "asset_type": "native"}', 'GA46VRKBCLI2X6DXLX7AIEVRFLH3UA7XBE3NGNP6O74HQ5LXHMGTV2JB');
INSERT INTO history_operations VALUES (34359750657, 34359750656, 1, 1, '{"to": "GBRPYHIL2CI3FNQ4BXLFMNDLFJUNPU2HY3ZMFSHONUCEOASW7QC7OX2H", "from": "GA46VRKBCLI2X6DXLX7AIEVRFLH3UA7XBE3NGNP6O74HQ5LXHMGTV2JB", "amount": "1.0000000", "asset_type": "native"}', 'GA46VRKBCLI2X6DXLX7AIEVRFLH3UA7XBE3NGNP6O74HQ5LXHMGTV2JB');
INSERT INTO history_operations VALUES (34359754753, 34359754752, 1, 1, '{"to": "GBRPYHIL2CI3FNQ4BXLFMNDLFJUNPU2HY3ZMFSHONUCEOASW7QC7OX2H", "from": "GA46VRKBCLI2X6DXLX7AIEVRFLH3UA7XBE3NGNP6O74HQ5LXHMGTV2JB", "amount": "1.0000000", "asset_type": "native"}', 'GA46VRKBCLI2X6DXLX7AIEVRFLH3UA7XBE3NGNP6O74HQ5LXHMGTV2JB');
INSERT INTO history_operations VALUES (38654709761, 38654709760, 1, 0, '{"funder": "GBRPYHIL2CI3FNQ4BXLFMNDLFJUNPU2HY3ZMFSHONUCEOASW7QC7OX2H", "account": "GAG52TW6QAB6TGNMOTL32Y4M3UQQLNNNHPEHYAIYRP6SFF6ZAVRF5ZQY", "starting_balance": "1000.0000000"}', 'GBRPYHIL2CI3FNQ4BXLFMNDLFJUNPU2HY3ZMFSHONUCEOASW7QC7OX2H');
INSERT INTO history_operations VALUES (42949677057, 42949677056, 1, 1, '{"to": "GBRPYHIL2CI3FNQ4BXLFMNDLFJUNPU2HY3ZMFSHONUCEOASW7QC7OX2H", "from": "GAG52TW6QAB6TGNMOTL32Y4M3UQQLNNNHPEHYAIYRP6SFF6ZAVRF5ZQY", "amount": "10.0000000", "asset_type": "native"}', 'GAG52TW6QAB6TGNMOTL32Y4M3UQQLNNNHPEHYAIYRP6SFF6ZAVRF5ZQY');
INSERT INTO history_operations VALUES (42949677058, 42949677056, 2, 1, '{"to": "GBRPYHIL2CI3FNQ4BXLFMNDLFJUNPU2HY3ZMFSHONUCEOASW7QC7OX2H", "from": "GAG52TW6QAB6TGNMOTL32Y4M3UQQLNNNHPEHYAIYRP6SFF6ZAVRF5ZQY", "amount": "10.0000000", "asset_type": "native"}', 'GAG52TW6QAB6TGNMOTL32Y4M3UQQLNNNHPEHYAIYRP6SFF6ZAVRF5ZQY');
INSERT INTO history_operations VALUES (47244644353, 47244644352, 1, 0, '{"funder": "GBRPYHIL2CI3FNQ4BXLFMNDLFJUNPU2HY3ZMFSHONUCEOASW7QC7OX2H", "account": "GDCVTBGSEEU7KLXUMHMSXBALXJ2T4I2KOPXW2S5TRLKDRIAXD5UDHAYO", "starting_balance": "1000.0000000"}', 'GBRPYHIL2CI3FNQ4BXLFMNDLFJUNPU2HY3ZMFSHONUCEOASW7QC7OX2H');
INSERT INTO history_operations VALUES (51539611649, 51539611648, 1, 0, '{"funder": "GDCVTBGSEEU7KLXUMHMSXBALXJ2T4I2KOPXW2S5TRLKDRIAXD5UDHAYO", "account": "GCB7FPYGLL6RJ37HKRAYW5TAWMFBGGFGM4IM6ERBCZXI2BZ4OOOX2UAY", "starting_balance": "50.0000000"}', 'GDCVTBGSEEU7KLXUMHMSXBALXJ2T4I2KOPXW2S5TRLKDRIAXD5UDHAYO');
INSERT INTO history_operations VALUES (55834578945, 55834578944, 1, 0, '{"funder": "GBRPYHIL2CI3FNQ4BXLFMNDLFJUNPU2HY3ZMFSHONUCEOASW7QC7OX2H", "account": "GCHC4D2CS45CJRNN4QAHT2LFZAJIU5PA7H53K3VOP6WEJ6XWHNSNZKQG", "starting_balance": "1000.0000000"}', 'GBRPYHIL2CI3FNQ4BXLFMNDLFJUNPU2HY3ZMFSHONUCEOASW7QC7OX2H');
INSERT INTO history_operations VALUES (55834583041, 55834583040, 1, 0, '{"funder": "GBRPYHIL2CI3FNQ4BXLFMNDLFJUNPU2HY3ZMFSHONUCEOASW7QC7OX2H", "account": "GANZGPKY5WSHWG5YOZMNG52GCK5SCJ4YGUWMJJVGZSK2FP4BI2JIJN2C", "starting_balance": "1000.0000000"}', 'GBRPYHIL2CI3FNQ4BXLFMNDLFJUNPU2HY3ZMFSHONUCEOASW7QC7OX2H');
INSERT INTO history_operations VALUES (60129546241, 60129546240, 1, 1, '{"to": "GANZGPKY5WSHWG5YOZMNG52GCK5SCJ4YGUWMJJVGZSK2FP4BI2JIJN2C", "from": "GCHC4D2CS45CJRNN4QAHT2LFZAJIU5PA7H53K3VOP6WEJ6XWHNSNZKQG", "amount": "10.0000000", "asset_type": "native"}', 'GCHC4D2CS45CJRNN4QAHT2LFZAJIU5PA7H53K3VOP6WEJ6XWHNSNZKQG');
INSERT INTO history_operations VALUES (60129550337, 60129550336, 1, 6, '{"limit": "922337203685.4775807", "trustee": "GCHC4D2CS45CJRNN4QAHT2LFZAJIU5PA7H53K3VOP6WEJ6XWHNSNZKQG", "trustor": "GANZGPKY5WSHWG5YOZMNG52GCK5SCJ4YGUWMJJVGZSK2FP4BI2JIJN2C", "asset_code": "USD", "asset_type": "credit_alphanum4", "asset_issuer": "GCHC4D2CS45CJRNN4QAHT2LFZAJIU5PA7H53K3VOP6WEJ6XWHNSNZKQG"}', 'GANZGPKY5WSHWG5YOZMNG52GCK5SCJ4YGUWMJJVGZSK2FP4BI2JIJN2C');
INSERT INTO history_operations VALUES (64424513537, 64424513536, 1, 1, '{"to": "GANZGPKY5WSHWG5YOZMNG52GCK5SCJ4YGUWMJJVGZSK2FP4BI2JIJN2C", "from": "GCHC4D2CS45CJRNN4QAHT2LFZAJIU5PA7H53K3VOP6WEJ6XWHNSNZKQG", "amount": "10.0000000", "asset_code": "USD", "asset_type": "credit_alphanum4", "asset_issuer": "GCHC4D2CS45CJRNN4QAHT2LFZAJIU5PA7H53K3VOP6WEJ6XWHNSNZKQG"}', 'GCHC4D2CS45CJRNN4QAHT2LFZAJIU5PA7H53K3VOP6WEJ6XWHNSNZKQG');
INSERT INTO history_operations VALUES (68719480833, 68719480832, 1, 0, '{"funder": "GBRPYHIL2CI3FNQ4BXLFMNDLFJUNPU2HY3ZMFSHONUCEOASW7QC7OX2H", "account": "GDRW375MAYR46ODGF2WGANQC2RRZL7O246DYHHCGWTV2RE7IHE2QUQLD", "starting_balance": "1000.0000000"}', 'GBRPYHIL2CI3FNQ4BXLFMNDLFJUNPU2HY3ZMFSHONUCEOASW7QC7OX2H');
INSERT INTO history_operations VALUES (68719484929, 68719484928, 1, 0, '{"funder": "GBRPYHIL2CI3FNQ4BXLFMNDLFJUNPU2HY3ZMFSHONUCEOASW7QC7OX2H", "account": "GACAR2AEYEKITE2LKI5RMXF5MIVZ6Q7XILROGDT22O7JX4DSWFS7FDDP", "starting_balance": "1000.0000000"}', 'GBRPYHIL2CI3FNQ4BXLFMNDLFJUNPU2HY3ZMFSHONUCEOASW7QC7OX2H');
INSERT INTO history_operations VALUES (68719489025, 68719489024, 1, 0, '{"funder": "GBRPYHIL2CI3FNQ4BXLFMNDLFJUNPU2HY3ZMFSHONUCEOASW7QC7OX2H", "account": "GAXMF43TGZHW3QN3REOUA2U5PW5BTARXGGYJ3JIFHW3YT6QRKRL3CPPU", "starting_balance": "1000.0000000"}', 'GBRPYHIL2CI3FNQ4BXLFMNDLFJUNPU2HY3ZMFSHONUCEOASW7QC7OX2H');
INSERT INTO history_operations VALUES (73014448129, 73014448128, 1, 6, '{"limit": "922337203685.4775807", "trustee": "GAXMF43TGZHW3QN3REOUA2U5PW5BTARXGGYJ3JIFHW3YT6QRKRL3CPPU", "trustor": "GACAR2AEYEKITE2LKI5RMXF5MIVZ6Q7XILROGDT22O7JX4DSWFS7FDDP", "asset_code": "EUR", "asset_type": "credit_alphanum4", "asset_issuer": "GAXMF43TGZHW3QN3REOUA2U5PW5BTARXGGYJ3JIFHW3YT6QRKRL3CPPU"}', 'GACAR2AEYEKITE2LKI5RMXF5MIVZ6Q7XILROGDT22O7JX4DSWFS7FDDP');
INSERT INTO history_operations VALUES (73014452225, 73014452224, 1, 6, '{"limit": "922337203685.4775807", "trustee": "GAXMF43TGZHW3QN3REOUA2U5PW5BTARXGGYJ3JIFHW3YT6QRKRL3CPPU", "trustor": "GDRW375MAYR46ODGF2WGANQC2RRZL7O246DYHHCGWTV2RE7IHE2QUQLD", "asset_code": "USD", "asset_type": "credit_alphanum4", "asset_issuer": "GAXMF43TGZHW3QN3REOUA2U5PW5BTARXGGYJ3JIFHW3YT6QRKRL3CPPU"}', 'GDRW375MAYR46ODGF2WGANQC2RRZL7O246DYHHCGWTV2RE7IHE2QUQLD');
INSERT INTO history_operations VALUES (141733924865, 141733924864, 1, 0, '{"funder": "GBRPYHIL2CI3FNQ4BXLFMNDLFJUNPU2HY3ZMFSHONUCEOASW7QC7OX2H", "account": "GCJKJXPKBFIHOO3455WXWG5CDBZXQNYFRRGICYMPUQ35CPQ4WVS3KZLG", "starting_balance": "1000.0000000"}', 'GBRPYHIL2CI3FNQ4BXLFMNDLFJUNPU2HY3ZMFSHONUCEOASW7QC7OX2H');
INSERT INTO history_operations VALUES (77309415425, 77309415424, 1, 1, '{"to": "GDRW375MAYR46ODGF2WGANQC2RRZL7O246DYHHCGWTV2RE7IHE2QUQLD", "from": "GAXMF43TGZHW3QN3REOUA2U5PW5BTARXGGYJ3JIFHW3YT6QRKRL3CPPU", "amount": "100.0000000", "asset_code": "USD", "asset_type": "credit_alphanum4", "asset_issuer": "GAXMF43TGZHW3QN3REOUA2U5PW5BTARXGGYJ3JIFHW3YT6QRKRL3CPPU"}', 'GAXMF43TGZHW3QN3REOUA2U5PW5BTARXGGYJ3JIFHW3YT6QRKRL3CPPU');
INSERT INTO history_operations VALUES (77309419521, 77309419520, 1, 3, '{"price": "0.5000000", "amount": "400.0000000", "price_r": {"d": 2, "n": 1}, "offer_id": 0, "buying_asset_code": "USD", "buying_asset_type": "credit_alphanum4", "selling_asset_type": "native", "buying_asset_issuer": "GAXMF43TGZHW3QN3REOUA2U5PW5BTARXGGYJ3JIFHW3YT6QRKRL3CPPU"}', 'GAXMF43TGZHW3QN3REOUA2U5PW5BTARXGGYJ3JIFHW3YT6QRKRL3CPPU');
INSERT INTO history_operations VALUES (77309423617, 77309423616, 1, 3, '{"price": "1.0000000", "amount": "300.0000000", "price_r": {"d": 1, "n": 1}, "offer_id": 0, "buying_asset_type": "native", "selling_asset_code": "EUR", "selling_asset_type": "credit_alphanum4", "selling_asset_issuer": "GAXMF43TGZHW3QN3REOUA2U5PW5BTARXGGYJ3JIFHW3YT6QRKRL3CPPU"}', 'GAXMF43TGZHW3QN3REOUA2U5PW5BTARXGGYJ3JIFHW3YT6QRKRL3CPPU');
INSERT INTO history_operations VALUES (81604382721, 81604382720, 1, 2, '{"to": "GACAR2AEYEKITE2LKI5RMXF5MIVZ6Q7XILROGDT22O7JX4DSWFS7FDDP", "from": "GDRW375MAYR46ODGF2WGANQC2RRZL7O246DYHHCGWTV2RE7IHE2QUQLD", "path": [{"asset_type": "native"}], "amount": "200.0000000", "asset_code": "EUR", "asset_type": "credit_alphanum4", "source_max": "100.0000000", "asset_issuer": "GAXMF43TGZHW3QN3REOUA2U5PW5BTARXGGYJ3JIFHW3YT6QRKRL3CPPU", "source_amount": "100.0000000", "source_asset_code": "USD", "source_asset_type": "credit_alphanum4", "source_asset_issuer": "GAXMF43TGZHW3QN3REOUA2U5PW5BTARXGGYJ3JIFHW3YT6QRKRL3CPPU"}', 'GDRW375MAYR46ODGF2WGANQC2RRZL7O246DYHHCGWTV2RE7IHE2QUQLD');
INSERT INTO history_operations VALUES (85899350017, 85899350016, 1, 2, '{"to": "GACAR2AEYEKITE2LKI5RMXF5MIVZ6Q7XILROGDT22O7JX4DSWFS7FDDP", "from": "GDRW375MAYR46ODGF2WGANQC2RRZL7O246DYHHCGWTV2RE7IHE2QUQLD", "path": [], "amount": "100.0000000", "asset_code": "EUR", "asset_type": "credit_alphanum4", "source_max": "100.0000000", "asset_issuer": "GAXMF43TGZHW3QN3REOUA2U5PW5BTARXGGYJ3JIFHW3YT6QRKRL3CPPU", "source_amount": "100.0000000", "source_asset_type": "native"}', 'GDRW375MAYR46ODGF2WGANQC2RRZL7O246DYHHCGWTV2RE7IHE2QUQLD');
INSERT INTO history_operations VALUES (90194317313, 90194317312, 1, 0, '{"funder": "GBRPYHIL2CI3FNQ4BXLFMNDLFJUNPU2HY3ZMFSHONUCEOASW7QC7OX2H", "account": "GBOK7BOUSOWPHBANBYM6MIRYZJIDIPUYJPXHTHADF75UEVIVYWHHONQC", "starting_balance": "1000.0000000"}', 'GBRPYHIL2CI3FNQ4BXLFMNDLFJUNPU2HY3ZMFSHONUCEOASW7QC7OX2H');
INSERT INTO history_operations VALUES (90194321409, 90194321408, 1, 0, '{"funder": "GBRPYHIL2CI3FNQ4BXLFMNDLFJUNPU2HY3ZMFSHONUCEOASW7QC7OX2H", "account": "GB2QIYT2IAUFMRXKLSLLPRECC6OCOGJMADSPTRK7TGNT2SFR2YGWDARD", "starting_balance": "1000.0000000"}', 'GBRPYHIL2CI3FNQ4BXLFMNDLFJUNPU2HY3ZMFSHONUCEOASW7QC7OX2H');
INSERT INTO history_operations VALUES (94489284609, 94489284608, 1, 6, '{"limit": "922337203685.4775807", "trustee": "GB2QIYT2IAUFMRXKLSLLPRECC6OCOGJMADSPTRK7TGNT2SFR2YGWDARD", "trustor": "GBOK7BOUSOWPHBANBYM6MIRYZJIDIPUYJPXHTHADF75UEVIVYWHHONQC", "asset_code": "USD", "asset_type": "credit_alphanum4", "asset_issuer": "GB2QIYT2IAUFMRXKLSLLPRECC6OCOGJMADSPTRK7TGNT2SFR2YGWDARD"}', 'GBOK7BOUSOWPHBANBYM6MIRYZJIDIPUYJPXHTHADF75UEVIVYWHHONQC');
INSERT INTO history_operations VALUES (98784251905, 98784251904, 1, 3, '{"price": "1.0000000", "amount": "20.0000000", "price_r": {"d": 1, "n": 1}, "offer_id": 0, "buying_asset_code": "USD", "buying_asset_type": "credit_alphanum4", "selling_asset_type": "native", "buying_asset_issuer": "GB2QIYT2IAUFMRXKLSLLPRECC6OCOGJMADSPTRK7TGNT2SFR2YGWDARD"}', 'GBOK7BOUSOWPHBANBYM6MIRYZJIDIPUYJPXHTHADF75UEVIVYWHHONQC');
INSERT INTO history_operations VALUES (103079219201, 103079219200, 1, 3, '{"price": "1.0000000", "amount": "30.0000000", "price_r": {"d": 1, "n": 1}, "offer_id": 0, "buying_asset_type": "native", "selling_asset_code": "USD", "selling_asset_type": "credit_alphanum4", "selling_asset_issuer": "GB2QIYT2IAUFMRXKLSLLPRECC6OCOGJMADSPTRK7TGNT2SFR2YGWDARD"}', 'GB2QIYT2IAUFMRXKLSLLPRECC6OCOGJMADSPTRK7TGNT2SFR2YGWDARD');
INSERT INTO history_operations VALUES (107374186497, 107374186496, 1, 0, '{"funder": "GBRPYHIL2CI3FNQ4BXLFMNDLFJUNPU2HY3ZMFSHONUCEOASW7QC7OX2H", "account": "GB6GN3LJUW6JYR7EDOJ47VBH7D45M4JWHXGK6LHJRAEI5JBSN2DBQY7Q", "starting_balance": "1000.0000000"}', 'GBRPYHIL2CI3FNQ4BXLFMNDLFJUNPU2HY3ZMFSHONUCEOASW7QC7OX2H');
INSERT INTO history_operations VALUES (111669153793, 111669153792, 1, 4, '{"price": "1.0000000", "amount": "200.0000000", "price_r": {"d": 1, "n": 1}, "buying_asset_type": "native", "selling_asset_code": "USD", "selling_asset_type": "credit_alphanum4", "selling_asset_issuer": "GB6GN3LJUW6JYR7EDOJ47VBH7D45M4JWHXGK6LHJRAEI5JBSN2DBQY7Q"}', 'GB6GN3LJUW6JYR7EDOJ47VBH7D45M4JWHXGK6LHJRAEI5JBSN2DBQY7Q');
INSERT INTO history_operations VALUES (111669157889, 111669157888, 1, 4, '{"price": "1.0000000", "amount": "200.0000000", "price_r": {"d": 1, "n": 1}, "buying_asset_code": "USD", "buying_asset_type": "credit_alphanum4", "selling_asset_type": "native", "buying_asset_issuer": "GB6GN3LJUW6JYR7EDOJ47VBH7D45M4JWHXGK6LHJRAEI5JBSN2DBQY7Q"}', 'GB6GN3LJUW6JYR7EDOJ47VBH7D45M4JWHXGK6LHJRAEI5JBSN2DBQY7Q');
INSERT INTO history_operations VALUES (115964121089, 115964121088, 1, 0, '{"funder": "GBRPYHIL2CI3FNQ4BXLFMNDLFJUNPU2HY3ZMFSHONUCEOASW7QC7OX2H", "account": "GCIFFRQKHMH6JD7CK5OI4XVCYCMNRNF6PYA7JTCR3FPHPJZQTYYFB5ES", "starting_balance": "1000.0000000"}', 'GBRPYHIL2CI3FNQ4BXLFMNDLFJUNPU2HY3ZMFSHONUCEOASW7QC7OX2H');
INSERT INTO history_operations VALUES (120259088385, 120259088384, 1, 5, '{"inflation_dest": "GBRPYHIL2CI3FNQ4BXLFMNDLFJUNPU2HY3ZMFSHONUCEOASW7QC7OX2H"}', 'GCIFFRQKHMH6JD7CK5OI4XVCYCMNRNF6PYA7JTCR3FPHPJZQTYYFB5ES');
INSERT INTO history_operations VALUES (120259092481, 120259092480, 1, 5, '{"set_flags": [1], "set_flags_s": ["auth_required"]}', 'GCIFFRQKHMH6JD7CK5OI4XVCYCMNRNF6PYA7JTCR3FPHPJZQTYYFB5ES');
INSERT INTO history_operations VALUES (120259096577, 120259096576, 1, 5, '{"set_flags": [2], "set_flags_s": ["auth_revocable"]}', 'GCIFFRQKHMH6JD7CK5OI4XVCYCMNRNF6PYA7JTCR3FPHPJZQTYYFB5ES');
INSERT INTO history_operations VALUES (120259100673, 120259100672, 1, 5, '{"master_key_weight": 2}', 'GCIFFRQKHMH6JD7CK5OI4XVCYCMNRNF6PYA7JTCR3FPHPJZQTYYFB5ES');
INSERT INTO history_operations VALUES (120259104769, 120259104768, 1, 5, '{"low_threshold": 0, "med_threshold": 2, "high_threshold": 2}', 'GCIFFRQKHMH6JD7CK5OI4XVCYCMNRNF6PYA7JTCR3FPHPJZQTYYFB5ES');
INSERT INTO history_operations VALUES (120259108865, 120259108864, 1, 5, '{"home_domain": "example.com"}', 'GCIFFRQKHMH6JD7CK5OI4XVCYCMNRNF6PYA7JTCR3FPHPJZQTYYFB5ES');
INSERT INTO history_operations VALUES (120259112961, 120259112960, 1, 5, '{"signer_key": "GB6J3WOLKYQE6KVDZEA4JDMFTTONUYP3PUHNDNZRWIKA6JQWIMJZATFE", "signer_weight": 1}', 'GCIFFRQKHMH6JD7CK5OI4XVCYCMNRNF6PYA7JTCR3FPHPJZQTYYFB5ES');
INSERT INTO history_operations VALUES (124554055681, 124554055680, 1, 5, '{"master_key_weight": 2}', 'GCIFFRQKHMH6JD7CK5OI4XVCYCMNRNF6PYA7JTCR3FPHPJZQTYYFB5ES');
INSERT INTO history_operations VALUES (128849022977, 128849022976, 1, 5, '{"signer_key": "GB6J3WOLKYQE6KVDZEA4JDMFTTONUYP3PUHNDNZRWIKA6JQWIMJZATFE", "signer_weight": 1}', 'GCIFFRQKHMH6JD7CK5OI4XVCYCMNRNF6PYA7JTCR3FPHPJZQTYYFB5ES');
INSERT INTO history_operations VALUES (133143990273, 133143990272, 1, 5, '{"signer_key": "GB6J3WOLKYQE6KVDZEA4JDMFTTONUYP3PUHNDNZRWIKA6JQWIMJZATFE", "signer_weight": 5}', 'GCIFFRQKHMH6JD7CK5OI4XVCYCMNRNF6PYA7JTCR3FPHPJZQTYYFB5ES');
INSERT INTO history_operations VALUES (137438957569, 137438957568, 1, 5, '{"clear_flags": [1, 2], "clear_flags_s": ["auth_required", "auth_revocable"]}', 'GCIFFRQKHMH6JD7CK5OI4XVCYCMNRNF6PYA7JTCR3FPHPJZQTYYFB5ES');
INSERT INTO history_operations VALUES (137438961665, 137438961664, 1, 5, '{"signer_key": "GB6J3WOLKYQE6KVDZEA4JDMFTTONUYP3PUHNDNZRWIKA6JQWIMJZATFE", "signer_weight": 0}', 'GCIFFRQKHMH6JD7CK5OI4XVCYCMNRNF6PYA7JTCR3FPHPJZQTYYFB5ES');
INSERT INTO history_operations VALUES (146028892161, 146028892160, 1, 6, '{"limit": "922337203685.4775807", "trustee": "GBRPYHIL2CI3FNQ4BXLFMNDLFJUNPU2HY3ZMFSHONUCEOASW7QC7OX2H", "trustor": "GCJKJXPKBFIHOO3455WXWG5CDBZXQNYFRRGICYMPUQ35CPQ4WVS3KZLG", "asset_code": "USD", "asset_type": "credit_alphanum4", "asset_issuer": "GBRPYHIL2CI3FNQ4BXLFMNDLFJUNPU2HY3ZMFSHONUCEOASW7QC7OX2H"}', 'GCJKJXPKBFIHOO3455WXWG5CDBZXQNYFRRGICYMPUQ35CPQ4WVS3KZLG');
INSERT INTO history_operations VALUES (150323859457, 150323859456, 1, 6, '{"limit": "100.0000000", "trustee": "GBRPYHIL2CI3FNQ4BXLFMNDLFJUNPU2HY3ZMFSHONUCEOASW7QC7OX2H", "trustor": "GCJKJXPKBFIHOO3455WXWG5CDBZXQNYFRRGICYMPUQ35CPQ4WVS3KZLG", "asset_code": "USD", "asset_type": "credit_alphanum4", "asset_issuer": "GBRPYHIL2CI3FNQ4BXLFMNDLFJUNPU2HY3ZMFSHONUCEOASW7QC7OX2H"}', 'GCJKJXPKBFIHOO3455WXWG5CDBZXQNYFRRGICYMPUQ35CPQ4WVS3KZLG');
INSERT INTO history_operations VALUES (154618826753, 154618826752, 1, 6, '{"limit": "100.0000000", "trustee": "GBRPYHIL2CI3FNQ4BXLFMNDLFJUNPU2HY3ZMFSHONUCEOASW7QC7OX2H", "trustor": "GCJKJXPKBFIHOO3455WXWG5CDBZXQNYFRRGICYMPUQ35CPQ4WVS3KZLG", "asset_code": "USD", "asset_type": "credit_alphanum4", "asset_issuer": "GBRPYHIL2CI3FNQ4BXLFMNDLFJUNPU2HY3ZMFSHONUCEOASW7QC7OX2H"}', 'GCJKJXPKBFIHOO3455WXWG5CDBZXQNYFRRGICYMPUQ35CPQ4WVS3KZLG');
INSERT INTO history_operations VALUES (158913794049, 158913794048, 1, 6, '{"limit": "0.0000000", "trustee": "GBRPYHIL2CI3FNQ4BXLFMNDLFJUNPU2HY3ZMFSHONUCEOASW7QC7OX2H", "trustor": "GCJKJXPKBFIHOO3455WXWG5CDBZXQNYFRRGICYMPUQ35CPQ4WVS3KZLG", "asset_code": "USD", "asset_type": "credit_alphanum4", "asset_issuer": "GBRPYHIL2CI3FNQ4BXLFMNDLFJUNPU2HY3ZMFSHONUCEOASW7QC7OX2H"}', 'GCJKJXPKBFIHOO3455WXWG5CDBZXQNYFRRGICYMPUQ35CPQ4WVS3KZLG');
INSERT INTO history_operations VALUES (163208761345, 163208761344, 1, 0, '{"funder": "GBRPYHIL2CI3FNQ4BXLFMNDLFJUNPU2HY3ZMFSHONUCEOASW7QC7OX2H", "account": "GCVW5LCRZFP7PENXTAGOVIQXADDNUXXZJCNKF4VQB2IK7W2LPJWF73UG", "starting_balance": "1000.0000000"}', 'GBRPYHIL2CI3FNQ4BXLFMNDLFJUNPU2HY3ZMFSHONUCEOASW7QC7OX2H');
INSERT INTO history_operations VALUES (163208765441, 163208765440, 1, 0, '{"funder": "GBRPYHIL2CI3FNQ4BXLFMNDLFJUNPU2HY3ZMFSHONUCEOASW7QC7OX2H", "account": "GD4SMOE3VPSF7ZR3CTEQ3P5UNTBMEJDA2GLXTHR7MMARANKKJDZ7RPGF", "starting_balance": "1000.0000000"}', 'GBRPYHIL2CI3FNQ4BXLFMNDLFJUNPU2HY3ZMFSHONUCEOASW7QC7OX2H');
INSERT INTO history_operations VALUES (167503728641, 167503728640, 1, 5, '{"set_flags": [1, 2], "set_flags_s": ["auth_required", "auth_revocable"]}', 'GD4SMOE3VPSF7ZR3CTEQ3P5UNTBMEJDA2GLXTHR7MMARANKKJDZ7RPGF');
INSERT INTO history_operations VALUES (171798695937, 171798695936, 1, 6, '{"limit": "922337203685.4775807", "trustee": "GD4SMOE3VPSF7ZR3CTEQ3P5UNTBMEJDA2GLXTHR7MMARANKKJDZ7RPGF", "trustor": "GCVW5LCRZFP7PENXTAGOVIQXADDNUXXZJCNKF4VQB2IK7W2LPJWF73UG", "asset_code": "USD", "asset_type": "credit_alphanum4", "asset_issuer": "GD4SMOE3VPSF7ZR3CTEQ3P5UNTBMEJDA2GLXTHR7MMARANKKJDZ7RPGF"}', 'GCVW5LCRZFP7PENXTAGOVIQXADDNUXXZJCNKF4VQB2IK7W2LPJWF73UG');
INSERT INTO history_operations VALUES (171798700033, 171798700032, 1, 6, '{"limit": "922337203685.4775807", "trustee": "GD4SMOE3VPSF7ZR3CTEQ3P5UNTBMEJDA2GLXTHR7MMARANKKJDZ7RPGF", "trustor": "GCVW5LCRZFP7PENXTAGOVIQXADDNUXXZJCNKF4VQB2IK7W2LPJWF73UG", "asset_code": "EUR", "asset_type": "credit_alphanum4", "asset_issuer": "GD4SMOE3VPSF7ZR3CTEQ3P5UNTBMEJDA2GLXTHR7MMARANKKJDZ7RPGF"}', 'GCVW5LCRZFP7PENXTAGOVIQXADDNUXXZJCNKF4VQB2IK7W2LPJWF73UG');
INSERT INTO history_operations VALUES (176093663233, 176093663232, 1, 7, '{"trustee": "GD4SMOE3VPSF7ZR3CTEQ3P5UNTBMEJDA2GLXTHR7MMARANKKJDZ7RPGF", "trustor": "GCVW5LCRZFP7PENXTAGOVIQXADDNUXXZJCNKF4VQB2IK7W2LPJWF73UG", "authorize": true, "asset_code": "USD", "asset_type": "credit_alphanum4", "asset_issuer": "GD4SMOE3VPSF7ZR3CTEQ3P5UNTBMEJDA2GLXTHR7MMARANKKJDZ7RPGF"}', 'GD4SMOE3VPSF7ZR3CTEQ3P5UNTBMEJDA2GLXTHR7MMARANKKJDZ7RPGF');
INSERT INTO history_operations VALUES (176093667329, 176093667328, 1, 7, '{"trustee": "GD4SMOE3VPSF7ZR3CTEQ3P5UNTBMEJDA2GLXTHR7MMARANKKJDZ7RPGF", "trustor": "GCVW5LCRZFP7PENXTAGOVIQXADDNUXXZJCNKF4VQB2IK7W2LPJWF73UG", "authorize": true, "asset_code": "EUR", "asset_type": "credit_alphanum4", "asset_issuer": "GD4SMOE3VPSF7ZR3CTEQ3P5UNTBMEJDA2GLXTHR7MMARANKKJDZ7RPGF"}', 'GD4SMOE3VPSF7ZR3CTEQ3P5UNTBMEJDA2GLXTHR7MMARANKKJDZ7RPGF');
INSERT INTO history_operations VALUES (180388630529, 180388630528, 1, 7, '{"trustee": "GD4SMOE3VPSF7ZR3CTEQ3P5UNTBMEJDA2GLXTHR7MMARANKKJDZ7RPGF", "trustor": "GCVW5LCRZFP7PENXTAGOVIQXADDNUXXZJCNKF4VQB2IK7W2LPJWF73UG", "authorize": false, "asset_code": "EUR", "asset_type": "credit_alphanum4", "asset_issuer": "GD4SMOE3VPSF7ZR3CTEQ3P5UNTBMEJDA2GLXTHR7MMARANKKJDZ7RPGF"}', 'GD4SMOE3VPSF7ZR3CTEQ3P5UNTBMEJDA2GLXTHR7MMARANKKJDZ7RPGF');
INSERT INTO history_operations VALUES (184683597825, 184683597824, 1, 0, '{"funder": "GBRPYHIL2CI3FNQ4BXLFMNDLFJUNPU2HY3ZMFSHONUCEOASW7QC7OX2H", "account": "GCHPXGVDKPF5KT4CNAT7X77OXYZ7YVE4JHKFDUHCGCVWCL4K4PQ67KKZ", "starting_balance": "1000.0000000"}', 'GBRPYHIL2CI3FNQ4BXLFMNDLFJUNPU2HY3ZMFSHONUCEOASW7QC7OX2H');
INSERT INTO history_operations VALUES (188978565121, 188978565120, 1, 8, '{"into": "GBRPYHIL2CI3FNQ4BXLFMNDLFJUNPU2HY3ZMFSHONUCEOASW7QC7OX2H", "account": "GCHPXGVDKPF5KT4CNAT7X77OXYZ7YVE4JHKFDUHCGCVWCL4K4PQ67KKZ"}', 'GCHPXGVDKPF5KT4CNAT7X77OXYZ7YVE4JHKFDUHCGCVWCL4K4PQ67KKZ');
INSERT INTO history_operations VALUES (193273532417, 193273532416, 1, 0, '{"funder": "GBRPYHIL2CI3FNQ4BXLFMNDLFJUNPU2HY3ZMFSHONUCEOASW7QC7OX2H", "account": "GDR53WAEIKOU3ZKN34CSHAWH7HV6K63CBJRUTWUDBFSMY7RRQK3SPKOS", "starting_balance": "20000000000.0000000"}', 'GBRPYHIL2CI3FNQ4BXLFMNDLFJUNPU2HY3ZMFSHONUCEOASW7QC7OX2H');
INSERT INTO history_operations VALUES (197568499713, 197568499712, 1, 5, '{"inflation_dest": "GBRPYHIL2CI3FNQ4BXLFMNDLFJUNPU2HY3ZMFSHONUCEOASW7QC7OX2H"}', 'GBRPYHIL2CI3FNQ4BXLFMNDLFJUNPU2HY3ZMFSHONUCEOASW7QC7OX2H');
INSERT INTO history_operations VALUES (197568503809, 197568503808, 1, 5, '{"inflation_dest": "GDR53WAEIKOU3ZKN34CSHAWH7HV6K63CBJRUTWUDBFSMY7RRQK3SPKOS"}', 'GDR53WAEIKOU3ZKN34CSHAWH7HV6K63CBJRUTWUDBFSMY7RRQK3SPKOS');
INSERT INTO history_operations VALUES (201863467009, 201863467008, 1, 9, '{}', 'GBRPYHIL2CI3FNQ4BXLFMNDLFJUNPU2HY3ZMFSHONUCEOASW7QC7OX2H');
INSERT INTO history_operations VALUES (206158434305, 206158434304, 1, 0, '{"funder": "GBRPYHIL2CI3FNQ4BXLFMNDLFJUNPU2HY3ZMFSHONUCEOASW7QC7OX2H", "account": "GAYSCMKQY6EYLXOPTT6JPPOXDMVNBWITPTSZIVWW4LWARVBOTH5RTLAD", "starting_balance": "1000.0000000"}', 'GBRPYHIL2CI3FNQ4BXLFMNDLFJUNPU2HY3ZMFSHONUCEOASW7QC7OX2H');
INSERT INTO history_operations VALUES (210453401601, 210453401600, 1, 10, '{"name": "name1", "value": "MTIzNA=="}', 'GAYSCMKQY6EYLXOPTT6JPPOXDMVNBWITPTSZIVWW4LWARVBOTH5RTLAD');
INSERT INTO history_operations VALUES (210453405697, 210453405696, 1, 10, '{"name": "name2", "value": "NTY3OA=="}', 'GAYSCMKQY6EYLXOPTT6JPPOXDMVNBWITPTSZIVWW4LWARVBOTH5RTLAD');
INSERT INTO history_operations VALUES (210453409793, 210453409792, 1, 10, '{"name": "name ", "value": "aXRzIGdvdCBzcGFjZXMh"}', 'GAYSCMKQY6EYLXOPTT6JPPOXDMVNBWITPTSZIVWW4LWARVBOTH5RTLAD');
INSERT INTO history_operations VALUES (214748368897, 214748368896, 1, 10, '{"name": "name2", "value": null}', 'GAYSCMKQY6EYLXOPTT6JPPOXDMVNBWITPTSZIVWW4LWARVBOTH5RTLAD');
INSERT INTO history_operations VALUES (219043336193, 219043336192, 1, 10, '{"name": "name1", "value": "MTIzNA=="}', 'GAYSCMKQY6EYLXOPTT6JPPOXDMVNBWITPTSZIVWW4LWARVBOTH5RTLAD');
INSERT INTO history_operations VALUES (223338303489, 223338303488, 1, 10, '{"name": "name1", "value": "MDAwMA=="}', 'GAYSCMKQY6EYLXOPTT6JPPOXDMVNBWITPTSZIVWW4LWARVBOTH5RTLAD');
INSERT INTO history_operations VALUES (227633270785, 227633270784, 1, 0, '{"funder": "GBRPYHIL2CI3FNQ4BXLFMNDLFJUNPU2HY3ZMFSHONUCEOASW7QC7OX2H", "account": "GACJPE4YUR22VP4CM2BDFDAHY3DLEF3H7NENKUQ53DT5TEI2GAHT5N4X", "starting_balance": "1000.0000000"}', 'GBRPYHIL2CI3FNQ4BXLFMNDLFJUNPU2HY3ZMFSHONUCEOASW7QC7OX2H');
INSERT INTO history_operations VALUES (231928238081, 231928238080, 1, 1, '{"to": "GACJPE4YUR22VP4CM2BDFDAHY3DLEF3H7NENKUQ53DT5TEI2GAHT5N4X", "from": "GBRPYHIL2CI3FNQ4BXLFMNDLFJUNPU2HY3ZMFSHONUCEOASW7QC7OX2H", "amount": "10.0000000", "asset_type": "native"}', 'GBRPYHIL2CI3FNQ4BXLFMNDLFJUNPU2HY3ZMFSHONUCEOASW7QC7OX2H');
INSERT INTO history_operations VALUES (231928238082, 231928238080, 2, 1, '{"to": "GBRPYHIL2CI3FNQ4BXLFMNDLFJUNPU2HY3ZMFSHONUCEOASW7QC7OX2H", "from": "GACJPE4YUR22VP4CM2BDFDAHY3DLEF3H7NENKUQ53DT5TEI2GAHT5N4X", "amount": "10.0000000", "asset_type": "native"}', 'GACJPE4YUR22VP4CM2BDFDAHY3DLEF3H7NENKUQ53DT5TEI2GAHT5N4X');
INSERT INTO history_operations VALUES (236223205377, 236223205376, 1, 0, '{"funder": "GBRPYHIL2CI3FNQ4BXLFMNDLFJUNPU2HY3ZMFSHONUCEOASW7QC7OX2H", "account": "GANFZDRBCNTUXIODCJEYMACPMCSZEVE4WZGZ3CZDZ3P2SXK4KH75IK6Y", "starting_balance": "1000.0000000"}', 'GBRPYHIL2CI3FNQ4BXLFMNDLFJUNPU2HY3ZMFSHONUCEOASW7QC7OX2H');
INSERT INTO history_operations VALUES (240518172673, 240518172672, 1, 1, '{"to": "GANFZDRBCNTUXIODCJEYMACPMCSZEVE4WZGZ3CZDZ3P2SXK4KH75IK6Y", "from": "GANFZDRBCNTUXIODCJEYMACPMCSZEVE4WZGZ3CZDZ3P2SXK4KH75IK6Y", "amount": "10.0000000", "asset_type": "native"}', 'GANFZDRBCNTUXIODCJEYMACPMCSZEVE4WZGZ3CZDZ3P2SXK4KH75IK6Y');


--
-- Data for Name: history_trades; Type: TABLE DATA; Schema: public; Owner: -
--

INSERT INTO history_trades VALUES (81604382721, 0, '2018-02-13 23:42:49', 1, 12, 1, 2000000000, 10, 2, 1000000000, true, 1, 2);
INSERT INTO history_trades VALUES (81604382721, 1, '2018-02-13 23:42:49', 2, 10, 1, 2000000000, 12, 3, 2000000000, false, 1, 1);
INSERT INTO history_trades VALUES (85899350017, 0, '2018-02-13 23:42:50', 2, 10, 1, 1000000000, 12, 3, 1000000000, false, 1, 1);
INSERT INTO history_trades VALUES (103079219201, 0, '2018-02-13 23:42:54', 3, 13, 1, 200000000, 14, 4, 200000000, true, 1, 1);


--
-- Data for Name: history_transaction_participants; Type: TABLE DATA; Schema: public; Owner: -
--

INSERT INTO history_transaction_participants VALUES (1, 12884905984, 2);
INSERT INTO history_transaction_participants VALUES (2, 12884905984, 1);
INSERT INTO history_transaction_participants VALUES (3, 17179873280, 1);
INSERT INTO history_transaction_participants VALUES (4, 17179873280, 3);
INSERT INTO history_transaction_participants VALUES (5, 21474840576, 3);
INSERT INTO history_transaction_participants VALUES (6, 21474844672, 3);
INSERT INTO history_transaction_participants VALUES (7, 21474848768, 3);
INSERT INTO history_transaction_participants VALUES (8, 25769807872, 3);
INSERT INTO history_transaction_participants VALUES (9, 30064775168, 1);
INSERT INTO history_transaction_participants VALUES (10, 30064775168, 4);
INSERT INTO history_transaction_participants VALUES (11, 34359742464, 4);
INSERT INTO history_transaction_participants VALUES (12, 34359742464, 1);
INSERT INTO history_transaction_participants VALUES (13, 34359746560, 4);
INSERT INTO history_transaction_participants VALUES (14, 34359746560, 1);
INSERT INTO history_transaction_participants VALUES (15, 34359750656, 4);
INSERT INTO history_transaction_participants VALUES (16, 34359750656, 1);
INSERT INTO history_transaction_participants VALUES (17, 34359754752, 4);
INSERT INTO history_transaction_participants VALUES (18, 34359754752, 1);
INSERT INTO history_transaction_participants VALUES (19, 38654709760, 1);
INSERT INTO history_transaction_participants VALUES (20, 38654709760, 5);
INSERT INTO history_transaction_participants VALUES (21, 42949677056, 5);
INSERT INTO history_transaction_participants VALUES (22, 42949677056, 1);
INSERT INTO history_transaction_participants VALUES (23, 47244644352, 6);
INSERT INTO history_transaction_participants VALUES (24, 47244644352, 1);
INSERT INTO history_transaction_participants VALUES (25, 51539611648, 6);
INSERT INTO history_transaction_participants VALUES (26, 51539611648, 7);
INSERT INTO history_transaction_participants VALUES (27, 55834578944, 1);
INSERT INTO history_transaction_participants VALUES (28, 55834578944, 8);
INSERT INTO history_transaction_participants VALUES (29, 55834583040, 1);
INSERT INTO history_transaction_participants VALUES (30, 55834583040, 9);
INSERT INTO history_transaction_participants VALUES (31, 60129546240, 8);
INSERT INTO history_transaction_participants VALUES (32, 60129546240, 9);
INSERT INTO history_transaction_participants VALUES (33, 60129550336, 9);
INSERT INTO history_transaction_participants VALUES (34, 64424513536, 8);
INSERT INTO history_transaction_participants VALUES (35, 64424513536, 9);
INSERT INTO history_transaction_participants VALUES (36, 68719480832, 10);
INSERT INTO history_transaction_participants VALUES (37, 68719480832, 1);
INSERT INTO history_transaction_participants VALUES (38, 68719484928, 1);
INSERT INTO history_transaction_participants VALUES (39, 68719484928, 11);
INSERT INTO history_transaction_participants VALUES (40, 68719489024, 1);
INSERT INTO history_transaction_participants VALUES (41, 68719489024, 12);
INSERT INTO history_transaction_participants VALUES (42, 73014448128, 11);
INSERT INTO history_transaction_participants VALUES (43, 73014452224, 10);
INSERT INTO history_transaction_participants VALUES (44, 77309415424, 12);
INSERT INTO history_transaction_participants VALUES (45, 77309415424, 10);
INSERT INTO history_transaction_participants VALUES (46, 77309419520, 12);
INSERT INTO history_transaction_participants VALUES (47, 77309423616, 12);
INSERT INTO history_transaction_participants VALUES (48, 81604382720, 10);
INSERT INTO history_transaction_participants VALUES (49, 81604382720, 12);
INSERT INTO history_transaction_participants VALUES (50, 81604382720, 11);
INSERT INTO history_transaction_participants VALUES (51, 85899350016, 12);
INSERT INTO history_transaction_participants VALUES (52, 85899350016, 11);
INSERT INTO history_transaction_participants VALUES (53, 85899350016, 10);
INSERT INTO history_transaction_participants VALUES (54, 90194317312, 1);
INSERT INTO history_transaction_participants VALUES (55, 90194317312, 13);
INSERT INTO history_transaction_participants VALUES (56, 90194321408, 1);
INSERT INTO history_transaction_participants VALUES (57, 90194321408, 14);
INSERT INTO history_transaction_participants VALUES (58, 94489284608, 13);
INSERT INTO history_transaction_participants VALUES (59, 98784251904, 13);
INSERT INTO history_transaction_participants VALUES (60, 103079219200, 14);
INSERT INTO history_transaction_participants VALUES (61, 103079219200, 13);
INSERT INTO history_transaction_participants VALUES (62, 107374186496, 1);
INSERT INTO history_transaction_participants VALUES (63, 107374186496, 15);
INSERT INTO history_transaction_participants VALUES (64, 111669153792, 15);
INSERT INTO history_transaction_participants VALUES (65, 111669157888, 15);
INSERT INTO history_transaction_participants VALUES (66, 115964121088, 1);
INSERT INTO history_transaction_participants VALUES (67, 115964121088, 16);
INSERT INTO history_transaction_participants VALUES (68, 120259088384, 16);
INSERT INTO history_transaction_participants VALUES (69, 120259092480, 16);
INSERT INTO history_transaction_participants VALUES (70, 120259096576, 16);
INSERT INTO history_transaction_participants VALUES (71, 120259100672, 16);
INSERT INTO history_transaction_participants VALUES (72, 120259104768, 16);
INSERT INTO history_transaction_participants VALUES (73, 120259108864, 16);
INSERT INTO history_transaction_participants VALUES (74, 120259112960, 16);
INSERT INTO history_transaction_participants VALUES (75, 124554055680, 16);
INSERT INTO history_transaction_participants VALUES (76, 128849022976, 16);
INSERT INTO history_transaction_participants VALUES (77, 133143990272, 16);
INSERT INTO history_transaction_participants VALUES (78, 137438957568, 16);
INSERT INTO history_transaction_participants VALUES (79, 137438961664, 16);
INSERT INTO history_transaction_participants VALUES (80, 141733924864, 1);
INSERT INTO history_transaction_participants VALUES (81, 141733924864, 17);
INSERT INTO history_transaction_participants VALUES (82, 146028892160, 17);
INSERT INTO history_transaction_participants VALUES (83, 150323859456, 17);
INSERT INTO history_transaction_participants VALUES (84, 154618826752, 17);
INSERT INTO history_transaction_participants VALUES (85, 158913794048, 17);
INSERT INTO history_transaction_participants VALUES (86, 163208761344, 1);
INSERT INTO history_transaction_participants VALUES (87, 163208761344, 18);
INSERT INTO history_transaction_participants VALUES (88, 163208765440, 1);
INSERT INTO history_transaction_participants VALUES (89, 163208765440, 19);
INSERT INTO history_transaction_participants VALUES (90, 167503728640, 19);
INSERT INTO history_transaction_participants VALUES (91, 171798695936, 18);
INSERT INTO history_transaction_participants VALUES (92, 171798700032, 18);
INSERT INTO history_transaction_participants VALUES (93, 176093663232, 18);
INSERT INTO history_transaction_participants VALUES (94, 176093663232, 19);
INSERT INTO history_transaction_participants VALUES (95, 176093667328, 19);
INSERT INTO history_transaction_participants VALUES (96, 176093667328, 18);
INSERT INTO history_transaction_participants VALUES (97, 180388630528, 18);
INSERT INTO history_transaction_participants VALUES (98, 180388630528, 19);
INSERT INTO history_transaction_participants VALUES (99, 184683597824, 1);
INSERT INTO history_transaction_participants VALUES (100, 184683597824, 20);
INSERT INTO history_transaction_participants VALUES (101, 188978565120, 20);
INSERT INTO history_transaction_participants VALUES (102, 188978565120, 1);
INSERT INTO history_transaction_participants VALUES (103, 193273532416, 1);
INSERT INTO history_transaction_participants VALUES (104, 193273532416, 21);
INSERT INTO history_transaction_participants VALUES (105, 197568499712, 1);
INSERT INTO history_transaction_participants VALUES (106, 197568503808, 21);
INSERT INTO history_transaction_participants VALUES (107, 201863467008, 21);
INSERT INTO history_transaction_participants VALUES (108, 201863467008, 1);
INSERT INTO history_transaction_participants VALUES (109, 206158434304, 1);
INSERT INTO history_transaction_participants VALUES (110, 206158434304, 22);
INSERT INTO history_transaction_participants VALUES (111, 210453401600, 22);
INSERT INTO history_transaction_participants VALUES (112, 210453405696, 22);
INSERT INTO history_transaction_participants VALUES (113, 210453409792, 22);
INSERT INTO history_transaction_participants VALUES (114, 214748368896, 22);
INSERT INTO history_transaction_participants VALUES (115, 219043336192, 22);
INSERT INTO history_transaction_participants VALUES (116, 223338303488, 22);
INSERT INTO history_transaction_participants VALUES (117, 227633270784, 1);
INSERT INTO history_transaction_participants VALUES (118, 227633270784, 23);
INSERT INTO history_transaction_participants VALUES (119, 231928238080, 1);
INSERT INTO history_transaction_participants VALUES (120, 231928238080, 23);
INSERT INTO history_transaction_participants VALUES (121, 236223205376, 24);
INSERT INTO history_transaction_participants VALUES (122, 236223205376, 1);
INSERT INTO history_transaction_participants VALUES (123, 240518172672, 24);


--
-- Name: history_transaction_participants_id_seq; Type: SEQUENCE SET; Schema: public; Owner: -
--

SELECT pg_catalog.setval('history_transaction_participants_id_seq', 123, true);


--
-- Data for Name: history_transactions; Type: TABLE DATA; Schema: public; Owner: -
--

INSERT INTO history_transactions VALUES ('f5e0d1f500b2d0c4b42fb8a438d5ed764bc58d1392f4328f4713af407b1968ca', 3, 1, 'GBRPYHIL2CI3FNQ4BXLFMNDLFJUNPU2HY3ZMFSHONUCEOASW7QC7OX2H', 1, 100, 1, '2018-02-13 23:42:36.18917', '2018-02-13 23:42:36.18917', 12884905984, 'AAAAAGL8HQvQkbK2HA3WVjRrKmjX00fG8sLI7m0ERwJW/AX3AAAAZAAAAAAAAAABAAAAAQAAAAAAAABkAAAAAF4MUYAAAAAAAAAAAQAAAAAAAAAAAAAAAC6N7oJcJiUzTWRDL98Bj3fVrJUB19wFvCzEHh8nn/IOAAAAAlQL5AAAAAAAAAAAAVb8BfcAAABAXK6PX0t3GL+4TcNTKBIB9vkqahUMix+Rf/7WY5d6YJsmeBQ+o5ULJWvzgfc3aTx4f/DCUXc54KcOfCfzqH0uDQ==', 'AAAAAAAAAGQAAAAAAAAAAQAAAAAAAAAAAAAAAAAAAAA=', 'AAAAAAAAAAEAAAADAAAAAAAAAAMAAAAAAAAAAC6N7oJcJiUzTWRDL98Bj3fVrJUB19wFvCzEHh8nn/IOAAAAAlQL5AAAAAADAAAAAAAAAAAAAAAAAAAAAAAAAAABAAAAAAAAAAAAAAAAAAAAAAAAAwAAAAMAAAAAAAAAAGL8HQvQkbK2HA3WVjRrKmjX00fG8sLI7m0ERwJW/AX3DeC2s6dj/5wAAAAAAAAAAQAAAAAAAAAAAAAAAAAAAAABAAAAAAAAAAAAAAAAAAAAAAAAAQAAAAMAAAAAAAAAAGL8HQvQkbK2HA3WVjRrKmjX00fG8sLI7m0ERwJW/AX3DeC2sVNYG5wAAAAAAAAAAQAAAAAAAAAAAAAAAAAAAAABAAAAAAAAAAAAAAAAAAAA', 'AAAAAgAAAAMAAAABAAAAAAAAAABi/B0L0JGythwN1lY0aypo19NHxvLCyO5tBEcCVvwF9w3gtrOnZAAAAAAAAAAAAAAAAAAAAAAAAAAAAAAAAAAAAQAAAAAAAAAAAAAAAAAAAAAAAAEAAAADAAAAAAAAAABi/B0L0JGythwN1lY0aypo19NHxvLCyO5tBEcCVvwF9w3gtrOnY/+cAAAAAAAAAAEAAAAAAAAAAAAAAAAAAAAAAQAAAAAAAAAAAAAAAAAAAA==', '{XK6PX0t3GL+4TcNTKBIB9vkqahUMix+Rf/7WY5d6YJsmeBQ+o5ULJWvzgfc3aTx4f/DCUXc54KcOfCfzqH0uDQ==}', 'none', NULL, '[100,1577865601)');
INSERT INTO history_transactions VALUES ('66e27fb28870cb5256ea92764bcb222adbbaa5fec2d89a62a9aa8c9c8e2ee9e9', 4, 1, 'GBRPYHIL2CI3FNQ4BXLFMNDLFJUNPU2HY3ZMFSHONUCEOASW7QC7OX2H', 2, 100, 1, '2018-02-13 23:42:36.200405', '2018-02-13 23:42:36.200405', 17179873280, 'AAAAAGL8HQvQkbK2HA3WVjRrKmjX00fG8sLI7m0ERwJW/AX3AAAAZAAAAAAAAAACAAAAAAAAAAAAAAABAAAAAAAAAAAAAAAA7lAZIpCRwStYOr2IrB6aiXLG/wsNVkHBYtBKJinuINUAAAACVAvkAAAAAAAAAAABVvwF9wAAAECAUpO+hxiga/YgRsV3rFpBJydgOyn0TPImJCaQCMikkiG+sNXrQBsYXjJrlOiGjGsU3rk4uvGl85AriYD9PNYH', 'AAAAAAAAAGQAAAAAAAAAAQAAAAAAAAAAAAAAAAAAAAA=', 'AAAAAAAAAAEAAAADAAAAAAAAAAQAAAAAAAAAAO5QGSKQkcErWDq9iKwemolyxv8LDVZBwWLQSiYp7iDVAAAAAlQL5AAAAAAEAAAAAAAAAAAAAAAAAAAAAAAAAAABAAAAAAAAAAAAAAAAAAAAAAAAAwAAAAQAAAAAAAAAAGL8HQvQkbK2HA3WVjRrKmjX00fG8sLI7m0ERwJW/AX3DeC2sVNYGzgAAAAAAAAAAgAAAAAAAAAAAAAAAAAAAAABAAAAAAAAAAAAAAAAAAAAAAAAAQAAAAQAAAAAAAAAAGL8HQvQkbK2HA3WVjRrKmjX00fG8sLI7m0ERwJW/AX3DeC2rv9MNzgAAAAAAAAAAgAAAAAAAAAAAAAAAAAAAAABAAAAAAAAAAAAAAAAAAAA', 'AAAAAgAAAAMAAAADAAAAAAAAAABi/B0L0JGythwN1lY0aypo19NHxvLCyO5tBEcCVvwF9w3gtrFTWBucAAAAAAAAAAEAAAAAAAAAAAAAAAAAAAAAAQAAAAAAAAAAAAAAAAAAAAAAAAEAAAAEAAAAAAAAAABi/B0L0JGythwN1lY0aypo19NHxvLCyO5tBEcCVvwF9w3gtrFTWBs4AAAAAAAAAAIAAAAAAAAAAAAAAAAAAAAAAQAAAAAAAAAAAAAAAAAAAA==', '{gFKTvocYoGv2IEbFd6xaQScnYDsp9EzyJiQmkAjIpJIhvrDV60AbGF4ya5TohoxrFN65OLrxpfOQK4mA/TzWBw==}', 'none', NULL, NULL);
INSERT INTO history_transactions VALUES ('e9d1a3000aea36743142f2ede106d3cb37c3d7e88508e3f21b496370b5863858', 5, 1, 'GDXFAGJCSCI4CK2YHK6YRLA6TKEXFRX7BMGVMQOBMLIEUJRJ5YQNLMIB', 17179869185, 100, 1, '2018-02-13 23:42:36.209141', '2018-02-13 23:42:36.209141', 21474840576, 'AAAAAO5QGSKQkcErWDq9iKwemolyxv8LDVZBwWLQSiYp7iDVAAAAZAAAAAQAAAABAAAAAAAAAAAAAAABAAAAAAAAAAUAAAAAAAAAAQAAAAAAAAABAAAAAAAAAAEAAAABAAAAAAAAAAAAAAAAAAAAAAAAAAAAAAAAAAAAASnuINUAAABASz0AtZeNzXSXkjPkKJfOE8aUTAuPR6pxMMbF337wxE3wzOTDaVcDQ2N5P3E9MKc+fbbFhZ9K+07+J0wMGltRBA==', 'AAAAAAAAAGQAAAAAAAAAAQAAAAAAAAAFAAAAAAAAAAA=', 'AAAAAAAAAAEAAAACAAAAAwAAAAUAAAAAAAAAAO5QGSKQkcErWDq9iKwemolyxv8LDVZBwWLQSiYp7iDVAAAAAlQL4tQAAAAEAAAAAwAAAAAAAAAAAAAAAAAAAAABAAAAAAAAAAAAAAAAAAAAAAAAAQAAAAUAAAAAAAAAAO5QGSKQkcErWDq9iKwemolyxv8LDVZBwWLQSiYp7iDVAAAAAlQL4tQAAAAEAAAAAwAAAAAAAAAAAAAAAAAAAAABAAAAAAAAAAAAAAAAAAAA', 'AAAAAgAAAAMAAAAEAAAAAAAAAADuUBkikJHBK1g6vYisHpqJcsb/Cw1WQcFi0EomKe4g1QAAAAJUC+QAAAAABAAAAAAAAAAAAAAAAAAAAAAAAAAAAQAAAAAAAAAAAAAAAAAAAAAAAAEAAAAFAAAAAAAAAADuUBkikJHBK1g6vYisHpqJcsb/Cw1WQcFi0EomKe4g1QAAAAJUC+OcAAAABAAAAAEAAAAAAAAAAAAAAAAAAAAAAQAAAAAAAAAAAAAAAAAAAA==', '{Sz0AtZeNzXSXkjPkKJfOE8aUTAuPR6pxMMbF337wxE3wzOTDaVcDQ2N5P3E9MKc+fbbFhZ9K+07+J0wMGltRBA==}', 'none', NULL, NULL);
INSERT INTO history_transactions VALUES ('995b9269f9f9c4c1eace75501188766d6e8ae40c5413120811a50437683cb74c', 5, 2, 'GDXFAGJCSCI4CK2YHK6YRLA6TKEXFRX7BMGVMQOBMLIEUJRJ5YQNLMIB', 17179869186, 100, 1, '2018-02-13 23:42:36.211122', '2018-02-13 23:42:36.211122', 21474844672, 'AAAAAO5QGSKQkcErWDq9iKwemolyxv8LDVZBwWLQSiYp7iDVAAAAZAAAAAQAAAACAAAAAAAAAAAAAAABAAAAAAAAAAUAAAAAAAAAAQAAAAAAAAABAAAAAAAAAAAAAAAAAAAAAAAAAAAAAAAAAAAAAQAAAAD2T51Mi2fjmCY4Z+R5JON1LluqzrnpmTxUJXTp/A3FRwAAAAEAAAAAAAAAASnuINUAAABADpkMMc7kkkYjDoPwfUlOE9tLYvWHI/m+BBe/gCKN1cVvEF1UBVeCCuGBTjury4TqoxplKl4NZHJST5/Orr4XCA==', 'AAAAAAAAAGQAAAAAAAAAAQAAAAAAAAAFAAAAAAAAAAA=', 'AAAAAAAAAAEAAAACAAAAAwAAAAUAAAAAAAAAAO5QGSKQkcErWDq9iKwemolyxv8LDVZBwWLQSiYp7iDVAAAAAlQL4tQAAAAEAAAAAwAAAAAAAAAAAAAAAAAAAAABAAAAAAAAAAAAAAAAAAAAAAAAAQAAAAUAAAAAAAAAAO5QGSKQkcErWDq9iKwemolyxv8LDVZBwWLQSiYp7iDVAAAAAlQL4tQAAAAEAAAAAwAAAAEAAAAAAAAAAAAAAAABAAAAAAAAAQAAAAD2T51Mi2fjmCY4Z+R5JON1LluqzrnpmTxUJXTp/A3FRwAAAAEAAAAAAAAAAA==', 'AAAAAgAAAAMAAAAFAAAAAAAAAADuUBkikJHBK1g6vYisHpqJcsb/Cw1WQcFi0EomKe4g1QAAAAJUC+OcAAAABAAAAAEAAAAAAAAAAAAAAAAAAAAAAQAAAAAAAAAAAAAAAAAAAAAAAAEAAAAFAAAAAAAAAADuUBkikJHBK1g6vYisHpqJcsb/Cw1WQcFi0EomKe4g1QAAAAJUC+M4AAAABAAAAAIAAAAAAAAAAAAAAAAAAAAAAQAAAAAAAAAAAAAAAAAAAA==', '{DpkMMc7kkkYjDoPwfUlOE9tLYvWHI/m+BBe/gCKN1cVvEF1UBVeCCuGBTjury4TqoxplKl4NZHJST5/Orr4XCA==}', 'none', NULL, NULL);
INSERT INTO history_transactions VALUES ('f78dca926455579b4a43009ffe35a0229a6da4bed32d3c999d7a06ad26605a25', 5, 3, 'GDXFAGJCSCI4CK2YHK6YRLA6TKEXFRX7BMGVMQOBMLIEUJRJ5YQNLMIB', 17179869187, 100, 1, '2018-02-13 23:42:36.213489', '2018-02-13 23:42:36.213489', 21474848768, 'AAAAAO5QGSKQkcErWDq9iKwemolyxv8LDVZBwWLQSiYp7iDVAAAAZAAAAAQAAAADAAAAAAAAAAAAAAABAAAAAAAAAAUAAAAAAAAAAQAAAAAAAAABAAAAAAAAAAAAAAABAAAAAgAAAAEAAAACAAAAAQAAAAIAAAAAAAAAAAAAAAAAAAABKe4g1QAAAEDglRRymtLjw+ImmGwTiBTKE7X7+2CywlHw8qed+t520SbAggcqboy5KXJaEP51/wRSMxtZUgDOFfaDn9Df04EA', 'AAAAAAAAAGQAAAAAAAAAAQAAAAAAAAAFAAAAAAAAAAA=', 'AAAAAAAAAAEAAAACAAAAAwAAAAUAAAAAAAAAAO5QGSKQkcErWDq9iKwemolyxv8LDVZBwWLQSiYp7iDVAAAAAlQL4tQAAAAEAAAAAwAAAAEAAAAAAAAAAAAAAAABAAAAAAAAAQAAAAD2T51Mi2fjmCY4Z+R5JON1LluqzrnpmTxUJXTp/A3FRwAAAAEAAAAAAAAAAAAAAAEAAAAFAAAAAAAAAADuUBkikJHBK1g6vYisHpqJcsb/Cw1WQcFi0EomKe4g1QAAAAJUC+LUAAAABAAAAAMAAAABAAAAAAAAAAAAAAAAAQICAgAAAAEAAAAA9k+dTItn45gmOGfkeSTjdS5bqs656Zk8VCV06fwNxUcAAAABAAAAAAAAAAA=', 'AAAAAgAAAAMAAAAFAAAAAAAAAADuUBkikJHBK1g6vYisHpqJcsb/Cw1WQcFi0EomKe4g1QAAAAJUC+M4AAAABAAAAAIAAAAAAAAAAAAAAAAAAAAAAQAAAAAAAAAAAAAAAAAAAAAAAAEAAAAFAAAAAAAAAADuUBkikJHBK1g6vYisHpqJcsb/Cw1WQcFi0EomKe4g1QAAAAJUC+LUAAAABAAAAAMAAAAAAAAAAAAAAAAAAAAAAQAAAAAAAAAAAAAAAAAAAA==', '{4JUUcprS48PiJphsE4gUyhO1+/tgssJR8PKnnfredtEmwIIHKm6MuSlyWhD+df8EUjMbWVIAzhX2g5/Q39OBAA==}', 'none', NULL, NULL);
INSERT INTO history_transactions VALUES ('a9085e13fbe9f84e07e320a0d445536de1afc2cfd8c7e4186687807edd2b4897', 6, 1, 'GDXFAGJCSCI4CK2YHK6YRLA6TKEXFRX7BMGVMQOBMLIEUJRJ5YQNLMIB', 17179869188, 100, 1, '2018-02-13 23:42:36.221141', '2018-02-13 23:42:36.221141', 25769807872, 'AAAAAO5QGSKQkcErWDq9iKwemolyxv8LDVZBwWLQSiYp7iDVAAAAZAAAAAQAAAAEAAAAAAAAAAAAAAABAAAAAAAAAAUAAAAAAAAAAQAAAAAAAAABAAAAAAAAAAEAAAACAAAAAAAAAAAAAAAAAAAAAAAAAAAAAAAAAAAAAinuINUAAABA4PRAe0en/05ZH2leCeTOsxbT0cUu3wgUiWUcuDk4ya8G/gI90hlV6pzOYyAB6Zt5fN7pRrPRL/tTlnjgUAjaBvwNxUcAAABAFmdGR6JZukKJUC3Vr2YEJ/24G3tesqTv4cV5UcAozRhS2+w0PYVVqe7QTmOMNSGX/C3LxP1tSvpXdU/OhYsODw==', 'AAAAAAAAAGQAAAAAAAAAAQAAAAAAAAAFAAAAAAAAAAA=', 'AAAAAAAAAAEAAAACAAAAAwAAAAYAAAAAAAAAAO5QGSKQkcErWDq9iKwemolyxv8LDVZBwWLQSiYp7iDVAAAAAlQL4nAAAAAEAAAABAAAAAEAAAAAAAAAAAAAAAABAgICAAAAAQAAAAD2T51Mi2fjmCY4Z+R5JON1LluqzrnpmTxUJXTp/A3FRwAAAAEAAAAAAAAAAAAAAAEAAAAGAAAAAAAAAADuUBkikJHBK1g6vYisHpqJcsb/Cw1WQcFi0EomKe4g1QAAAAJUC+JwAAAABAAAAAQAAAABAAAAAAAAAAAAAAAAAgICAgAAAAEAAAAA9k+dTItn45gmOGfkeSTjdS5bqs656Zk8VCV06fwNxUcAAAABAAAAAAAAAAA=', 'AAAAAgAAAAMAAAAFAAAAAAAAAADuUBkikJHBK1g6vYisHpqJcsb/Cw1WQcFi0EomKe4g1QAAAAJUC+LUAAAABAAAAAMAAAABAAAAAAAAAAAAAAAAAQICAgAAAAEAAAAA9k+dTItn45gmOGfkeSTjdS5bqs656Zk8VCV06fwNxUcAAAABAAAAAAAAAAAAAAABAAAABgAAAAAAAAAA7lAZIpCRwStYOr2IrB6aiXLG/wsNVkHBYtBKJinuINUAAAACVAvicAAAAAQAAAAEAAAAAQAAAAAAAAAAAAAAAAECAgIAAAABAAAAAPZPnUyLZ+OYJjhn5Hkk43UuW6rOuemZPFQldOn8DcVHAAAAAQAAAAAAAAAA', '{4PRAe0en/05ZH2leCeTOsxbT0cUu3wgUiWUcuDk4ya8G/gI90hlV6pzOYyAB6Zt5fN7pRrPRL/tTlnjgUAjaBg==,FmdGR6JZukKJUC3Vr2YEJ/24G3tesqTv4cV5UcAozRhS2+w0PYVVqe7QTmOMNSGX/C3LxP1tSvpXdU/OhYsODw==}', 'none', NULL, NULL);
INSERT INTO history_transactions VALUES ('0fb9c2e20946222b23e1d1d660de9d74576c41cfd9b199f9d565a013c1ef89ca', 7, 1, 'GBRPYHIL2CI3FNQ4BXLFMNDLFJUNPU2HY3ZMFSHONUCEOASW7QC7OX2H', 3, 100, 1, '2018-02-13 23:42:36.228644', '2018-02-13 23:42:36.228644', 30064775168, 'AAAAAGL8HQvQkbK2HA3WVjRrKmjX00fG8sLI7m0ERwJW/AX3AAAAZAAAAAAAAAADAAAAAAAAAAAAAAABAAAAAAAAAAAAAAAAOerFQRLRq/h3Xf4EErEqz7oD9wk20zX+d/h4dXc7DToAAAACVAvkAAAAAAAAAAABVvwF9wAAAED8tIFyog9OeCqiaBNfxFdAlneNYTfjoNUMKi6FJCY5BqemnDBxGox3jKS/xx4zpxAToEFp3Y2M+NRJIU4g/H0J', 'AAAAAAAAAGQAAAAAAAAAAQAAAAAAAAAAAAAAAAAAAAA=', 'AAAAAAAAAAEAAAADAAAAAAAAAAcAAAAAAAAAADnqxUES0av4d13+BBKxKs+6A/cJNtM1/nf4eHV3Ow06AAAAAlQL5AAAAAAHAAAAAAAAAAAAAAAAAAAAAAAAAAABAAAAAAAAAAAAAAAAAAAAAAAAAwAAAAcAAAAAAAAAAGL8HQvQkbK2HA3WVjRrKmjX00fG8sLI7m0ERwJW/AX3DeC2rv9MNtQAAAAAAAAAAwAAAAAAAAAAAAAAAAAAAAABAAAAAAAAAAAAAAAAAAAAAAAAAQAAAAcAAAAAAAAAAGL8HQvQkbK2HA3WVjRrKmjX00fG8sLI7m0ERwJW/AX3DeC2rKtAUtQAAAAAAAAAAwAAAAAAAAAAAAAAAAAAAAABAAAAAAAAAAAAAAAAAAAA', 'AAAAAgAAAAMAAAAEAAAAAAAAAABi/B0L0JGythwN1lY0aypo19NHxvLCyO5tBEcCVvwF9w3gtq7/TDc4AAAAAAAAAAIAAAAAAAAAAAAAAAAAAAAAAQAAAAAAAAAAAAAAAAAAAAAAAAEAAAAHAAAAAAAAAABi/B0L0JGythwN1lY0aypo19NHxvLCyO5tBEcCVvwF9w3gtq7/TDbUAAAAAAAAAAMAAAAAAAAAAAAAAAAAAAAAAQAAAAAAAAAAAAAAAAAAAA==', '{/LSBcqIPTngqomgTX8RXQJZ3jWE346DVDCouhSQmOQanppwwcRqMd4ykv8ceM6cQE6BBad2NjPjUSSFOIPx9CQ==}', 'none', NULL, NULL);
INSERT INTO history_transactions VALUES ('dd74eee27a59843b28a05ad08abf65eaa231b7debe4d05550c0a7a424cca5929', 8, 1, 'GA46VRKBCLI2X6DXLX7AIEVRFLH3UA7XBE3NGNP6O74HQ5LXHMGTV2JB', 30064771073, 100, 1, '2018-02-13 23:42:36.237225', '2018-02-13 23:42:36.237225', 34359742464, 'AAAAADnqxUES0av4d13+BBKxKs+6A/cJNtM1/nf4eHV3Ow06AAAAZAAAAAcAAAABAAAAAAAAAAIAAAAAAAAAewAAAAEAAAAAAAAAAQAAAABi/B0L0JGythwN1lY0aypo19NHxvLCyO5tBEcCVvwF9wAAAAAAAAAAAJiWgAAAAAAAAAABdzsNOgAAAEBjk5EFqV8GiL9xU62OUCKeScXxGMTMqJoD7ryiGf5jLPZJRSphbWC3ZycHE+pDuu/6EKSqcNUri5AXzQmM+GYB', 'AAAAAAAAAGQAAAAAAAAAAQAAAAAAAAABAAAAAAAAAAA=', 'AAAAAAAAAAEAAAAEAAAAAwAAAAgAAAAAAAAAADnqxUES0av4d13+BBKxKs+6A/cJNtM1/nf4eHV3Ow06AAAAAlQL4nAAAAAHAAAABAAAAAAAAAAAAAAAAAAAAAABAAAAAAAAAAAAAAAAAAAAAAAAAQAAAAgAAAAAAAAAADnqxUES0av4d13+BBKxKs+6A/cJNtM1/nf4eHV3Ow06AAAAAlNzS/AAAAAHAAAABAAAAAAAAAAAAAAAAAAAAAABAAAAAAAAAAAAAAAAAAAAAAAAAwAAAAcAAAAAAAAAAGL8HQvQkbK2HA3WVjRrKmjX00fG8sLI7m0ERwJW/AX3DeC2rKtAUtQAAAAAAAAAAwAAAAAAAAAAAAAAAAAAAAABAAAAAAAAAAAAAAAAAAAAAAAAAQAAAAgAAAAAAAAAAGL8HQvQkbK2HA3WVjRrKmjX00fG8sLI7m0ERwJW/AX3DeC2rKvY6VQAAAAAAAAAAwAAAAAAAAAAAAAAAAAAAAABAAAAAAAAAAAAAAAAAAAA', 'AAAAAgAAAAMAAAAHAAAAAAAAAAA56sVBEtGr+Hdd/gQSsSrPugP3CTbTNf53+Hh1dzsNOgAAAAJUC+QAAAAABwAAAAAAAAAAAAAAAAAAAAAAAAAAAQAAAAAAAAAAAAAAAAAAAAAAAAEAAAAIAAAAAAAAAAA56sVBEtGr+Hdd/gQSsSrPugP3CTbTNf53+Hh1dzsNOgAAAAJUC+OcAAAABwAAAAEAAAAAAAAAAAAAAAAAAAAAAQAAAAAAAAAAAAAAAAAAAA==', '{Y5ORBalfBoi/cVOtjlAinknF8RjEzKiaA+68ohn+Yyz2SUUqYW1gt2cnBxPqQ7rv+hCkqnDVK4uQF80JjPhmAQ==}', 'id', '123', NULL);
INSERT INTO history_transactions VALUES ('2551e76a3ce4881b7bc73fdfd89d670d511ea7d4e56156252b51777023202de7', 8, 2, 'GA46VRKBCLI2X6DXLX7AIEVRFLH3UA7XBE3NGNP6O74HQ5LXHMGTV2JB', 30064771074, 100, 1, '2018-02-13 23:42:36.239391', '2018-02-13 23:42:36.239391', 34359746560, 'AAAAADnqxUES0av4d13+BBKxKs+6A/cJNtM1/nf4eHV3Ow06AAAAZAAAAAcAAAACAAAAAAAAAAEAAAAFaGVsbG8AAAAAAAABAAAAAAAAAAEAAAAAYvwdC9CRsrYcDdZWNGsqaNfTR8bywsjubQRHAlb8BfcAAAAAAAAAAACYloAAAAAAAAAAAXc7DToAAABAS2+MaPA79AjD0B7qjl0qEz0N6CkDmoS4kgnXjZfbvdc9IkqNm0S+vKBNgV80pSfixY147L+jvS/ganovqbLiAQ==', 'AAAAAAAAAGQAAAAAAAAAAQAAAAAAAAABAAAAAAAAAAA=', 'AAAAAAAAAAEAAAAEAAAAAwAAAAgAAAAAAAAAADnqxUES0av4d13+BBKxKs+6A/cJNtM1/nf4eHV3Ow06AAAAAlNzS/AAAAAHAAAABAAAAAAAAAAAAAAAAAAAAAABAAAAAAAAAAAAAAAAAAAAAAAAAQAAAAgAAAAAAAAAADnqxUES0av4d13+BBKxKs+6A/cJNtM1/nf4eHV3Ow06AAAAAlLatXAAAAAHAAAABAAAAAAAAAAAAAAAAAAAAAABAAAAAAAAAAAAAAAAAAAAAAAAAwAAAAgAAAAAAAAAAGL8HQvQkbK2HA3WVjRrKmjX00fG8sLI7m0ERwJW/AX3DeC2rKvY6VQAAAAAAAAAAwAAAAAAAAAAAAAAAAAAAAABAAAAAAAAAAAAAAAAAAAAAAAAAQAAAAgAAAAAAAAAAGL8HQvQkbK2HA3WVjRrKmjX00fG8sLI7m0ERwJW/AX3DeC2rKxxf9QAAAAAAAAAAwAAAAAAAAAAAAAAAAAAAAABAAAAAAAAAAAAAAAAAAAA', 'AAAAAgAAAAMAAAAIAAAAAAAAAAA56sVBEtGr+Hdd/gQSsSrPugP3CTbTNf53+Hh1dzsNOgAAAAJUC+OcAAAABwAAAAEAAAAAAAAAAAAAAAAAAAAAAQAAAAAAAAAAAAAAAAAAAAAAAAEAAAAIAAAAAAAAAAA56sVBEtGr+Hdd/gQSsSrPugP3CTbTNf53+Hh1dzsNOgAAAAJUC+M4AAAABwAAAAIAAAAAAAAAAAAAAAAAAAAAAQAAAAAAAAAAAAAAAAAAAA==', '{S2+MaPA79AjD0B7qjl0qEz0N6CkDmoS4kgnXjZfbvdc9IkqNm0S+vKBNgV80pSfixY147L+jvS/ganovqbLiAQ==}', 'text', 'hello', NULL);
INSERT INTO history_transactions VALUES ('3b36ecfbcc2adb0cfff08ae86199f64e12984f084bb03be9bb249611df82322b', 8, 3, 'GA46VRKBCLI2X6DXLX7AIEVRFLH3UA7XBE3NGNP6O74HQ5LXHMGTV2JB', 30064771075, 100, 1, '2018-02-13 23:42:36.242255', '2018-02-13 23:42:36.242255', 34359750656, 'AAAAADnqxUES0av4d13+BBKxKs+6A/cJNtM1/nf4eHV3Ow06AAAAZAAAAAcAAAADAAAAAAAAAAMBAQEBAQEBAQEBAQEBAQEBAQEBAQEBAQEBAQEBAQEBAQAAAAEAAAAAAAAAAQAAAABi/B0L0JGythwN1lY0aypo19NHxvLCyO5tBEcCVvwF9wAAAAAAAAAAAJiWgAAAAAAAAAABdzsNOgAAAEDC9hMtMYZ6hbx1iAdXngRcCYQmf8eu4zcB9SLH2998tVYca6QYig5Dsgy2oCMD1J7khIL9jz/VWjcPhvTVvC8L', 'AAAAAAAAAGQAAAAAAAAAAQAAAAAAAAABAAAAAAAAAAA=', 'AAAAAAAAAAEAAAAEAAAAAwAAAAgAAAAAAAAAADnqxUES0av4d13+BBKxKs+6A/cJNtM1/nf4eHV3Ow06AAAAAlLatXAAAAAHAAAABAAAAAAAAAAAAAAAAAAAAAABAAAAAAAAAAAAAAAAAAAAAAAAAQAAAAgAAAAAAAAAADnqxUES0av4d13+BBKxKs+6A/cJNtM1/nf4eHV3Ow06AAAAAlJCHvAAAAAHAAAABAAAAAAAAAAAAAAAAAAAAAABAAAAAAAAAAAAAAAAAAAAAAAAAwAAAAgAAAAAAAAAAGL8HQvQkbK2HA3WVjRrKmjX00fG8sLI7m0ERwJW/AX3DeC2rKxxf9QAAAAAAAAAAwAAAAAAAAAAAAAAAAAAAAABAAAAAAAAAAAAAAAAAAAAAAAAAQAAAAgAAAAAAAAAAGL8HQvQkbK2HA3WVjRrKmjX00fG8sLI7m0ERwJW/AX3DeC2rK0KFlQAAAAAAAAAAwAAAAAAAAAAAAAAAAAAAAABAAAAAAAAAAAAAAAAAAAA', 'AAAAAgAAAAMAAAAIAAAAAAAAAAA56sVBEtGr+Hdd/gQSsSrPugP3CTbTNf53+Hh1dzsNOgAAAAJUC+M4AAAABwAAAAIAAAAAAAAAAAAAAAAAAAAAAQAAAAAAAAAAAAAAAAAAAAAAAAEAAAAIAAAAAAAAAAA56sVBEtGr+Hdd/gQSsSrPugP3CTbTNf53+Hh1dzsNOgAAAAJUC+LUAAAABwAAAAMAAAAAAAAAAAAAAAAAAAAAAQAAAAAAAAAAAAAAAAAAAA==', '{wvYTLTGGeoW8dYgHV54EXAmEJn/HruM3AfUix9vffLVWHGukGIoOQ7IMtqAjA9Se5ISC/Y8/1Vo3D4b01bwvCw==}', 'hash', 'AQEBAQEBAQEBAQEBAQEBAQEBAQEBAQEBAQEBAQEBAQE=', NULL);
INSERT INTO history_transactions VALUES ('e14885cb66af5f7f5e991b014eec475c61cc831292cf5526cdd0cda145300837', 8, 4, 'GA46VRKBCLI2X6DXLX7AIEVRFLH3UA7XBE3NGNP6O74HQ5LXHMGTV2JB', 30064771076, 100, 1, '2018-02-13 23:42:36.244313', '2018-02-13 23:42:36.244313', 34359754752, 'AAAAADnqxUES0av4d13+BBKxKs+6A/cJNtM1/nf4eHV3Ow06AAAAZAAAAAcAAAAEAAAAAAAAAAQCAgICAgICAgICAgICAgICAgICAgICAgICAgICAgICAgAAAAEAAAAAAAAAAQAAAABi/B0L0JGythwN1lY0aypo19NHxvLCyO5tBEcCVvwF9wAAAAAAAAAAAJiWgAAAAAAAAAABdzsNOgAAAEBOfq9PQ8EGcpjRWEaqGxvhBjSVuk6K5A2rthLYHnmAXmQ1JjJD3EddjiES3bPZUF5efGQvRjoEKgiB2dU3f2wF', 'AAAAAAAAAGQAAAAAAAAAAQAAAAAAAAABAAAAAAAAAAA=', 'AAAAAAAAAAEAAAAEAAAAAwAAAAgAAAAAAAAAADnqxUES0av4d13+BBKxKs+6A/cJNtM1/nf4eHV3Ow06AAAAAlJCHvAAAAAHAAAABAAAAAAAAAAAAAAAAAAAAAABAAAAAAAAAAAAAAAAAAAAAAAAAQAAAAgAAAAAAAAAADnqxUES0av4d13+BBKxKs+6A/cJNtM1/nf4eHV3Ow06AAAAAlGpiHAAAAAHAAAABAAAAAAAAAAAAAAAAAAAAAABAAAAAAAAAAAAAAAAAAAAAAAAAwAAAAgAAAAAAAAAAGL8HQvQkbK2HA3WVjRrKmjX00fG8sLI7m0ERwJW/AX3DeC2rK0KFlQAAAAAAAAAAwAAAAAAAAAAAAAAAAAAAAABAAAAAAAAAAAAAAAAAAAAAAAAAQAAAAgAAAAAAAAAAGL8HQvQkbK2HA3WVjRrKmjX00fG8sLI7m0ERwJW/AX3DeC2rK2irNQAAAAAAAAAAwAAAAAAAAAAAAAAAAAAAAABAAAAAAAAAAAAAAAAAAAA', 'AAAAAgAAAAMAAAAIAAAAAAAAAAA56sVBEtGr+Hdd/gQSsSrPugP3CTbTNf53+Hh1dzsNOgAAAAJUC+LUAAAABwAAAAMAAAAAAAAAAAAAAAAAAAAAAQAAAAAAAAAAAAAAAAAAAAAAAAEAAAAIAAAAAAAAAAA56sVBEtGr+Hdd/gQSsSrPugP3CTbTNf53+Hh1dzsNOgAAAAJUC+JwAAAABwAAAAQAAAAAAAAAAAAAAAAAAAAAAQAAAAAAAAAAAAAAAAAAAA==', '{Tn6vT0PBBnKY0VhGqhsb4QY0lbpOiuQNq7YS2B55gF5kNSYyQ9xHXY4hEt2z2VBeXnxkL0Y6BCoIgdnVN39sBQ==}', 'return', 'AgICAgICAgICAgICAgICAgICAgICAgICAgICAgICAgI=', NULL);
INSERT INTO history_transactions VALUES ('66c28c0ccd5a2e47026aacafa2ecd3c501fe5de349ef376c0f8afb893c7bb55d', 9, 1, 'GBRPYHIL2CI3FNQ4BXLFMNDLFJUNPU2HY3ZMFSHONUCEOASW7QC7OX2H', 4, 100, 1, '2018-02-13 23:42:36.249493', '2018-02-13 23:42:36.249493', 38654709760, 'AAAAAGL8HQvQkbK2HA3WVjRrKmjX00fG8sLI7m0ERwJW/AX3AAAAZAAAAAAAAAAEAAAAAAAAAAAAAAABAAAAAAAAAAAAAAAADd1O3oAD6ZmsdNe9Y4zdIQW1rTvIfAEYi/0il9kFYl4AAAACVAvkAAAAAAAAAAABVvwF9wAAAEARD6MVWgEASusfhr6JdF9K3Rie2XCRJKl/NoKyJcrd1kGs3ygpp55xu80YlFwgNVErZ/cEAHYOq06CwNfnE2sC', 'AAAAAAAAAGQAAAAAAAAAAQAAAAAAAAAAAAAAAAAAAAA=', 'AAAAAAAAAAEAAAADAAAAAAAAAAkAAAAAAAAAAA3dTt6AA+mZrHTXvWOM3SEFta07yHwBGIv9IpfZBWJeAAAAAlQL5AAAAAAJAAAAAAAAAAAAAAAAAAAAAAAAAAABAAAAAAAAAAAAAAAAAAAAAAAAAwAAAAkAAAAAAAAAAGL8HQvQkbK2HA3WVjRrKmjX00fG8sLI7m0ERwJW/AX3DeC2rK2irHAAAAAAAAAABAAAAAAAAAAAAAAAAAAAAAABAAAAAAAAAAAAAAAAAAAAAAAAAQAAAAkAAAAAAAAAAGL8HQvQkbK2HA3WVjRrKmjX00fG8sLI7m0ERwJW/AX3DeC2qlmWyHAAAAAAAAAABAAAAAAAAAAAAAAAAAAAAAABAAAAAAAAAAAAAAAAAAAA', 'AAAAAgAAAAMAAAAIAAAAAAAAAABi/B0L0JGythwN1lY0aypo19NHxvLCyO5tBEcCVvwF9w3gtqytoqzUAAAAAAAAAAMAAAAAAAAAAAAAAAAAAAAAAQAAAAAAAAAAAAAAAAAAAAAAAAEAAAAJAAAAAAAAAABi/B0L0JGythwN1lY0aypo19NHxvLCyO5tBEcCVvwF9w3gtqytoqxwAAAAAAAAAAQAAAAAAAAAAAAAAAAAAAAAAQAAAAAAAAAAAAAAAAAAAA==', '{EQ+jFVoBAErrH4a+iXRfSt0YntlwkSSpfzaCsiXK3dZBrN8oKaeecbvNGJRcIDVRK2f3BAB2DqtOgsDX5xNrAg==}', 'none', NULL, NULL);
INSERT INTO history_transactions VALUES ('fdb696a797b769176cbaed3a50e4a6a8671119621f65a3f954a3bcf100c7ef0c', 10, 1, 'GAG52TW6QAB6TGNMOTL32Y4M3UQQLNNNHPEHYAIYRP6SFF6ZAVRF5ZQY', 38654705665, 200, 2, '2018-02-13 23:42:36.25532', '2018-02-13 23:42:36.25532', 42949677056, 'AAAAAA3dTt6AA+mZrHTXvWOM3SEFta07yHwBGIv9IpfZBWJeAAAAyAAAAAkAAAABAAAAAAAAAAAAAAACAAAAAAAAAAEAAAAAYvwdC9CRsrYcDdZWNGsqaNfTR8bywsjubQRHAlb8BfcAAAAAAAAAAAX14QAAAAAAAAAAAQAAAABi/B0L0JGythwN1lY0aypo19NHxvLCyO5tBEcCVvwF9wAAAAAAAAAABfXhAAAAAAAAAAAB2QViXgAAAEAxyl5gvCCDC7l0pq9b/Btd3cOUUcY9Rv0ALxVjul4EVSL1Vygr107GjDo11+YswdmlCuWf7KItU0chlogpns4L', 'AAAAAAAAAMgAAAAAAAAAAgAAAAAAAAABAAAAAAAAAAAAAAABAAAAAAAAAAA=', 'AAAAAAAAAAIAAAAEAAAAAwAAAAoAAAAAAAAAAA3dTt6AA+mZrHTXvWOM3SEFta07yHwBGIv9IpfZBWJeAAAAAlQL4zgAAAAJAAAAAQAAAAAAAAAAAAAAAAAAAAABAAAAAAAAAAAAAAAAAAAAAAAAAQAAAAoAAAAAAAAAAA3dTt6AA+mZrHTXvWOM3SEFta07yHwBGIv9IpfZBWJeAAAAAk4WAjgAAAAJAAAAAQAAAAAAAAAAAAAAAAAAAAABAAAAAAAAAAAAAAAAAAAAAAAAAwAAAAkAAAAAAAAAAGL8HQvQkbK2HA3WVjRrKmjX00fG8sLI7m0ERwJW/AX3DeC2qlmWyHAAAAAAAAAABAAAAAAAAAAAAAAAAAAAAAABAAAAAAAAAAAAAAAAAAAAAAAAAQAAAAoAAAAAAAAAAGL8HQvQkbK2HA3WVjRrKmjX00fG8sLI7m0ERwJW/AX3DeC2ql+MqXAAAAAAAAAABAAAAAAAAAAAAAAAAAAAAAABAAAAAAAAAAAAAAAAAAAAAAAABAAAAAMAAAAKAAAAAAAAAAAN3U7egAPpmax0171jjN0hBbWtO8h8ARiL/SKX2QViXgAAAAJOFgI4AAAACQAAAAEAAAAAAAAAAAAAAAAAAAAAAQAAAAAAAAAAAAAAAAAAAAAAAAEAAAAKAAAAAAAAAAAN3U7egAPpmax0171jjN0hBbWtO8h8ARiL/SKX2QViXgAAAAJIICE4AAAACQAAAAEAAAAAAAAAAAAAAAAAAAAAAQAAAAAAAAAAAAAAAAAAAAAAAAMAAAAKAAAAAAAAAABi/B0L0JGythwN1lY0aypo19NHxvLCyO5tBEcCVvwF9w3gtqpfjKlwAAAAAAAAAAQAAAAAAAAAAAAAAAAAAAAAAQAAAAAAAAAAAAAAAAAAAAAAAAEAAAAKAAAAAAAAAABi/B0L0JGythwN1lY0aypo19NHxvLCyO5tBEcCVvwF9w3gtqplgopwAAAAAAAAAAQAAAAAAAAAAAAAAAAAAAAAAQAAAAAAAAAAAAAAAAAAAA==', 'AAAAAgAAAAMAAAAJAAAAAAAAAAAN3U7egAPpmax0171jjN0hBbWtO8h8ARiL/SKX2QViXgAAAAJUC+QAAAAACQAAAAAAAAAAAAAAAAAAAAAAAAAAAQAAAAAAAAAAAAAAAAAAAAAAAAEAAAAKAAAAAAAAAAAN3U7egAPpmax0171jjN0hBbWtO8h8ARiL/SKX2QViXgAAAAJUC+M4AAAACQAAAAEAAAAAAAAAAAAAAAAAAAAAAQAAAAAAAAAAAAAAAAAAAA==', '{McpeYLwggwu5dKavW/wbXd3DlFHGPUb9AC8VY7peBFUi9VcoK9dOxow6NdfmLMHZpQrln+yiLVNHIZaIKZ7OCw==}', 'none', NULL, NULL);
INSERT INTO history_transactions VALUES ('67601a2ca212b84092a7d3c521172b67f4b93d72b726a06c540917d2ab83c1a1', 11, 1, 'GBRPYHIL2CI3FNQ4BXLFMNDLFJUNPU2HY3ZMFSHONUCEOASW7QC7OX2H', 5, 100, 1, '2018-02-13 23:42:36.261107', '2018-02-13 23:42:36.261107', 47244644352, 'AAAAAGL8HQvQkbK2HA3WVjRrKmjX00fG8sLI7m0ERwJW/AX3AAAAZAAAAAAAAAAFAAAAAAAAAAAAAAABAAAAAAAAAAAAAAAAxVmE0iEp9S70YdkrhAu6dT4jSnPvbUuzitQ4oBcfaDMAAAACVAvkAAAAAAAAAAABVvwF9wAAAEBHLko6/Tbv0v/5CWHkixXnbyoU6qQ6yewZGqPHFSzNxMfud86eYGkN0j4msMCXfLAou7iKOVn0MWyzlpvYRA0B', 'AAAAAAAAAGQAAAAAAAAAAQAAAAAAAAAAAAAAAAAAAAA=', 'AAAAAAAAAAEAAAADAAAAAAAAAAsAAAAAAAAAAMVZhNIhKfUu9GHZK4QLunU+I0pz721Ls4rUOKAXH2gzAAAAAlQL5AAAAAALAAAAAAAAAAAAAAAAAAAAAAAAAAABAAAAAAAAAAAAAAAAAAAAAAAAAwAAAAsAAAAAAAAAAGL8HQvQkbK2HA3WVjRrKmjX00fG8sLI7m0ERwJW/AX3DeC2qmWCigwAAAAAAAAABQAAAAAAAAAAAAAAAAAAAAABAAAAAAAAAAAAAAAAAAAAAAAAAQAAAAsAAAAAAAAAAGL8HQvQkbK2HA3WVjRrKmjX00fG8sLI7m0ERwJW/AX3DeC2qBF2pgwAAAAAAAAABQAAAAAAAAAAAAAAAAAAAAABAAAAAAAAAAAAAAAAAAAA', 'AAAAAgAAAAMAAAAKAAAAAAAAAABi/B0L0JGythwN1lY0aypo19NHxvLCyO5tBEcCVvwF9w3gtqplgopwAAAAAAAAAAQAAAAAAAAAAAAAAAAAAAAAAQAAAAAAAAAAAAAAAAAAAAAAAAEAAAALAAAAAAAAAABi/B0L0JGythwN1lY0aypo19NHxvLCyO5tBEcCVvwF9w3gtqplgooMAAAAAAAAAAUAAAAAAAAAAAAAAAAAAAAAAQAAAAAAAAAAAAAAAAAAAA==', '{Ry5KOv0279L/+Qlh5IsV528qFOqkOsnsGRqjxxUszcTH7nfOnmBpDdI+JrDAl3ywKLu4ijlZ9DFss5ab2EQNAQ==}', 'none', NULL, NULL);
INSERT INTO history_transactions VALUES ('0e128647b2b93786b6b76e182dcda0173757066f8caf0523d1ba3b47fd6f720d', 12, 1, 'GDCVTBGSEEU7KLXUMHMSXBALXJ2T4I2KOPXW2S5TRLKDRIAXD5UDHAYO', 47244640257, 100, 1, '2018-02-13 23:42:36.266218', '2018-02-13 23:42:36.266218', 51539611648, 'AAAAAMVZhNIhKfUu9GHZK4QLunU+I0pz721Ls4rUOKAXH2gzAAAAZAAAAAsAAAABAAAAAAAAAAAAAAABAAAAAAAAAAAAAAAAg/K/Blr9FO/nVEGLdmCzChMYpmcQzxIhFm6NBzxznX0AAAAAHc1lAAAAAAAAAAABFx9oMwAAAEBwY9HQAR2SMPe3JPvmBBtBk2jfog0GFEFYkLNFzQNqvYl7iZitmO5FQmkKlv/NO5ZcaWBqXcHhOQpk0s2XSBQF', 'AAAAAAAAAGQAAAAAAAAAAQAAAAAAAAAAAAAAAAAAAAA=', 'AAAAAAAAAAEAAAADAAAAAAAAAAwAAAAAAAAAAIPyvwZa/RTv51RBi3ZgswoTGKZnEM8SIRZujQc8c519AAAAAB3NZQAAAAAMAAAAAAAAAAAAAAAAAAAAAAAAAAABAAAAAAAAAAAAAAAAAAAAAAAAAwAAAAwAAAAAAAAAAMVZhNIhKfUu9GHZK4QLunU+I0pz721Ls4rUOKAXH2gzAAAAAlQL45wAAAALAAAAAQAAAAAAAAAAAAAAAAAAAAABAAAAAAAAAAAAAAAAAAAAAAAAAQAAAAwAAAAAAAAAAMVZhNIhKfUu9GHZK4QLunU+I0pz721Ls4rUOKAXH2gzAAAAAjY+fpwAAAALAAAAAQAAAAAAAAAAAAAAAAAAAAABAAAAAAAAAAAAAAAAAAAA', 'AAAAAgAAAAMAAAALAAAAAAAAAADFWYTSISn1LvRh2SuEC7p1PiNKc+9tS7OK1DigFx9oMwAAAAJUC+QAAAAACwAAAAAAAAAAAAAAAAAAAAAAAAAAAQAAAAAAAAAAAAAAAAAAAAAAAAEAAAAMAAAAAAAAAADFWYTSISn1LvRh2SuEC7p1PiNKc+9tS7OK1DigFx9oMwAAAAJUC+OcAAAACwAAAAEAAAAAAAAAAAAAAAAAAAAAAQAAAAAAAAAAAAAAAAAAAA==', '{cGPR0AEdkjD3tyT75gQbQZNo36INBhRBWJCzRc0Dar2Je4mYrZjuRUJpCpb/zTuWXGlgal3B4TkKZNLNl0gUBQ==}', 'none', NULL, NULL);
INSERT INTO history_transactions VALUES ('cd8a8e9eb53fd268d1294e228995c27f422d90783c4054e44ab0028fc1da210a', 13, 1, 'GBRPYHIL2CI3FNQ4BXLFMNDLFJUNPU2HY3ZMFSHONUCEOASW7QC7OX2H', 6, 100, 1, '2018-02-13 23:42:36.271133', '2018-02-13 23:42:36.271133', 55834578944, 'AAAAAGL8HQvQkbK2HA3WVjRrKmjX00fG8sLI7m0ERwJW/AX3AAAAZAAAAAAAAAAGAAAAAAAAAAAAAAABAAAAAAAAAAAAAAAAji4PQpc6JMWt5AB56WXIEop14Pn7tW6uf6xE+vY7ZNwAAAACVAvkAAAAAAAAAAABVvwF9wAAAEAUtdYWyr64yv/rKPr0/vV4vYyonfsWxpxHsiYLHKJ3bm6k+ypiAByc8t0K+7bzxSLPjmjKKN5Prw7AdenlC7MB', 'AAAAAAAAAGQAAAAAAAAAAQAAAAAAAAAAAAAAAAAAAAA=', 'AAAAAAAAAAEAAAADAAAAAAAAAA0AAAAAAAAAAI4uD0KXOiTFreQAeellyBKKdeD5+7Vurn+sRPr2O2TcAAAAAlQL5AAAAAANAAAAAAAAAAAAAAAAAAAAAAAAAAABAAAAAAAAAAAAAAAAAAAAAAAAAwAAAA0AAAAAAAAAAGL8HQvQkbK2HA3WVjRrKmjX00fG8sLI7m0ERwJW/AX3DeC2qBF2pUQAAAAAAAAABwAAAAAAAAAAAAAAAAAAAAABAAAAAAAAAAAAAAAAAAAAAAAAAQAAAA0AAAAAAAAAAGL8HQvQkbK2HA3WVjRrKmjX00fG8sLI7m0ERwJW/AX3DeC2pb1qwUQAAAAAAAAABwAAAAAAAAAAAAAAAAAAAAABAAAAAAAAAAAAAAAAAAAA', 'AAAAAgAAAAMAAAALAAAAAAAAAABi/B0L0JGythwN1lY0aypo19NHxvLCyO5tBEcCVvwF9w3gtqgRdqYMAAAAAAAAAAUAAAAAAAAAAAAAAAAAAAAAAQAAAAAAAAAAAAAAAAAAAAAAAAEAAAANAAAAAAAAAABi/B0L0JGythwN1lY0aypo19NHxvLCyO5tBEcCVvwF9w3gtqgRdqWoAAAAAAAAAAYAAAAAAAAAAAAAAAAAAAAAAQAAAAAAAAAAAAAAAAAAAA==', '{FLXWFsq+uMr/6yj69P71eL2MqJ37FsacR7ImCxyid25upPsqYgAcnPLdCvu288Uiz45oyijeT68OwHXp5QuzAQ==}', 'none', NULL, NULL);
INSERT INTO history_transactions VALUES ('bfbd5e9457d717bcf847291a6c24b7cd8db4ff784ecd4592be30d08146c0c264', 13, 2, 'GBRPYHIL2CI3FNQ4BXLFMNDLFJUNPU2HY3ZMFSHONUCEOASW7QC7OX2H', 7, 100, 1, '2018-02-13 23:42:36.273102', '2018-02-13 23:42:36.273102', 55834583040, 'AAAAAGL8HQvQkbK2HA3WVjRrKmjX00fG8sLI7m0ERwJW/AX3AAAAZAAAAAAAAAAHAAAAAAAAAAAAAAABAAAAAAAAAAAAAAAAG5M9WO2kexu4dljTd0YSuyEnmDUsxKamzJWiv4FGkoQAAAACVAvkAAAAAAAAAAABVvwF9wAAAEDY1TiMj+qj8+zYb2Vb60h+qWxZtFfSGwb0kvKttSFAHQhGOjIddiVQopx9LDRO6UgPmLLxFvQpIzeGnagh3vQD', 'AAAAAAAAAGQAAAAAAAAAAQAAAAAAAAAAAAAAAAAAAAA=', 'AAAAAAAAAAEAAAADAAAAAAAAAA0AAAAAAAAAABuTPVjtpHsbuHZY03dGErshJ5g1LMSmpsyVor+BRpKEAAAAAlQL5AAAAAANAAAAAAAAAAAAAAAAAAAAAAAAAAABAAAAAAAAAAAAAAAAAAAAAAAAAwAAAA0AAAAAAAAAAGL8HQvQkbK2HA3WVjRrKmjX00fG8sLI7m0ERwJW/AX3DeC2pb1qwUQAAAAAAAAABwAAAAAAAAAAAAAAAAAAAAABAAAAAAAAAAAAAAAAAAAAAAAAAQAAAA0AAAAAAAAAAGL8HQvQkbK2HA3WVjRrKmjX00fG8sLI7m0ERwJW/AX3DeC2o2le3UQAAAAAAAAABwAAAAAAAAAAAAAAAAAAAAABAAAAAAAAAAAAAAAAAAAA', 'AAAAAgAAAAMAAAANAAAAAAAAAABi/B0L0JGythwN1lY0aypo19NHxvLCyO5tBEcCVvwF9w3gtqgRdqWoAAAAAAAAAAYAAAAAAAAAAAAAAAAAAAAAAQAAAAAAAAAAAAAAAAAAAAAAAAEAAAANAAAAAAAAAABi/B0L0JGythwN1lY0aypo19NHxvLCyO5tBEcCVvwF9w3gtqgRdqVEAAAAAAAAAAcAAAAAAAAAAAAAAAAAAAAAAQAAAAAAAAAAAAAAAAAAAA==', '{2NU4jI/qo/Ps2G9lW+tIfqlsWbRX0hsG9JLyrbUhQB0IRjoyHXYlUKKcfSw0TulID5iy8Rb0KSM3hp2oId70Aw==}', 'none', NULL, NULL);
INSERT INTO history_transactions VALUES ('30880dd42d8e402a30d8a3527b56c1e33e18e87c46e1332ea5cfc1721fd87cfb', 14, 1, 'GCHC4D2CS45CJRNN4QAHT2LFZAJIU5PA7H53K3VOP6WEJ6XWHNSNZKQG', 55834574849, 100, 1, '2018-02-13 23:42:36.278314', '2018-02-13 23:42:36.278314', 60129546240, 'AAAAAI4uD0KXOiTFreQAeellyBKKdeD5+7Vurn+sRPr2O2TcAAAAZAAAAA0AAAABAAAAAAAAAAAAAAABAAAAAAAAAAEAAAAAG5M9WO2kexu4dljTd0YSuyEnmDUsxKamzJWiv4FGkoQAAAAAAAAAAAX14QAAAAAAAAAAAfY7ZNwAAABAieZSSuOZqlwtyjnj5d/S0GUSGiQvy0ipPLynpl4UvO8qc7CDz3vsLROlN2g50qXirydSOdao56hvRhrEfRsGCA==', 'AAAAAAAAAGQAAAAAAAAAAQAAAAAAAAABAAAAAAAAAAA=', 'AAAAAAAAAAEAAAAEAAAAAwAAAA4AAAAAAAAAABuTPVjtpHsbuHZY03dGErshJ5g1LMSmpsyVor+BRpKEAAAAAlQL45wAAAANAAAAAQAAAAAAAAAAAAAAAAAAAAABAAAAAAAAAAAAAAAAAAAAAAAAAQAAAA4AAAAAAAAAABuTPVjtpHsbuHZY03dGErshJ5g1LMSmpsyVor+BRpKEAAAAAloBxJwAAAANAAAAAQAAAAAAAAAAAAAAAAAAAAABAAAAAAAAAAAAAAAAAAAAAAAAAwAAAA4AAAAAAAAAAI4uD0KXOiTFreQAeellyBKKdeD5+7Vurn+sRPr2O2TcAAAAAlQL45wAAAANAAAAAQAAAAAAAAAAAAAAAAAAAAABAAAAAAAAAAAAAAAAAAAAAAAAAQAAAA4AAAAAAAAAAI4uD0KXOiTFreQAeellyBKKdeD5+7Vurn+sRPr2O2TcAAAAAk4WApwAAAANAAAAAQAAAAAAAAAAAAAAAAAAAAABAAAAAAAAAAAAAAAAAAAA', 'AAAAAgAAAAMAAAANAAAAAAAAAACOLg9Clzokxa3kAHnpZcgSinXg+fu1bq5/rET69jtk3AAAAAJUC+QAAAAADQAAAAAAAAAAAAAAAAAAAAAAAAAAAQAAAAAAAAAAAAAAAAAAAAAAAAEAAAAOAAAAAAAAAACOLg9Clzokxa3kAHnpZcgSinXg+fu1bq5/rET69jtk3AAAAAJUC+OcAAAADQAAAAEAAAAAAAAAAAAAAAAAAAAAAQAAAAAAAAAAAAAAAAAAAA==', '{ieZSSuOZqlwtyjnj5d/S0GUSGiQvy0ipPLynpl4UvO8qc7CDz3vsLROlN2g50qXirydSOdao56hvRhrEfRsGCA==}', 'none', NULL, NULL);
INSERT INTO history_transactions VALUES ('dbd964fcfdb336a30f21c240fffdaf73d7c75880ed1b99375c62f84e3e592570', 14, 2, 'GANZGPKY5WSHWG5YOZMNG52GCK5SCJ4YGUWMJJVGZSK2FP4BI2JIJN2C', 55834574849, 100, 1, '2018-02-13 23:42:36.27993', '2018-02-13 23:42:36.27993', 60129550336, 'AAAAABuTPVjtpHsbuHZY03dGErshJ5g1LMSmpsyVor+BRpKEAAAAZAAAAA0AAAABAAAAAAAAAAAAAAABAAAAAAAAAAYAAAABVVNEAAAAAACOLg9Clzokxa3kAHnpZcgSinXg+fu1bq5/rET69jtk3H//////////AAAAAAAAAAGBRpKEAAAAQGDAV/5Op2DmFUP84dmyT5G/gxn1WzgdMrkSSU7wfpu39ycq36Sg+gs2ypRjw5hxxeMUj/GVEKipcDGndei38Aw=', 'AAAAAAAAAGQAAAAAAAAAAQAAAAAAAAAGAAAAAAAAAAA=', 'AAAAAAAAAAEAAAADAAAAAAAAAA4AAAABAAAAABuTPVjtpHsbuHZY03dGErshJ5g1LMSmpsyVor+BRpKEAAAAAVVTRAAAAAAAji4PQpc6JMWt5AB56WXIEop14Pn7tW6uf6xE+vY7ZNwAAAAAAAAAAH//////////AAAAAQAAAAAAAAAAAAAAAwAAAA4AAAAAAAAAABuTPVjtpHsbuHZY03dGErshJ5g1LMSmpsyVor+BRpKEAAAAAloBxJwAAAANAAAAAQAAAAAAAAAAAAAAAAAAAAABAAAAAAAAAAAAAAAAAAAAAAAAAQAAAA4AAAAAAAAAABuTPVjtpHsbuHZY03dGErshJ5g1LMSmpsyVor+BRpKEAAAAAloBxJwAAAANAAAAAQAAAAEAAAAAAAAAAAAAAAABAAAAAAAAAAAAAAAAAAAA', 'AAAAAgAAAAMAAAANAAAAAAAAAAAbkz1Y7aR7G7h2WNN3RhK7ISeYNSzEpqbMlaK/gUaShAAAAAJUC+QAAAAADQAAAAAAAAAAAAAAAAAAAAAAAAAAAQAAAAAAAAAAAAAAAAAAAAAAAAEAAAAOAAAAAAAAAAAbkz1Y7aR7G7h2WNN3RhK7ISeYNSzEpqbMlaK/gUaShAAAAAJUC+OcAAAADQAAAAEAAAAAAAAAAAAAAAAAAAAAAQAAAAAAAAAAAAAAAAAAAA==', '{YMBX/k6nYOYVQ/zh2bJPkb+DGfVbOB0yuRJJTvB+m7f3JyrfpKD6CzbKlGPDmHHF4xSP8ZUQqKlwMad16LfwDA==}', 'none', NULL, NULL);
INSERT INTO history_transactions VALUES ('142c988b1f67984f74a1581de9caecf499e60f1e0eed496661aa2c559238764c', 15, 1, 'GCHC4D2CS45CJRNN4QAHT2LFZAJIU5PA7H53K3VOP6WEJ6XWHNSNZKQG', 55834574850, 100, 1, '2018-02-13 23:42:36.284', '2018-02-13 23:42:36.284', 64424513536, 'AAAAAI4uD0KXOiTFreQAeellyBKKdeD5+7Vurn+sRPr2O2TcAAAAZAAAAA0AAAACAAAAAAAAAAAAAAABAAAAAAAAAAEAAAAAG5M9WO2kexu4dljTd0YSuyEnmDUsxKamzJWiv4FGkoQAAAABVVNEAAAAAACOLg9Clzokxa3kAHnpZcgSinXg+fu1bq5/rET69jtk3AAAAAAF9eEAAAAAAAAAAAH2O2TcAAAAQJBUx5tWfjAwXxab9U5HOjZvBRv3u95jXbyzuqeZ/kjsyMsU0jO/g03Rf1zgect1hj4hDYGN8mW4oEot0sSTZgw=', 'AAAAAAAAAGQAAAAAAAAAAQAAAAAAAAABAAAAAAAAAAA=', 'AAAAAAAAAAEAAAACAAAAAwAAAA4AAAABAAAAABuTPVjtpHsbuHZY03dGErshJ5g1LMSmpsyVor+BRpKEAAAAAVVTRAAAAAAAji4PQpc6JMWt5AB56WXIEop14Pn7tW6uf6xE+vY7ZNwAAAAAAAAAAH//////////AAAAAQAAAAAAAAAAAAAAAQAAAA8AAAABAAAAABuTPVjtpHsbuHZY03dGErshJ5g1LMSmpsyVor+BRpKEAAAAAVVTRAAAAAAAji4PQpc6JMWt5AB56WXIEop14Pn7tW6uf6xE+vY7ZNwAAAAABfXhAH//////////AAAAAQAAAAAAAAAA', 'AAAAAgAAAAMAAAAOAAAAAAAAAACOLg9Clzokxa3kAHnpZcgSinXg+fu1bq5/rET69jtk3AAAAAJOFgKcAAAADQAAAAEAAAAAAAAAAAAAAAAAAAAAAQAAAAAAAAAAAAAAAAAAAAAAAAEAAAAPAAAAAAAAAACOLg9Clzokxa3kAHnpZcgSinXg+fu1bq5/rET69jtk3AAAAAJOFgI4AAAADQAAAAIAAAAAAAAAAAAAAAAAAAAAAQAAAAAAAAAAAAAAAAAAAA==', '{kFTHm1Z+MDBfFpv1Tkc6Nm8FG/e73mNdvLO6p5n+SOzIyxTSM7+DTdF/XOB5y3WGPiENgY3yZbigSi3SxJNmDA==}', 'none', NULL, NULL);
INSERT INTO history_transactions VALUES ('a5a9e3ca63e9cc155359c97337bcb14464cca56b230a4d0c7f27582644d16809', 16, 1, 'GBRPYHIL2CI3FNQ4BXLFMNDLFJUNPU2HY3ZMFSHONUCEOASW7QC7OX2H', 8, 100, 1, '2018-02-13 23:42:36.288779', '2018-02-13 23:42:36.288779', 68719480832, 'AAAAAGL8HQvQkbK2HA3WVjRrKmjX00fG8sLI7m0ERwJW/AX3AAAAZAAAAAAAAAAIAAAAAAAAAAAAAAABAAAAAAAAAAAAAAAA423/rAYjzzhmLqxgNgLUY5X92ueHg5xGtOuok+g5NQoAAAACVAvkAAAAAAAAAAABVvwF9wAAAEBhFD/bYaTZZJ3VJ9xJqXoW5eeLK0AeFaATBH92cRfx0WUTFqp6rXx47fMBUxkWYq8bAHMfYCS5XXPRg86sAGUK', 'AAAAAAAAAGQAAAAAAAAAAQAAAAAAAAAAAAAAAAAAAAA=', 'AAAAAAAAAAEAAAADAAAAAAAAABAAAAAAAAAAAONt/6wGI884Zi6sYDYC1GOV/drnh4OcRrTrqJPoOTUKAAAAAlQL5AAAAAAQAAAAAAAAAAAAAAAAAAAAAAAAAAABAAAAAAAAAAAAAAAAAAAAAAAAAwAAABAAAAAAAAAAAGL8HQvQkbK2HA3WVjRrKmjX00fG8sLI7m0ERwJW/AX3DeC2o2le3BgAAAAAAAAACgAAAAAAAAAAAAAAAAAAAAABAAAAAAAAAAAAAAAAAAAAAAAAAQAAABAAAAAAAAAAAGL8HQvQkbK2HA3WVjRrKmjX00fG8sLI7m0ERwJW/AX3DeC2oRVS+BgAAAAAAAAACgAAAAAAAAAAAAAAAAAAAAABAAAAAAAAAAAAAAAAAAAA', 'AAAAAgAAAAMAAAANAAAAAAAAAABi/B0L0JGythwN1lY0aypo19NHxvLCyO5tBEcCVvwF9w3gtqNpXt1EAAAAAAAAAAcAAAAAAAAAAAAAAAAAAAAAAQAAAAAAAAAAAAAAAAAAAAAAAAEAAAAQAAAAAAAAAABi/B0L0JGythwN1lY0aypo19NHxvLCyO5tBEcCVvwF9w3gtqNpXtzgAAAAAAAAAAgAAAAAAAAAAAAAAAAAAAAAAQAAAAAAAAAAAAAAAAAAAA==', '{YRQ/22Gk2WSd1SfcSal6FuXniytAHhWgEwR/dnEX8dFlExaqeq18eO3zAVMZFmKvGwBzH2AkuV1z0YPOrABlCg==}', 'none', NULL, NULL);
INSERT INTO history_transactions VALUES ('6a056189b45760c607e331c90c5a8b4cd720961df8bc8cecfd4aa388b577a6cb', 16, 2, 'GBRPYHIL2CI3FNQ4BXLFMNDLFJUNPU2HY3ZMFSHONUCEOASW7QC7OX2H', 9, 100, 1, '2018-02-13 23:42:36.291307', '2018-02-13 23:42:36.291307', 68719484928, 'AAAAAGL8HQvQkbK2HA3WVjRrKmjX00fG8sLI7m0ERwJW/AX3AAAAZAAAAAAAAAAJAAAAAAAAAAAAAAABAAAAAAAAAAAAAAAABAjoBMEUiZNLUjsWXL1iK59D90Li4w56076b8HKxZfIAAAACVAvkAAAAAAAAAAABVvwF9wAAAEAxC5cl7tkjQI0cfFZTiIFDuo0SwyYnNqTUH2hxDBtm7h/vUkBG3cgwGXS87ninVkhmvdIpTWfeIeGiw7kgefUA', 'AAAAAAAAAGQAAAAAAAAAAQAAAAAAAAAAAAAAAAAAAAA=', 'AAAAAAAAAAEAAAADAAAAAAAAABAAAAAAAAAAAAQI6ATBFImTS1I7Fly9YiufQ/dC4uMOetO+m/BysWXyAAAAAlQL5AAAAAAQAAAAAAAAAAAAAAAAAAAAAAAAAAABAAAAAAAAAAAAAAAAAAAAAAAAAwAAABAAAAAAAAAAAGL8HQvQkbK2HA3WVjRrKmjX00fG8sLI7m0ERwJW/AX3DeC2oRVS+BgAAAAAAAAACgAAAAAAAAAAAAAAAAAAAAABAAAAAAAAAAAAAAAAAAAAAAAAAQAAABAAAAAAAAAAAGL8HQvQkbK2HA3WVjRrKmjX00fG8sLI7m0ERwJW/AX3DeC2nsFHFBgAAAAAAAAACgAAAAAAAAAAAAAAAAAAAAABAAAAAAAAAAAAAAAAAAAA', 'AAAAAgAAAAMAAAAQAAAAAAAAAABi/B0L0JGythwN1lY0aypo19NHxvLCyO5tBEcCVvwF9w3gtqNpXtzgAAAAAAAAAAgAAAAAAAAAAAAAAAAAAAAAAQAAAAAAAAAAAAAAAAAAAAAAAAEAAAAQAAAAAAAAAABi/B0L0JGythwN1lY0aypo19NHxvLCyO5tBEcCVvwF9w3gtqNpXtx8AAAAAAAAAAkAAAAAAAAAAAAAAAAAAAAAAQAAAAAAAAAAAAAAAAAAAA==', '{MQuXJe7ZI0CNHHxWU4iBQ7qNEsMmJzak1B9ocQwbZu4f71JARt3IMBl0vO54p1ZIZr3SKU1n3iHhosO5IHn1AA==}', 'none', NULL, NULL);
INSERT INTO history_transactions VALUES ('18bf6cce20cfbb0f9079c4b8783718949d13bd12d173a60363d2b8e3a07efead', 16, 3, 'GBRPYHIL2CI3FNQ4BXLFMNDLFJUNPU2HY3ZMFSHONUCEOASW7QC7OX2H', 10, 100, 1, '2018-02-13 23:42:36.293326', '2018-02-13 23:42:36.293326', 68719489024, 'AAAAAGL8HQvQkbK2HA3WVjRrKmjX00fG8sLI7m0ERwJW/AX3AAAAZAAAAAAAAAAKAAAAAAAAAAAAAAABAAAAAAAAAAAAAAAALsLzczZPbcG7iR1Aap19uhmCNzGwnaUFPbeJ+hFUV7EAAAACVAvkAAAAAAAAAAABVvwF9wAAAEC/RVto6ytAqHpd6ZFWjwXQyXopKORz8QSvz0d8RoPrOEBgNEuAj8+kbyhS7QieOqwbiJrS0AU8YWaBQQ4zc+wL', 'AAAAAAAAAGQAAAAAAAAAAQAAAAAAAAAAAAAAAAAAAAA=', 'AAAAAAAAAAEAAAADAAAAAAAAABAAAAAAAAAAAC7C83M2T23Bu4kdQGqdfboZgjcxsJ2lBT23ifoRVFexAAAAAlQL5AAAAAAQAAAAAAAAAAAAAAAAAAAAAAAAAAABAAAAAAAAAAAAAAAAAAAAAAAAAwAAABAAAAAAAAAAAGL8HQvQkbK2HA3WVjRrKmjX00fG8sLI7m0ERwJW/AX3DeC2nsFHFBgAAAAAAAAACgAAAAAAAAAAAAAAAAAAAAABAAAAAAAAAAAAAAAAAAAAAAAAAQAAABAAAAAAAAAAAGL8HQvQkbK2HA3WVjRrKmjX00fG8sLI7m0ERwJW/AX3DeC2nG07MBgAAAAAAAAACgAAAAAAAAAAAAAAAAAAAAABAAAAAAAAAAAAAAAAAAAA', 'AAAAAgAAAAMAAAAQAAAAAAAAAABi/B0L0JGythwN1lY0aypo19NHxvLCyO5tBEcCVvwF9w3gtqNpXtx8AAAAAAAAAAkAAAAAAAAAAAAAAAAAAAAAAQAAAAAAAAAAAAAAAAAAAAAAAAEAAAAQAAAAAAAAAABi/B0L0JGythwN1lY0aypo19NHxvLCyO5tBEcCVvwF9w3gtqNpXtwYAAAAAAAAAAoAAAAAAAAAAAAAAAAAAAAAAQAAAAAAAAAAAAAAAAAAAA==', '{v0VbaOsrQKh6XemRVo8F0Ml6KSjkc/EEr89HfEaD6zhAYDRLgI/PpG8oUu0InjqsG4ia0tAFPGFmgUEOM3PsCw==}', 'none', NULL, NULL);
INSERT INTO history_transactions VALUES ('d1f593eb5e14f97027bc79821fa46628c107034fba9a5acef6a9da79e051ee73', 17, 1, 'GACAR2AEYEKITE2LKI5RMXF5MIVZ6Q7XILROGDT22O7JX4DSWFS7FDDP', 68719476737, 100, 1, '2018-02-13 23:42:36.298564', '2018-02-13 23:42:36.298564', 73014448128, 'AAAAAAQI6ATBFImTS1I7Fly9YiufQ/dC4uMOetO+m/BysWXyAAAAZAAAABAAAAABAAAAAAAAAAAAAAABAAAAAAAAAAYAAAABRVVSAAAAAAAuwvNzNk9twbuJHUBqnX26GYI3MbCdpQU9t4n6EVRXsX//////////AAAAAAAAAAFysWXyAAAAQI7hbwZc1+KWfheVnYAq5TXFX9ancHJmJq0wV0c9ONIfG6U8trhIVeVoiED2eUFFmhx+bBtF9TPSvifF/mfDlQk=', 'AAAAAAAAAGQAAAAAAAAAAQAAAAAAAAAGAAAAAAAAAAA=', 'AAAAAAAAAAEAAAADAAAAAAAAABEAAAABAAAAAAQI6ATBFImTS1I7Fly9YiufQ/dC4uMOetO+m/BysWXyAAAAAUVVUgAAAAAALsLzczZPbcG7iR1Aap19uhmCNzGwnaUFPbeJ+hFUV7EAAAAAAAAAAH//////////AAAAAQAAAAAAAAAAAAAAAwAAABEAAAAAAAAAAAQI6ATBFImTS1I7Fly9YiufQ/dC4uMOetO+m/BysWXyAAAAAlQL45wAAAAQAAAAAQAAAAAAAAAAAAAAAAAAAAABAAAAAAAAAAAAAAAAAAAAAAAAAQAAABEAAAAAAAAAAAQI6ATBFImTS1I7Fly9YiufQ/dC4uMOetO+m/BysWXyAAAAAlQL45wAAAAQAAAAAQAAAAEAAAAAAAAAAAAAAAABAAAAAAAAAAAAAAAAAAAA', 'AAAAAgAAAAMAAAAQAAAAAAAAAAAECOgEwRSJk0tSOxZcvWIrn0P3QuLjDnrTvpvwcrFl8gAAAAJUC+QAAAAAEAAAAAAAAAAAAAAAAAAAAAAAAAAAAQAAAAAAAAAAAAAAAAAAAAAAAAEAAAARAAAAAAAAAAAECOgEwRSJk0tSOxZcvWIrn0P3QuLjDnrTvpvwcrFl8gAAAAJUC+OcAAAAEAAAAAEAAAAAAAAAAAAAAAAAAAAAAQAAAAAAAAAAAAAAAAAAAA==', '{juFvBlzX4pZ+F5WdgCrlNcVf1qdwcmYmrTBXRz040h8bpTy2uEhV5WiIQPZ5QUWaHH5sG0X1M9K+J8X+Z8OVCQ==}', 'none', NULL, NULL);
INSERT INTO history_transactions VALUES ('cdef45dd961d59375351ea7dd7ef6414ff49371a335723e84dafacea1e13665a', 17, 2, 'GDRW375MAYR46ODGF2WGANQC2RRZL7O246DYHHCGWTV2RE7IHE2QUQLD', 68719476737, 100, 1, '2018-02-13 23:42:36.29975', '2018-02-13 23:42:36.29975', 73014452224, 'AAAAAONt/6wGI884Zi6sYDYC1GOV/drnh4OcRrTrqJPoOTUKAAAAZAAAABAAAAABAAAAAAAAAAAAAAABAAAAAAAAAAYAAAABVVNEAAAAAAAuwvNzNk9twbuJHUBqnX26GYI3MbCdpQU9t4n6EVRXsX//////////AAAAAAAAAAHoOTUKAAAAQIjLqcYXE8EAsH6Dx2hwPjiEfHGZ4jsMNZZc7PynNiJi9kFXjfvvLDlWizGAr2B9MFDrfDRDvjnBxKKhJifEcQM=', 'AAAAAAAAAGQAAAAAAAAAAQAAAAAAAAAGAAAAAAAAAAA=', 'AAAAAAAAAAEAAAADAAAAAAAAABEAAAABAAAAAONt/6wGI884Zi6sYDYC1GOV/drnh4OcRrTrqJPoOTUKAAAAAVVTRAAAAAAALsLzczZPbcG7iR1Aap19uhmCNzGwnaUFPbeJ+hFUV7EAAAAAAAAAAH//////////AAAAAQAAAAAAAAAAAAAAAwAAABEAAAAAAAAAAONt/6wGI884Zi6sYDYC1GOV/drnh4OcRrTrqJPoOTUKAAAAAlQL45wAAAAQAAAAAQAAAAAAAAAAAAAAAAAAAAABAAAAAAAAAAAAAAAAAAAAAAAAAQAAABEAAAAAAAAAAONt/6wGI884Zi6sYDYC1GOV/drnh4OcRrTrqJPoOTUKAAAAAlQL45wAAAAQAAAAAQAAAAEAAAAAAAAAAAAAAAABAAAAAAAAAAAAAAAAAAAA', 'AAAAAgAAAAMAAAAQAAAAAAAAAADjbf+sBiPPOGYurGA2AtRjlf3a54eDnEa066iT6Dk1CgAAAAJUC+QAAAAAEAAAAAAAAAAAAAAAAAAAAAAAAAAAAQAAAAAAAAAAAAAAAAAAAAAAAAEAAAARAAAAAAAAAADjbf+sBiPPOGYurGA2AtRjlf3a54eDnEa066iT6Dk1CgAAAAJUC+OcAAAAEAAAAAEAAAAAAAAAAAAAAAAAAAAAAQAAAAAAAAAAAAAAAAAAAA==', '{iMupxhcTwQCwfoPHaHA+OIR8cZniOww1llzs/Kc2ImL2QVeN++8sOVaLMYCvYH0wUOt8NEO+OcHEoqEmJ8RxAw==}', 'none', NULL, NULL);
INSERT INTO history_transactions VALUES ('902b90c2322b9e6b335e7543389a7446b86e3039ebf59ec66dffb50eaec0dc85', 18, 1, 'GAXMF43TGZHW3QN3REOUA2U5PW5BTARXGGYJ3JIFHW3YT6QRKRL3CPPU', 68719476737, 100, 1, '2018-02-13 23:42:36.304266', '2018-02-13 23:42:36.304266', 77309415424, 'AAAAAC7C83M2T23Bu4kdQGqdfboZgjcxsJ2lBT23ifoRVFexAAAAZAAAABAAAAABAAAAAAAAAAAAAAABAAAAAAAAAAEAAAAA423/rAYjzzhmLqxgNgLUY5X92ueHg5xGtOuok+g5NQoAAAABVVNEAAAAAAAuwvNzNk9twbuJHUBqnX26GYI3MbCdpQU9t4n6EVRXsQAAAAA7msoAAAAAAAAAAAERVFexAAAAQC9X2I3Zz1x3AQMqL4XCzePTlwnokv2BQnWGmT007oH59gai3eNu7/WVoHtW8hsgHjs1mZK709FzzRF2cbD2tQE=', 'AAAAAAAAAGQAAAAAAAAAAQAAAAAAAAABAAAAAAAAAAA=', 'AAAAAAAAAAEAAAACAAAAAwAAABEAAAABAAAAAONt/6wGI884Zi6sYDYC1GOV/drnh4OcRrTrqJPoOTUKAAAAAVVTRAAAAAAALsLzczZPbcG7iR1Aap19uhmCNzGwnaUFPbeJ+hFUV7EAAAAAAAAAAH//////////AAAAAQAAAAAAAAAAAAAAAQAAABIAAAABAAAAAONt/6wGI884Zi6sYDYC1GOV/drnh4OcRrTrqJPoOTUKAAAAAVVTRAAAAAAALsLzczZPbcG7iR1Aap19uhmCNzGwnaUFPbeJ+hFUV7EAAAAAO5rKAH//////////AAAAAQAAAAAAAAAA', 'AAAAAgAAAAMAAAAQAAAAAAAAAAAuwvNzNk9twbuJHUBqnX26GYI3MbCdpQU9t4n6EVRXsQAAAAJUC+QAAAAAEAAAAAAAAAAAAAAAAAAAAAAAAAAAAQAAAAAAAAAAAAAAAAAAAAAAAAEAAAASAAAAAAAAAAAuwvNzNk9twbuJHUBqnX26GYI3MbCdpQU9t4n6EVRXsQAAAAJUC+OcAAAAEAAAAAEAAAAAAAAAAAAAAAAAAAAAAQAAAAAAAAAAAAAAAAAAAA==', '{L1fYjdnPXHcBAyovhcLN49OXCeiS/YFCdYaZPTTugfn2BqLd427v9ZWge1byGyAeOzWZkrvT0XPNEXZxsPa1AQ==}', 'none', NULL, NULL);
INSERT INTO history_transactions VALUES ('ca756d1519ceda79f8722042b12cea7ba004c3bd961adb62b59f88a867f86eb3', 18, 2, 'GAXMF43TGZHW3QN3REOUA2U5PW5BTARXGGYJ3JIFHW3YT6QRKRL3CPPU', 68719476738, 100, 1, '2018-02-13 23:42:36.306163', '2018-02-13 23:42:36.306163', 77309419520, 'AAAAAC7C83M2T23Bu4kdQGqdfboZgjcxsJ2lBT23ifoRVFexAAAAZAAAABAAAAACAAAAAAAAAAAAAAABAAAAAAAAAAMAAAAAAAAAAVVTRAAAAAAALsLzczZPbcG7iR1Aap19uhmCNzGwnaUFPbeJ+hFUV7EAAAAA7msoAAAAAAEAAAACAAAAAAAAAAAAAAAAAAAAARFUV7EAAABALuai5QxceFbtAiC5nkntNVnvSPeWR+C+FgplPAdRgRS+PPESpUiSCyuiwuhmvuDw7kwxn+A6E0M4ca1s2qzMAg==', 'AAAAAAAAAGQAAAAAAAAAAQAAAAAAAAADAAAAAAAAAAAAAAAAAAAAAC7C83M2T23Bu4kdQGqdfboZgjcxsJ2lBT23ifoRVFexAAAAAAAAAAEAAAAAAAAAAVVTRAAAAAAALsLzczZPbcG7iR1Aap19uhmCNzGwnaUFPbeJ+hFUV7EAAAAA7msoAAAAAAEAAAACAAAAAAAAAAAAAAAA', 'AAAAAAAAAAEAAAADAAAAAAAAABIAAAACAAAAAC7C83M2T23Bu4kdQGqdfboZgjcxsJ2lBT23ifoRVFexAAAAAAAAAAEAAAAAAAAAAVVTRAAAAAAALsLzczZPbcG7iR1Aap19uhmCNzGwnaUFPbeJ+hFUV7EAAAAA7msoAAAAAAEAAAACAAAAAAAAAAAAAAAAAAAAAwAAABIAAAAAAAAAAC7C83M2T23Bu4kdQGqdfboZgjcxsJ2lBT23ifoRVFexAAAAAlQL4tQAAAAQAAAAAwAAAAAAAAAAAAAAAAAAAAABAAAAAAAAAAAAAAAAAAAAAAAAAQAAABIAAAAAAAAAAC7C83M2T23Bu4kdQGqdfboZgjcxsJ2lBT23ifoRVFexAAAAAlQL4tQAAAAQAAAAAwAAAAEAAAAAAAAAAAAAAAABAAAAAAAAAAAAAAAAAAAA', 'AAAAAgAAAAMAAAASAAAAAAAAAAAuwvNzNk9twbuJHUBqnX26GYI3MbCdpQU9t4n6EVRXsQAAAAJUC+OcAAAAEAAAAAEAAAAAAAAAAAAAAAAAAAAAAQAAAAAAAAAAAAAAAAAAAAAAAAEAAAASAAAAAAAAAAAuwvNzNk9twbuJHUBqnX26GYI3MbCdpQU9t4n6EVRXsQAAAAJUC+M4AAAAEAAAAAIAAAAAAAAAAAAAAAAAAAAAAQAAAAAAAAAAAAAAAAAAAA==', '{Luai5QxceFbtAiC5nkntNVnvSPeWR+C+FgplPAdRgRS+PPESpUiSCyuiwuhmvuDw7kwxn+A6E0M4ca1s2qzMAg==}', 'none', NULL, NULL);
INSERT INTO history_transactions VALUES ('37bb79f6959c0e8e9b3d31f6c9308d8d084d9c6742cfa56ca094cfa6eae99423', 18, 3, 'GAXMF43TGZHW3QN3REOUA2U5PW5BTARXGGYJ3JIFHW3YT6QRKRL3CPPU', 68719476739, 100, 1, '2018-02-13 23:42:36.307071', '2018-02-13 23:42:36.307071', 77309423616, 'AAAAAC7C83M2T23Bu4kdQGqdfboZgjcxsJ2lBT23ifoRVFexAAAAZAAAABAAAAADAAAAAAAAAAAAAAABAAAAAAAAAAMAAAABRVVSAAAAAAAuwvNzNk9twbuJHUBqnX26GYI3MbCdpQU9t4n6EVRXsQAAAAAAAAAAstBeAAAAAAEAAAABAAAAAAAAAAAAAAAAAAAAARFUV7EAAABArzp9Fxxql+yoysglDjXm9+rsJeNX2GsSa7TOy3AzHOu4Y5Z8ICx52Q885gQGQWMtEP0w6yh83d6+o6kjC/WuAg==', 'AAAAAAAAAGQAAAAAAAAAAQAAAAAAAAADAAAAAAAAAAAAAAAAAAAAAC7C83M2T23Bu4kdQGqdfboZgjcxsJ2lBT23ifoRVFexAAAAAAAAAAIAAAABRVVSAAAAAAAuwvNzNk9twbuJHUBqnX26GYI3MbCdpQU9t4n6EVRXsQAAAAAAAAAAstBeAAAAAAEAAAABAAAAAAAAAAAAAAAA', 'AAAAAAAAAAEAAAADAAAAAAAAABIAAAACAAAAAC7C83M2T23Bu4kdQGqdfboZgjcxsJ2lBT23ifoRVFexAAAAAAAAAAIAAAABRVVSAAAAAAAuwvNzNk9twbuJHUBqnX26GYI3MbCdpQU9t4n6EVRXsQAAAAAAAAAAstBeAAAAAAEAAAABAAAAAAAAAAAAAAAAAAAAAwAAABIAAAAAAAAAAC7C83M2T23Bu4kdQGqdfboZgjcxsJ2lBT23ifoRVFexAAAAAlQL4tQAAAAQAAAAAwAAAAEAAAAAAAAAAAAAAAABAAAAAAAAAAAAAAAAAAAAAAAAAQAAABIAAAAAAAAAAC7C83M2T23Bu4kdQGqdfboZgjcxsJ2lBT23ifoRVFexAAAAAlQL4tQAAAAQAAAAAwAAAAIAAAAAAAAAAAAAAAABAAAAAAAAAAAAAAAAAAAA', 'AAAAAgAAAAMAAAASAAAAAAAAAAAuwvNzNk9twbuJHUBqnX26GYI3MbCdpQU9t4n6EVRXsQAAAAJUC+M4AAAAEAAAAAIAAAAAAAAAAAAAAAAAAAAAAQAAAAAAAAAAAAAAAAAAAAAAAAEAAAASAAAAAAAAAAAuwvNzNk9twbuJHUBqnX26GYI3MbCdpQU9t4n6EVRXsQAAAAJUC+LUAAAAEAAAAAMAAAAAAAAAAAAAAAAAAAAAAQAAAAAAAAAAAAAAAAAAAA==', '{rzp9Fxxql+yoysglDjXm9+rsJeNX2GsSa7TOy3AzHOu4Y5Z8ICx52Q885gQGQWMtEP0w6yh83d6+o6kjC/WuAg==}', 'none', NULL, NULL);
INSERT INTO history_transactions VALUES ('198844c8b472daacc5b717695a4ca16ac799a13fb2cf4152d19e2117ae1c56c3', 19, 1, 'GDRW375MAYR46ODGF2WGANQC2RRZL7O246DYHHCGWTV2RE7IHE2QUQLD', 68719476738, 100, 1, '2018-02-13 23:42:36.311085', '2018-02-13 23:42:36.311085', 81604382720, 'AAAAAONt/6wGI884Zi6sYDYC1GOV/drnh4OcRrTrqJPoOTUKAAAAZAAAABAAAAACAAAAAAAAAAAAAAABAAAAAAAAAAIAAAABVVNEAAAAAAAuwvNzNk9twbuJHUBqnX26GYI3MbCdpQU9t4n6EVRXsQAAAAA7msoAAAAAAAQI6ATBFImTS1I7Fly9YiufQ/dC4uMOetO+m/BysWXyAAAAAUVVUgAAAAAALsLzczZPbcG7iR1Aap19uhmCNzGwnaUFPbeJ+hFUV7EAAAAAdzWUAAAAAAEAAAAAAAAAAAAAAAHoOTUKAAAAQMs9vNZ518oYUMp38TakovW//DDTbs/9oPj1RAix5ElC/d7gbWaaNNJxKQR7eMNO6rB+ntGqee4WurTJgA4k2ws=', 'AAAAAAAAAGQAAAAAAAAAAQAAAAAAAAACAAAAAAAAAAIAAAAALsLzczZPbcG7iR1Aap19uhmCNzGwnaUFPbeJ+hFUV7EAAAAAAAAAAQAAAAAAAAAAdzWUAAAAAAFVU0QAAAAAAC7C83M2T23Bu4kdQGqdfboZgjcxsJ2lBT23ifoRVFexAAAAADuaygAAAAAALsLzczZPbcG7iR1Aap19uhmCNzGwnaUFPbeJ+hFUV7EAAAAAAAAAAgAAAAFFVVIAAAAAAC7C83M2T23Bu4kdQGqdfboZgjcxsJ2lBT23ifoRVFexAAAAAHc1lAAAAAAAAAAAAHc1lAAAAAAABAjoBMEUiZNLUjsWXL1iK59D90Li4w56076b8HKxZfIAAAABRVVSAAAAAAAuwvNzNk9twbuJHUBqnX26GYI3MbCdpQU9t4n6EVRXsQAAAAB3NZQAAAAAAA==', 'AAAAAAAAAAEAAAAKAAAAAwAAABIAAAAAAAAAAC7C83M2T23Bu4kdQGqdfboZgjcxsJ2lBT23ifoRVFexAAAAAlQL4tQAAAAQAAAAAwAAAAIAAAAAAAAAAAAAAAABAAAAAAAAAAAAAAAAAAAAAAAAAQAAABMAAAAAAAAAAC7C83M2T23Bu4kdQGqdfboZgjcxsJ2lBT23ifoRVFexAAAAAlQL4tQAAAAQAAAAAwAAAAIAAAAAAAAAAAAAAAABAAAAAAAAAAAAAAAAAAAAAAAAAwAAABEAAAABAAAAAAQI6ATBFImTS1I7Fly9YiufQ/dC4uMOetO+m/BysWXyAAAAAUVVUgAAAAAALsLzczZPbcG7iR1Aap19uhmCNzGwnaUFPbeJ+hFUV7EAAAAAAAAAAH//////////AAAAAQAAAAAAAAAAAAAAAQAAABMAAAABAAAAAAQI6ATBFImTS1I7Fly9YiufQ/dC4uMOetO+m/BysWXyAAAAAUVVUgAAAAAALsLzczZPbcG7iR1Aap19uhmCNzGwnaUFPbeJ+hFUV7EAAAAAdzWUAH//////////AAAAAQAAAAAAAAAAAAAAAwAAABIAAAABAAAAAONt/6wGI884Zi6sYDYC1GOV/drnh4OcRrTrqJPoOTUKAAAAAVVTRAAAAAAALsLzczZPbcG7iR1Aap19uhmCNzGwnaUFPbeJ+hFUV7EAAAAAO5rKAH//////////AAAAAQAAAAAAAAAAAAAAAQAAABMAAAABAAAAAONt/6wGI884Zi6sYDYC1GOV/drnh4OcRrTrqJPoOTUKAAAAAVVTRAAAAAAALsLzczZPbcG7iR1Aap19uhmCNzGwnaUFPbeJ+hFUV7EAAAAAAAAAAH//////////AAAAAQAAAAAAAAAAAAAAAwAAABIAAAACAAAAAC7C83M2T23Bu4kdQGqdfboZgjcxsJ2lBT23ifoRVFexAAAAAAAAAAEAAAAAAAAAAVVTRAAAAAAALsLzczZPbcG7iR1Aap19uhmCNzGwnaUFPbeJ+hFUV7EAAAAA7msoAAAAAAEAAAACAAAAAAAAAAAAAAAAAAAAAQAAABMAAAACAAAAAC7C83M2T23Bu4kdQGqdfboZgjcxsJ2lBT23ifoRVFexAAAAAAAAAAEAAAAAAAAAAVVTRAAAAAAALsLzczZPbcG7iR1Aap19uhmCNzGwnaUFPbeJ+hFUV7EAAAAAdzWUAAAAAAEAAAACAAAAAAAAAAAAAAAAAAAAAwAAABIAAAACAAAAAC7C83M2T23Bu4kdQGqdfboZgjcxsJ2lBT23ifoRVFexAAAAAAAAAAIAAAABRVVSAAAAAAAuwvNzNk9twbuJHUBqnX26GYI3MbCdpQU9t4n6EVRXsQAAAAAAAAAAstBeAAAAAAEAAAABAAAAAAAAAAAAAAAAAAAAAQAAABMAAAACAAAAAC7C83M2T23Bu4kdQGqdfboZgjcxsJ2lBT23ifoRVFexAAAAAAAAAAIAAAABRVVSAAAAAAAuwvNzNk9twbuJHUBqnX26GYI3MbCdpQU9t4n6EVRXsQAAAAAAAAAAO5rKAAAAAAEAAAABAAAAAAAAAAAAAAAA', 'AAAAAgAAAAMAAAARAAAAAAAAAADjbf+sBiPPOGYurGA2AtRjlf3a54eDnEa066iT6Dk1CgAAAAJUC+OcAAAAEAAAAAEAAAABAAAAAAAAAAAAAAAAAQAAAAAAAAAAAAAAAAAAAAAAAAEAAAATAAAAAAAAAADjbf+sBiPPOGYurGA2AtRjlf3a54eDnEa066iT6Dk1CgAAAAJUC+M4AAAAEAAAAAIAAAABAAAAAAAAAAAAAAAAAQAAAAAAAAAAAAAAAAAAAA==', '{yz281nnXyhhQynfxNqSi9b/8MNNuz/2g+PVECLHkSUL93uBtZpo00nEpBHt4w07qsH6e0ap57ha6tMmADiTbCw==}', 'none', NULL, NULL);
INSERT INTO history_transactions VALUES ('f08dc1fec150f276562866ce4f5272f658cf0bd9fd8c1d96a22c196be2e1b25a', 20, 1, 'GDRW375MAYR46ODGF2WGANQC2RRZL7O246DYHHCGWTV2RE7IHE2QUQLD', 68719476739, 100, 1, '2018-02-13 23:42:36.319329', '2018-02-13 23:42:36.319329', 85899350016, 'AAAAAONt/6wGI884Zi6sYDYC1GOV/drnh4OcRrTrqJPoOTUKAAAAZAAAABAAAAADAAAAAAAAAAAAAAABAAAAAAAAAAIAAAAAAAAAADuaygAAAAAABAjoBMEUiZNLUjsWXL1iK59D90Li4w56076b8HKxZfIAAAABRVVSAAAAAAAuwvNzNk9twbuJHUBqnX26GYI3MbCdpQU9t4n6EVRXsQAAAAA7msoAAAAAAAAAAAAAAAAB6Dk1CgAAAEB+7jxesBKKrF343onyycjp2tiQLZiGH2ETl+9fuOqotveY2rIgvt9ng+QJ2aDP3+PnDsYEa9ZUaA+Zne2nIGgE', 'AAAAAAAAAGQAAAAAAAAAAQAAAAAAAAACAAAAAAAAAAEAAAAALsLzczZPbcG7iR1Aap19uhmCNzGwnaUFPbeJ+hFUV7EAAAAAAAAAAgAAAAFFVVIAAAAAAC7C83M2T23Bu4kdQGqdfboZgjcxsJ2lBT23ifoRVFexAAAAADuaygAAAAAAAAAAADuaygAAAAAABAjoBMEUiZNLUjsWXL1iK59D90Li4w56076b8HKxZfIAAAABRVVSAAAAAAAuwvNzNk9twbuJHUBqnX26GYI3MbCdpQU9t4n6EVRXsQAAAAA7msoAAAAAAA==', 'AAAAAAAAAAEAAAAIAAAAAwAAABMAAAAAAAAAAC7C83M2T23Bu4kdQGqdfboZgjcxsJ2lBT23ifoRVFexAAAAAlQL4tQAAAAQAAAAAwAAAAIAAAAAAAAAAAAAAAABAAAAAAAAAAAAAAAAAAAAAAAAAQAAABQAAAAAAAAAAC7C83M2T23Bu4kdQGqdfboZgjcxsJ2lBT23ifoRVFexAAAAAo+mrNQAAAAQAAAAAwAAAAEAAAAAAAAAAAAAAAABAAAAAAAAAAAAAAAAAAAAAAAAAwAAABQAAAAAAAAAAONt/6wGI884Zi6sYDYC1GOV/drnh4OcRrTrqJPoOTUKAAAAAlQL4tQAAAAQAAAAAwAAAAEAAAAAAAAAAAAAAAABAAAAAAAAAAAAAAAAAAAAAAAAAQAAABQAAAAAAAAAAONt/6wGI884Zi6sYDYC1GOV/drnh4OcRrTrqJPoOTUKAAAAAhhxGNQAAAAQAAAAAwAAAAEAAAAAAAAAAAAAAAABAAAAAAAAAAAAAAAAAAAAAAAAAwAAABMAAAABAAAAAAQI6ATBFImTS1I7Fly9YiufQ/dC4uMOetO+m/BysWXyAAAAAUVVUgAAAAAALsLzczZPbcG7iR1Aap19uhmCNzGwnaUFPbeJ+hFUV7EAAAAAdzWUAH//////////AAAAAQAAAAAAAAAAAAAAAQAAABQAAAABAAAAAAQI6ATBFImTS1I7Fly9YiufQ/dC4uMOetO+m/BysWXyAAAAAUVVUgAAAAAALsLzczZPbcG7iR1Aap19uhmCNzGwnaUFPbeJ+hFUV7EAAAAAstBeAH//////////AAAAAQAAAAAAAAAAAAAAAwAAABMAAAACAAAAAC7C83M2T23Bu4kdQGqdfboZgjcxsJ2lBT23ifoRVFexAAAAAAAAAAIAAAABRVVSAAAAAAAuwvNzNk9twbuJHUBqnX26GYI3MbCdpQU9t4n6EVRXsQAAAAAAAAAAO5rKAAAAAAEAAAABAAAAAAAAAAAAAAAAAAAAAgAAAAIAAAAALsLzczZPbcG7iR1Aap19uhmCNzGwnaUFPbeJ+hFUV7EAAAAAAAAAAg==', 'AAAAAgAAAAMAAAATAAAAAAAAAADjbf+sBiPPOGYurGA2AtRjlf3a54eDnEa066iT6Dk1CgAAAAJUC+M4AAAAEAAAAAIAAAABAAAAAAAAAAAAAAAAAQAAAAAAAAAAAAAAAAAAAAAAAAEAAAAUAAAAAAAAAADjbf+sBiPPOGYurGA2AtRjlf3a54eDnEa066iT6Dk1CgAAAAJUC+LUAAAAEAAAAAMAAAABAAAAAAAAAAAAAAAAAQAAAAAAAAAAAAAAAAAAAA==', '{fu48XrASiqxd+N6J8snI6drYkC2Yhh9hE5fvX7jqqLb3mNqyIL7fZ4PkCdmgz9/j5w7GBGvWVGgPmZ3tpyBoBA==}', 'none', NULL, NULL);
INSERT INTO history_transactions VALUES ('2a6987a6930eab7e3becacf9b76ed7a06802668c1f1eb0f82f5671014b4b636a', 21, 1, 'GBRPYHIL2CI3FNQ4BXLFMNDLFJUNPU2HY3ZMFSHONUCEOASW7QC7OX2H', 11, 100, 1, '2018-02-13 23:42:36.325285', '2018-02-13 23:42:36.325285', 90194317312, 'AAAAAGL8HQvQkbK2HA3WVjRrKmjX00fG8sLI7m0ERwJW/AX3AAAAZAAAAAAAAAALAAAAAAAAAAAAAAABAAAAAAAAAAAAAAAAXK+F1JOs84QNDhnmIjjKUDQ+mEvueZwDL/tCVRXFjncAAAACVAvkAAAAAAAAAAABVvwF9wAAAEDfpUesb4kQ/RfBx1UxqNOtZ2+4R4S0XxzggPR1C3YyhZAr/K8KyZCg4ejDTFnhu9qAh4GLZLkbBraGncT9DcYF', 'AAAAAAAAAGQAAAAAAAAAAQAAAAAAAAAAAAAAAAAAAAA=', 'AAAAAAAAAAEAAAADAAAAAAAAABUAAAAAAAAAAFyvhdSTrPOEDQ4Z5iI4ylA0PphL7nmcAy/7QlUVxY53AAAAAlQL5AAAAAAVAAAAAAAAAAAAAAAAAAAAAAAAAAABAAAAAAAAAAAAAAAAAAAAAAAAAwAAABUAAAAAAAAAAGL8HQvQkbK2HA3WVjRrKmjX00fG8sLI7m0ERwJW/AX3DeC2nG07L1AAAAAAAAAADAAAAAAAAAAAAAAAAAAAAAABAAAAAAAAAAAAAAAAAAAAAAAAAQAAABUAAAAAAAAAAGL8HQvQkbK2HA3WVjRrKmjX00fG8sLI7m0ERwJW/AX3DeC2mhkvS1AAAAAAAAAADAAAAAAAAAAAAAAAAAAAAAABAAAAAAAAAAAAAAAAAAAA', 'AAAAAgAAAAMAAAAQAAAAAAAAAABi/B0L0JGythwN1lY0aypo19NHxvLCyO5tBEcCVvwF9w3gtpxtOzAYAAAAAAAAAAoAAAAAAAAAAAAAAAAAAAAAAQAAAAAAAAAAAAAAAAAAAAAAAAEAAAAVAAAAAAAAAABi/B0L0JGythwN1lY0aypo19NHxvLCyO5tBEcCVvwF9w3gtpxtOy+0AAAAAAAAAAsAAAAAAAAAAAAAAAAAAAAAAQAAAAAAAAAAAAAAAAAAAA==', '{36VHrG+JEP0XwcdVMajTrWdvuEeEtF8c4ID0dQt2MoWQK/yvCsmQoOHow0xZ4bvagIeBi2S5Gwa2hp3E/Q3GBQ==}', 'none', NULL, NULL);
INSERT INTO history_transactions VALUES ('96415ac1d2f79621b26b1568f963fd8dd6c50c20a22c7428cefbfe9dee867588', 21, 2, 'GBRPYHIL2CI3FNQ4BXLFMNDLFJUNPU2HY3ZMFSHONUCEOASW7QC7OX2H', 12, 100, 1, '2018-02-13 23:42:36.327344', '2018-02-13 23:42:36.327344', 90194321408, 'AAAAAGL8HQvQkbK2HA3WVjRrKmjX00fG8sLI7m0ERwJW/AX3AAAAZAAAAAAAAAAMAAAAAAAAAAAAAAABAAAAAAAAAAAAAAAAdQRiekAoVkbqXJa3xIIXnCcZLADk+cVfmZs9SLHWDWEAAAACVAvkAAAAAAAAAAABVvwF9wAAAEDdJGdvdZ2S4QoXdO+Odt8ZRdeVu7mBvq7FtP9okqr98pGD/jSAraklQvaRmCyMALIMD2kG8R2KjhKvy7oIL6IB', 'AAAAAAAAAGQAAAAAAAAAAQAAAAAAAAAAAAAAAAAAAAA=', 'AAAAAAAAAAEAAAADAAAAAAAAABUAAAAAAAAAAHUEYnpAKFZG6lyWt8SCF5wnGSwA5PnFX5mbPUix1g1hAAAAAlQL5AAAAAAVAAAAAAAAAAAAAAAAAAAAAAAAAAABAAAAAAAAAAAAAAAAAAAAAAAAAwAAABUAAAAAAAAAAGL8HQvQkbK2HA3WVjRrKmjX00fG8sLI7m0ERwJW/AX3DeC2mhkvS1AAAAAAAAAADAAAAAAAAAAAAAAAAAAAAAABAAAAAAAAAAAAAAAAAAAAAAAAAQAAABUAAAAAAAAAAGL8HQvQkbK2HA3WVjRrKmjX00fG8sLI7m0ERwJW/AX3DeC2l8UjZ1AAAAAAAAAADAAAAAAAAAAAAAAAAAAAAAABAAAAAAAAAAAAAAAAAAAA', 'AAAAAgAAAAMAAAAVAAAAAAAAAABi/B0L0JGythwN1lY0aypo19NHxvLCyO5tBEcCVvwF9w3gtpxtOy+0AAAAAAAAAAsAAAAAAAAAAAAAAAAAAAAAAQAAAAAAAAAAAAAAAAAAAAAAAAEAAAAVAAAAAAAAAABi/B0L0JGythwN1lY0aypo19NHxvLCyO5tBEcCVvwF9w3gtpxtOy9QAAAAAAAAAAwAAAAAAAAAAAAAAAAAAAAAAQAAAAAAAAAAAAAAAAAAAA==', '{3SRnb3WdkuEKF3TvjnbfGUXXlbu5gb6uxbT/aJKq/fKRg/40gK2pJUL2kZgsjACyDA9pBvEdio4Sr8u6CC+iAQ==}', 'none', NULL, NULL);
INSERT INTO history_transactions VALUES ('be05e4bd966d58689e1b6fae013e5aa77bde56e6acd2db9b96870e5e746a4ab7', 22, 1, 'GBOK7BOUSOWPHBANBYM6MIRYZJIDIPUYJPXHTHADF75UEVIVYWHHONQC', 90194313217, 100, 1, '2018-02-13 23:42:36.332544', '2018-02-13 23:42:36.332544', 94489284608, 'AAAAAFyvhdSTrPOEDQ4Z5iI4ylA0PphL7nmcAy/7QlUVxY53AAAAZAAAABUAAAABAAAAAAAAAAAAAAABAAAAAAAAAAYAAAABVVNEAAAAAAB1BGJ6QChWRupclrfEghecJxksAOT5xV+Zmz1IsdYNYX//////////AAAAAAAAAAEVxY53AAAAQDMCWfC0eGNJuYIX3s5AUNLernpcHTn8O6ygq/Nw3S5vny/W42O5G4G6UsihVU1xd5bR4im2+VzQlQYQhe0jhwg=', 'AAAAAAAAAGQAAAAAAAAAAQAAAAAAAAAGAAAAAAAAAAA=', 'AAAAAAAAAAEAAAADAAAAAAAAABYAAAABAAAAAFyvhdSTrPOEDQ4Z5iI4ylA0PphL7nmcAy/7QlUVxY53AAAAAVVTRAAAAAAAdQRiekAoVkbqXJa3xIIXnCcZLADk+cVfmZs9SLHWDWEAAAAAAAAAAH//////////AAAAAQAAAAAAAAAAAAAAAwAAABYAAAAAAAAAAFyvhdSTrPOEDQ4Z5iI4ylA0PphL7nmcAy/7QlUVxY53AAAAAlQL45wAAAAVAAAAAQAAAAAAAAAAAAAAAAAAAAABAAAAAAAAAAAAAAAAAAAAAAAAAQAAABYAAAAAAAAAAFyvhdSTrPOEDQ4Z5iI4ylA0PphL7nmcAy/7QlUVxY53AAAAAlQL45wAAAAVAAAAAQAAAAEAAAAAAAAAAAAAAAABAAAAAAAAAAAAAAAAAAAA', 'AAAAAgAAAAMAAAAVAAAAAAAAAABcr4XUk6zzhA0OGeYiOMpQND6YS+55nAMv+0JVFcWOdwAAAAJUC+QAAAAAFQAAAAAAAAAAAAAAAAAAAAAAAAAAAQAAAAAAAAAAAAAAAAAAAAAAAAEAAAAWAAAAAAAAAABcr4XUk6zzhA0OGeYiOMpQND6YS+55nAMv+0JVFcWOdwAAAAJUC+OcAAAAFQAAAAEAAAAAAAAAAAAAAAAAAAAAAQAAAAAAAAAAAAAAAAAAAA==', '{MwJZ8LR4Y0m5ghfezkBQ0t6uelwdOfw7rKCr83DdLm+fL9bjY7kbgbpSyKFVTXF3ltHiKbb5XNCVBhCF7SOHCA==}', 'none', NULL, NULL);
INSERT INTO history_transactions VALUES ('d8b2508123656b1df1ee17c2767829bc22ab41959ad25e6ccc520e849516fba1', 23, 1, 'GBOK7BOUSOWPHBANBYM6MIRYZJIDIPUYJPXHTHADF75UEVIVYWHHONQC', 90194313218, 100, 1, '2018-02-13 23:42:36.33683', '2018-02-13 23:42:36.33683', 98784251904, 'AAAAAFyvhdSTrPOEDQ4Z5iI4ylA0PphL7nmcAy/7QlUVxY53AAAAZAAAABUAAAACAAAAAAAAAAAAAAABAAAAAAAAAAMAAAAAAAAAAVVTRAAAAAAAdQRiekAoVkbqXJa3xIIXnCcZLADk+cVfmZs9SLHWDWEAAAAAC+vCAAAAAAEAAAABAAAAAAAAAAAAAAAAAAAAARXFjncAAABATR48xYiKbu8AOoXFwvcvILZ0/pQkfGuwwAoIZNefr7ydIwlcuL44XPM7pJ/6jDSbqBudTNWdE2JRjuq7HI7IAA==', 'AAAAAAAAAGQAAAAAAAAAAQAAAAAAAAADAAAAAAAAAAAAAAAAAAAAAFyvhdSTrPOEDQ4Z5iI4ylA0PphL7nmcAy/7QlUVxY53AAAAAAAAAAMAAAAAAAAAAVVTRAAAAAAAdQRiekAoVkbqXJa3xIIXnCcZLADk+cVfmZs9SLHWDWEAAAAAC+vCAAAAAAEAAAABAAAAAAAAAAAAAAAA', 'AAAAAAAAAAEAAAADAAAAAAAAABcAAAACAAAAAFyvhdSTrPOEDQ4Z5iI4ylA0PphL7nmcAy/7QlUVxY53AAAAAAAAAAMAAAAAAAAAAVVTRAAAAAAAdQRiekAoVkbqXJa3xIIXnCcZLADk+cVfmZs9SLHWDWEAAAAAC+vCAAAAAAEAAAABAAAAAAAAAAAAAAAAAAAAAwAAABcAAAAAAAAAAFyvhdSTrPOEDQ4Z5iI4ylA0PphL7nmcAy/7QlUVxY53AAAAAlQL4zgAAAAVAAAAAgAAAAEAAAAAAAAAAAAAAAABAAAAAAAAAAAAAAAAAAAAAAAAAQAAABcAAAAAAAAAAFyvhdSTrPOEDQ4Z5iI4ylA0PphL7nmcAy/7QlUVxY53AAAAAlQL4zgAAAAVAAAAAgAAAAIAAAAAAAAAAAAAAAABAAAAAAAAAAAAAAAAAAAA', 'AAAAAgAAAAMAAAAWAAAAAAAAAABcr4XUk6zzhA0OGeYiOMpQND6YS+55nAMv+0JVFcWOdwAAAAJUC+OcAAAAFQAAAAEAAAABAAAAAAAAAAAAAAAAAQAAAAAAAAAAAAAAAAAAAAAAAAEAAAAXAAAAAAAAAABcr4XUk6zzhA0OGeYiOMpQND6YS+55nAMv+0JVFcWOdwAAAAJUC+M4AAAAFQAAAAIAAAABAAAAAAAAAAAAAAAAAQAAAAAAAAAAAAAAAAAAAA==', '{TR48xYiKbu8AOoXFwvcvILZ0/pQkfGuwwAoIZNefr7ydIwlcuL44XPM7pJ/6jDSbqBudTNWdE2JRjuq7HI7IAA==}', 'none', NULL, NULL);
INSERT INTO history_transactions VALUES ('01346de1ca30ce03149d9f54945956a22f9cbed3d81f81c62bb59cf8cdd8b893', 24, 1, 'GB2QIYT2IAUFMRXKLSLLPRECC6OCOGJMADSPTRK7TGNT2SFR2YGWDARD', 90194313217, 100, 1, '2018-02-13 23:42:36.341472', '2018-02-13 23:42:36.341472', 103079219200, 'AAAAAHUEYnpAKFZG6lyWt8SCF5wnGSwA5PnFX5mbPUix1g1hAAAAZAAAABUAAAABAAAAAAAAAAAAAAABAAAAAAAAAAMAAAABVVNEAAAAAAB1BGJ6QChWRupclrfEghecJxksAOT5xV+Zmz1IsdYNYQAAAAAAAAAAEeGjAAAAAAEAAAABAAAAAAAAAAAAAAAAAAAAAbHWDWEAAABA0L+69D1hxpytAkX6cvPiBuO80ql8SQKZ15POVxx9wYl6mZrL+6UWGab/+6ng2M+a29E7ON+Xs46Y9MNqTh91AQ==', 'AAAAAAAAAGQAAAAAAAAAAQAAAAAAAAADAAAAAAAAAAEAAAAAXK+F1JOs84QNDhnmIjjKUDQ+mEvueZwDL/tCVRXFjncAAAAAAAAAAwAAAAAAAAAAC+vCAAAAAAFVU0QAAAAAAHUEYnpAKFZG6lyWt8SCF5wnGSwA5PnFX5mbPUix1g1hAAAAAAvrwgAAAAAAAAAAAHUEYnpAKFZG6lyWt8SCF5wnGSwA5PnFX5mbPUix1g1hAAAAAAAAAAQAAAABVVNEAAAAAAB1BGJ6QChWRupclrfEghecJxksAOT5xV+Zmz1IsdYNYQAAAAAAAAAABfXhAAAAAAEAAAABAAAAAAAAAAAAAAAA', 'AAAAAAAAAAEAAAAJAAAAAAAAABgAAAACAAAAAHUEYnpAKFZG6lyWt8SCF5wnGSwA5PnFX5mbPUix1g1hAAAAAAAAAAQAAAABVVNEAAAAAAB1BGJ6QChWRupclrfEghecJxksAOT5xV+Zmz1IsdYNYQAAAAAAAAAABfXhAAAAAAEAAAABAAAAAAAAAAAAAAAAAAAAAwAAABcAAAAAAAAAAFyvhdSTrPOEDQ4Z5iI4ylA0PphL7nmcAy/7QlUVxY53AAAAAlQL4zgAAAAVAAAAAgAAAAIAAAAAAAAAAAAAAAABAAAAAAAAAAAAAAAAAAAAAAAAAQAAABgAAAAAAAAAAFyvhdSTrPOEDQ4Z5iI4ylA0PphL7nmcAy/7QlUVxY53AAAAAkggITgAAAAVAAAAAgAAAAEAAAAAAAAAAAAAAAABAAAAAAAAAAAAAAAAAAAAAAAAAwAAABgAAAAAAAAAAHUEYnpAKFZG6lyWt8SCF5wnGSwA5PnFX5mbPUix1g1hAAAAAlQL45wAAAAVAAAAAQAAAAAAAAAAAAAAAAAAAAABAAAAAAAAAAAAAAAAAAAAAAAAAQAAABgAAAAAAAAAAHUEYnpAKFZG6lyWt8SCF5wnGSwA5PnFX5mbPUix1g1hAAAAAl/3pZwAAAAVAAAAAQAAAAEAAAAAAAAAAAAAAAABAAAAAAAAAAAAAAAAAAAAAAAAAwAAABYAAAABAAAAAFyvhdSTrPOEDQ4Z5iI4ylA0PphL7nmcAy/7QlUVxY53AAAAAVVTRAAAAAAAdQRiekAoVkbqXJa3xIIXnCcZLADk+cVfmZs9SLHWDWEAAAAAAAAAAH//////////AAAAAQAAAAAAAAAAAAAAAQAAABgAAAABAAAAAFyvhdSTrPOEDQ4Z5iI4ylA0PphL7nmcAy/7QlUVxY53AAAAAVVTRAAAAAAAdQRiekAoVkbqXJa3xIIXnCcZLADk+cVfmZs9SLHWDWEAAAAAC+vCAH//////////AAAAAQAAAAAAAAAAAAAAAwAAABcAAAACAAAAAFyvhdSTrPOEDQ4Z5iI4ylA0PphL7nmcAy/7QlUVxY53AAAAAAAAAAMAAAAAAAAAAVVTRAAAAAAAdQRiekAoVkbqXJa3xIIXnCcZLADk+cVfmZs9SLHWDWEAAAAAC+vCAAAAAAEAAAABAAAAAAAAAAAAAAAAAAAAAgAAAAIAAAAAXK+F1JOs84QNDhnmIjjKUDQ+mEvueZwDL/tCVRXFjncAAAAAAAAAAw==', 'AAAAAgAAAAMAAAAVAAAAAAAAAAB1BGJ6QChWRupclrfEghecJxksAOT5xV+Zmz1IsdYNYQAAAAJUC+QAAAAAFQAAAAAAAAAAAAAAAAAAAAAAAAAAAQAAAAAAAAAAAAAAAAAAAAAAAAEAAAAYAAAAAAAAAAB1BGJ6QChWRupclrfEghecJxksAOT5xV+Zmz1IsdYNYQAAAAJUC+OcAAAAFQAAAAEAAAAAAAAAAAAAAAAAAAAAAQAAAAAAAAAAAAAAAAAAAA==', '{0L+69D1hxpytAkX6cvPiBuO80ql8SQKZ15POVxx9wYl6mZrL+6UWGab/+6ng2M+a29E7ON+Xs46Y9MNqTh91AQ==}', 'none', NULL, NULL);
INSERT INTO history_transactions VALUES ('5065cd7c97cfb6fbf7da8493beed47ed2c7efb3b00b77a4c92692ed487fb86a4', 25, 1, 'GBRPYHIL2CI3FNQ4BXLFMNDLFJUNPU2HY3ZMFSHONUCEOASW7QC7OX2H', 13, 100, 1, '2018-02-13 23:42:36.347156', '2018-02-13 23:42:36.347157', 107374186496, 'AAAAAGL8HQvQkbK2HA3WVjRrKmjX00fG8sLI7m0ERwJW/AX3AAAAZAAAAAAAAAANAAAAAAAAAAAAAAABAAAAAAAAAAAAAAAAfGbtaaW8nEfkG5PP1Cf4+dZxNj3MryzpiAiOpDJuhhgAAAACVAvkAAAAAAAAAAABVvwF9wAAAEBthwT3JCg5IZkKRNK3pHBa/eG8zq8Af9gFPWlYvEdRo6jzA5D9fYOcDpKD3dEAuPLNNAHj9tNbZUJA3rwxN94B', 'AAAAAAAAAGQAAAAAAAAAAQAAAAAAAAAAAAAAAAAAAAA=', 'AAAAAAAAAAEAAAADAAAAAAAAABkAAAAAAAAAAHxm7WmlvJxH5BuTz9Qn+PnWcTY9zK8s6YgIjqQyboYYAAAAAlQL5AAAAAAZAAAAAAAAAAAAAAAAAAAAAAAAAAABAAAAAAAAAAAAAAAAAAAAAAAAAwAAABkAAAAAAAAAAGL8HQvQkbK2HA3WVjRrKmjX00fG8sLI7m0ERwJW/AX3DeC2l8UjZuwAAAAAAAAADQAAAAAAAAAAAAAAAAAAAAABAAAAAAAAAAAAAAAAAAAAAAAAAQAAABkAAAAAAAAAAGL8HQvQkbK2HA3WVjRrKmjX00fG8sLI7m0ERwJW/AX3DeC2lXEXguwAAAAAAAAADQAAAAAAAAAAAAAAAAAAAAABAAAAAAAAAAAAAAAAAAAA', 'AAAAAgAAAAMAAAAVAAAAAAAAAABi/B0L0JGythwN1lY0aypo19NHxvLCyO5tBEcCVvwF9w3gtpfFI2dQAAAAAAAAAAwAAAAAAAAAAAAAAAAAAAAAAQAAAAAAAAAAAAAAAAAAAAAAAAEAAAAZAAAAAAAAAABi/B0L0JGythwN1lY0aypo19NHxvLCyO5tBEcCVvwF9w3gtpfFI2bsAAAAAAAAAA0AAAAAAAAAAAAAAAAAAAAAAQAAAAAAAAAAAAAAAAAAAA==', '{bYcE9yQoOSGZCkTSt6RwWv3hvM6vAH/YBT1pWLxHUaOo8wOQ/X2DnA6Sg93RALjyzTQB4/bTW2VCQN68MTfeAQ==}', 'none', NULL, NULL);
INSERT INTO history_transactions VALUES ('a76e0260f6b83c6ea93f545d17de721c079dc31e81ee5edc41f159ec5fb48443', 26, 1, 'GB6GN3LJUW6JYR7EDOJ47VBH7D45M4JWHXGK6LHJRAEI5JBSN2DBQY7Q', 107374182401, 100, 1, '2018-02-13 23:42:36.352027', '2018-02-13 23:42:36.352027', 111669153792, 'AAAAAHxm7WmlvJxH5BuTz9Qn+PnWcTY9zK8s6YgIjqQyboYYAAAAZAAAABkAAAABAAAAAAAAAAAAAAABAAAAAAAAAAQAAAABVVNEAAAAAAB8Zu1ppbycR+Qbk8/UJ/j51nE2PcyvLOmICI6kMm6GGAAAAAAAAAAAdzWUAAAAAAEAAAABAAAAAAAAAAEyboYYAAAAQBqzCYDuLYn/jXhfEVxEGigMCJGoOBCK92lUb3Um15PgwSJ63tNl+FpH8+y5c+mCs/rzcvdyo9uXdodd4LXWiQg=', 'AAAAAAAAAGQAAAAAAAAAAQAAAAAAAAADAAAAAAAAAAAAAAAAAAAAAHxm7WmlvJxH5BuTz9Qn+PnWcTY9zK8s6YgIjqQyboYYAAAAAAAAAAUAAAABVVNEAAAAAAB8Zu1ppbycR+Qbk8/UJ/j51nE2PcyvLOmICI6kMm6GGAAAAAAAAAAAdzWUAAAAAAEAAAABAAAAAQAAAAAAAAAA', 'AAAAAAAAAAEAAAADAAAAAAAAABoAAAACAAAAAHxm7WmlvJxH5BuTz9Qn+PnWcTY9zK8s6YgIjqQyboYYAAAAAAAAAAUAAAABVVNEAAAAAAB8Zu1ppbycR+Qbk8/UJ/j51nE2PcyvLOmICI6kMm6GGAAAAAAAAAAAdzWUAAAAAAEAAAABAAAAAQAAAAAAAAAAAAAAAwAAABoAAAAAAAAAAHxm7WmlvJxH5BuTz9Qn+PnWcTY9zK8s6YgIjqQyboYYAAAAAlQL4zgAAAAZAAAAAgAAAAAAAAAAAAAAAAAAAAABAAAAAAAAAAAAAAAAAAAAAAAAAQAAABoAAAAAAAAAAHxm7WmlvJxH5BuTz9Qn+PnWcTY9zK8s6YgIjqQyboYYAAAAAlQL4zgAAAAZAAAAAgAAAAEAAAAAAAAAAAAAAAABAAAAAAAAAAAAAAAAAAAA', 'AAAAAgAAAAMAAAAZAAAAAAAAAAB8Zu1ppbycR+Qbk8/UJ/j51nE2PcyvLOmICI6kMm6GGAAAAAJUC+QAAAAAGQAAAAAAAAAAAAAAAAAAAAAAAAAAAQAAAAAAAAAAAAAAAAAAAAAAAAEAAAAaAAAAAAAAAAB8Zu1ppbycR+Qbk8/UJ/j51nE2PcyvLOmICI6kMm6GGAAAAAJUC+OcAAAAGQAAAAEAAAAAAAAAAAAAAAAAAAAAAQAAAAAAAAAAAAAAAAAAAA==', '{GrMJgO4tif+NeF8RXEQaKAwIkag4EIr3aVRvdSbXk+DBInre02X4Wkfz7Llz6YKz+vNy93Kj25d2h13gtdaJCA==}', 'none', NULL, NULL);
INSERT INTO history_transactions VALUES ('92a654c76966ac61acc9df0b75f91cbde3b551c9e9766730827af42d1e247cc3', 26, 2, 'GB6GN3LJUW6JYR7EDOJ47VBH7D45M4JWHXGK6LHJRAEI5JBSN2DBQY7Q', 107374182402, 100, 1, '2018-02-13 23:42:36.352842', '2018-02-13 23:42:36.352842', 111669157888, 'AAAAAHxm7WmlvJxH5BuTz9Qn+PnWcTY9zK8s6YgIjqQyboYYAAAAZAAAABkAAAACAAAAAAAAAAAAAAABAAAAAAAAAAQAAAAAAAAAAVVTRAAAAAAAfGbtaaW8nEfkG5PP1Cf4+dZxNj3MryzpiAiOpDJuhhgAAAAAdzWUAAAAAAEAAAABAAAAAAAAAAEyboYYAAAAQBbE9T7oBKoN0/S3AV7GoSRe+xT79SlWNCYEtL1RPExL8FLhw5EDsXLoAvIBbBvHIr9NKcPtWDyhcHlIuaZKIg8=', 'AAAAAAAAAGQAAAAAAAAAAQAAAAAAAAADAAAAAAAAAAAAAAAAAAAAAHxm7WmlvJxH5BuTz9Qn+PnWcTY9zK8s6YgIjqQyboYYAAAAAAAAAAYAAAAAAAAAAVVTRAAAAAAAfGbtaaW8nEfkG5PP1Cf4+dZxNj3MryzpiAiOpDJuhhgAAAAAdzWUAAAAAAEAAAABAAAAAQAAAAAAAAAA', 'AAAAAAAAAAEAAAADAAAAAAAAABoAAAACAAAAAHxm7WmlvJxH5BuTz9Qn+PnWcTY9zK8s6YgIjqQyboYYAAAAAAAAAAYAAAAAAAAAAVVTRAAAAAAAfGbtaaW8nEfkG5PP1Cf4+dZxNj3MryzpiAiOpDJuhhgAAAAAdzWUAAAAAAEAAAABAAAAAQAAAAAAAAAAAAAAAwAAABoAAAAAAAAAAHxm7WmlvJxH5BuTz9Qn+PnWcTY9zK8s6YgIjqQyboYYAAAAAlQL4zgAAAAZAAAAAgAAAAEAAAAAAAAAAAAAAAABAAAAAAAAAAAAAAAAAAAAAAAAAQAAABoAAAAAAAAAAHxm7WmlvJxH5BuTz9Qn+PnWcTY9zK8s6YgIjqQyboYYAAAAAlQL4zgAAAAZAAAAAgAAAAIAAAAAAAAAAAAAAAABAAAAAAAAAAAAAAAAAAAA', 'AAAAAgAAAAMAAAAaAAAAAAAAAAB8Zu1ppbycR+Qbk8/UJ/j51nE2PcyvLOmICI6kMm6GGAAAAAJUC+OcAAAAGQAAAAEAAAAAAAAAAAAAAAAAAAAAAQAAAAAAAAAAAAAAAAAAAAAAAAEAAAAaAAAAAAAAAAB8Zu1ppbycR+Qbk8/UJ/j51nE2PcyvLOmICI6kMm6GGAAAAAJUC+M4AAAAGQAAAAIAAAAAAAAAAAAAAAAAAAAAAQAAAAAAAAAAAAAAAAAAAA==', '{FsT1PugEqg3T9LcBXsahJF77FPv1KVY0JgS0vVE8TEvwUuHDkQOxcugC8gFsG8civ00pw+1YPKFweUi5pkoiDw==}', 'none', NULL, NULL);
INSERT INTO history_transactions VALUES ('700fa44bb40e6ad2c5888656cd2e7b8d86de3d3557b653ae6874466175d64927', 27, 1, 'GBRPYHIL2CI3FNQ4BXLFMNDLFJUNPU2HY3ZMFSHONUCEOASW7QC7OX2H', 14, 100, 1, '2018-02-13 23:42:36.356531', '2018-02-13 23:42:36.356532', 115964121088, 'AAAAAGL8HQvQkbK2HA3WVjRrKmjX00fG8sLI7m0ERwJW/AX3AAAAZAAAAAAAAAAOAAAAAAAAAAAAAAABAAAAAAAAAAAAAAAAkFLGCjsP5I/iV1yOXqLAmNi0vn4B9MxR2V53pzCeMFAAAAACVAvkAAAAAAAAAAABVvwF9wAAAEBq3GPDVeRPfwqtW45GZNiUdQ9j6E9Nsz/lMYWcWDWGCZADSsEiEoXar1HWFK6drptsGEl9P6I9f7C2GBKb4YQM', 'AAAAAAAAAGQAAAAAAAAAAQAAAAAAAAAAAAAAAAAAAAA=', 'AAAAAAAAAAEAAAADAAAAAAAAABsAAAAAAAAAAJBSxgo7D+SP4ldcjl6iwJjYtL5+AfTMUdled6cwnjBQAAAAAlQL5AAAAAAbAAAAAAAAAAAAAAAAAAAAAAAAAAABAAAAAAAAAAAAAAAAAAAAAAAAAwAAABsAAAAAAAAAAGL8HQvQkbK2HA3WVjRrKmjX00fG8sLI7m0ERwJW/AX3DeC2lXEXgogAAAAAAAAADgAAAAAAAAAAAAAAAAAAAAABAAAAAAAAAAAAAAAAAAAAAAAAAQAAABsAAAAAAAAAAGL8HQvQkbK2HA3WVjRrKmjX00fG8sLI7m0ERwJW/AX3DeC2kx0LnogAAAAAAAAADgAAAAAAAAAAAAAAAAAAAAABAAAAAAAAAAAAAAAAAAAA', 'AAAAAgAAAAMAAAAZAAAAAAAAAABi/B0L0JGythwN1lY0aypo19NHxvLCyO5tBEcCVvwF9w3gtpVxF4LsAAAAAAAAAA0AAAAAAAAAAAAAAAAAAAAAAQAAAAAAAAAAAAAAAAAAAAAAAAEAAAAbAAAAAAAAAABi/B0L0JGythwN1lY0aypo19NHxvLCyO5tBEcCVvwF9w3gtpVxF4KIAAAAAAAAAA4AAAAAAAAAAAAAAAAAAAAAAQAAAAAAAAAAAAAAAAAAAA==', '{atxjw1XkT38KrVuORmTYlHUPY+hPTbM/5TGFnFg1hgmQA0rBIhKF2q9R1hSuna6bbBhJfT+iPX+wthgSm+GEDA==}', 'none', NULL, NULL);
INSERT INTO history_transactions VALUES ('fe3707fbd5c844395c598f31dc719c61218d4cea4e8dddadb6733f4866089100', 28, 1, 'GCIFFRQKHMH6JD7CK5OI4XVCYCMNRNF6PYA7JTCR3FPHPJZQTYYFB5ES', 115964116993, 100, 1, '2018-02-13 23:42:36.361913', '2018-02-13 23:42:36.361913', 120259088384, 'AAAAAJBSxgo7D+SP4ldcjl6iwJjYtL5+AfTMUdled6cwnjBQAAAAZAAAABsAAAABAAAAAAAAAAAAAAABAAAAAAAAAAUAAAABAAAAAGL8HQvQkbK2HA3WVjRrKmjX00fG8sLI7m0ERwJW/AX3AAAAAQAAAAAAAAABAAAAAAAAAAAAAAAAAAAAAAAAAAAAAAAAAAAAAAAAAAAAAAABMJ4wUAAAAEA/GIgE9sYPGwbCiIdLdhoEu25CyB0ZAcmjQonQItu6SE0gaSBVT/le355A/dw1NPaoXY9P/u0ou9D7h5Vb1fcK', 'AAAAAAAAAGQAAAAAAAAAAQAAAAAAAAAFAAAAAAAAAAA=', 'AAAAAAAAAAEAAAACAAAAAwAAABwAAAAAAAAAAJBSxgo7D+SP4ldcjl6iwJjYtL5+AfTMUdled6cwnjBQAAAAAlQL4UQAAAAbAAAABwAAAAAAAAAAAAAAAAAAAAABAAAAAAAAAAAAAAAAAAAAAAAAAQAAABwAAAAAAAAAAJBSxgo7D+SP4ldcjl6iwJjYtL5+AfTMUdled6cwnjBQAAAAAlQL4UQAAAAbAAAABwAAAAAAAAABAAAAAGL8HQvQkbK2HA3WVjRrKmjX00fG8sLI7m0ERwJW/AX3AAAAAAAAAAABAAAAAAAAAAAAAAAAAAAA', 'AAAAAgAAAAMAAAAbAAAAAAAAAACQUsYKOw/kj+JXXI5eosCY2LS+fgH0zFHZXnenMJ4wUAAAAAJUC+QAAAAAGwAAAAAAAAAAAAAAAAAAAAAAAAAAAQAAAAAAAAAAAAAAAAAAAAAAAAEAAAAcAAAAAAAAAACQUsYKOw/kj+JXXI5eosCY2LS+fgH0zFHZXnenMJ4wUAAAAAJUC+OcAAAAGwAAAAEAAAAAAAAAAAAAAAAAAAAAAQAAAAAAAAAAAAAAAAAAAA==', '{PxiIBPbGDxsGwoiHS3YaBLtuQsgdGQHJo0KJ0CLbukhNIGkgVU/5Xt+eQP3cNTT2qF2PT/7tKLvQ+4eVW9X3Cg==}', 'none', NULL, NULL);
INSERT INTO history_transactions VALUES ('345ef7f85c6ea297e3f994feef279b63812628681bd173a1f615185a4368e482', 28, 2, 'GCIFFRQKHMH6JD7CK5OI4XVCYCMNRNF6PYA7JTCR3FPHPJZQTYYFB5ES', 115964116994, 100, 1, '2018-02-13 23:42:36.362933', '2018-02-13 23:42:36.362933', 120259092480, 'AAAAAJBSxgo7D+SP4ldcjl6iwJjYtL5+AfTMUdled6cwnjBQAAAAZAAAABsAAAACAAAAAAAAAAAAAAABAAAAAAAAAAUAAAAAAAAAAQAAAAAAAAABAAAAAQAAAAAAAAAAAAAAAAAAAAAAAAAAAAAAAAAAAAAAAAABMJ4wUAAAAEDYxq3zpaFIC2JcuJUbrQ3MFXzqvu+5G7XUi4NnHlfbLutn76ylQcjuwLgbUG2lqcQfl75doPUZyurKtFP1rkMO', 'AAAAAAAAAGQAAAAAAAAAAQAAAAAAAAAFAAAAAAAAAAA=', 'AAAAAAAAAAEAAAACAAAAAwAAABwAAAAAAAAAAJBSxgo7D+SP4ldcjl6iwJjYtL5+AfTMUdled6cwnjBQAAAAAlQL4UQAAAAbAAAABwAAAAAAAAABAAAAAGL8HQvQkbK2HA3WVjRrKmjX00fG8sLI7m0ERwJW/AX3AAAAAAAAAAABAAAAAAAAAAAAAAAAAAAAAAAAAQAAABwAAAAAAAAAAJBSxgo7D+SP4ldcjl6iwJjYtL5+AfTMUdled6cwnjBQAAAAAlQL4UQAAAAbAAAABwAAAAAAAAABAAAAAGL8HQvQkbK2HA3WVjRrKmjX00fG8sLI7m0ERwJW/AX3AAAAAQAAAAABAAAAAAAAAAAAAAAAAAAA', 'AAAAAgAAAAMAAAAcAAAAAAAAAACQUsYKOw/kj+JXXI5eosCY2LS+fgH0zFHZXnenMJ4wUAAAAAJUC+OcAAAAGwAAAAEAAAAAAAAAAAAAAAAAAAAAAQAAAAAAAAAAAAAAAAAAAAAAAAEAAAAcAAAAAAAAAACQUsYKOw/kj+JXXI5eosCY2LS+fgH0zFHZXnenMJ4wUAAAAAJUC+M4AAAAGwAAAAIAAAAAAAAAAAAAAAAAAAAAAQAAAAAAAAAAAAAAAAAAAA==', '{2Mat86WhSAtiXLiVG60NzBV86r7vuRu11IuDZx5X2y7rZ++spUHI7sC4G1BtpanEH5e+XaD1GcrqyrRT9a5DDg==}', 'none', NULL, NULL);
INSERT INTO history_transactions VALUES ('2a14735d7b05109359444acdd87e7fe92c98e9295d2ba61b05e25d1f7ee10fd3', 28, 3, 'GCIFFRQKHMH6JD7CK5OI4XVCYCMNRNF6PYA7JTCR3FPHPJZQTYYFB5ES', 115964116995, 100, 1, '2018-02-13 23:42:36.364142', '2018-02-13 23:42:36.364142', 120259096576, 'AAAAAJBSxgo7D+SP4ldcjl6iwJjYtL5+AfTMUdled6cwnjBQAAAAZAAAABsAAAADAAAAAAAAAAAAAAABAAAAAAAAAAUAAAAAAAAAAQAAAAAAAAABAAAAAgAAAAAAAAAAAAAAAAAAAAAAAAAAAAAAAAAAAAAAAAABMJ4wUAAAAEAKuQ1exMu8hdf8dOPeULX2DG7DZx5WWIUFHXJMWGG9KmVrQoZDt2S6a/1uYEVJnvvY/EoJM5RpVjh2ZCs30VYA', 'AAAAAAAAAGQAAAAAAAAAAQAAAAAAAAAFAAAAAAAAAAA=', 'AAAAAAAAAAEAAAACAAAAAwAAABwAAAAAAAAAAJBSxgo7D+SP4ldcjl6iwJjYtL5+AfTMUdled6cwnjBQAAAAAlQL4UQAAAAbAAAABwAAAAAAAAABAAAAAGL8HQvQkbK2HA3WVjRrKmjX00fG8sLI7m0ERwJW/AX3AAAAAQAAAAABAAAAAAAAAAAAAAAAAAAAAAAAAQAAABwAAAAAAAAAAJBSxgo7D+SP4ldcjl6iwJjYtL5+AfTMUdled6cwnjBQAAAAAlQL4UQAAAAbAAAABwAAAAAAAAABAAAAAGL8HQvQkbK2HA3WVjRrKmjX00fG8sLI7m0ERwJW/AX3AAAAAwAAAAABAAAAAAAAAAAAAAAAAAAA', 'AAAAAgAAAAMAAAAcAAAAAAAAAACQUsYKOw/kj+JXXI5eosCY2LS+fgH0zFHZXnenMJ4wUAAAAAJUC+M4AAAAGwAAAAIAAAAAAAAAAAAAAAAAAAAAAQAAAAAAAAAAAAAAAAAAAAAAAAEAAAAcAAAAAAAAAACQUsYKOw/kj+JXXI5eosCY2LS+fgH0zFHZXnenMJ4wUAAAAAJUC+LUAAAAGwAAAAMAAAAAAAAAAAAAAAAAAAAAAQAAAAAAAAAAAAAAAAAAAA==', '{CrkNXsTLvIXX/HTj3lC19gxuw2ceVliFBR1yTFhhvSpla0KGQ7dkumv9bmBFSZ772PxKCTOUaVY4dmQrN9FWAA==}', 'none', NULL, NULL);
INSERT INTO history_transactions VALUES ('4f9598206ab17cf27b5c3eb9e906d63ebee2626654112eabdd2bce7bf12cccf2', 28, 4, 'GCIFFRQKHMH6JD7CK5OI4XVCYCMNRNF6PYA7JTCR3FPHPJZQTYYFB5ES', 115964116996, 100, 1, '2018-02-13 23:42:36.365308', '2018-02-13 23:42:36.365308', 120259100672, 'AAAAAJBSxgo7D+SP4ldcjl6iwJjYtL5+AfTMUdled6cwnjBQAAAAZAAAABsAAAAEAAAAAAAAAAAAAAABAAAAAAAAAAUAAAAAAAAAAQAAAAAAAAABAAAAAAAAAAEAAAACAAAAAAAAAAAAAAAAAAAAAAAAAAAAAAAAAAAAATCeMFAAAABAAd6MzHDjUdRtHozzDnD3jJA+uRDCar3PQtuH/43pnROzk1HkovJPQ1YyzcpOb/NeuU/LKNzseL0PJNasVX1lAQ==', 'AAAAAAAAAGQAAAAAAAAAAQAAAAAAAAAFAAAAAAAAAAA=', 'AAAAAAAAAAEAAAACAAAAAwAAABwAAAAAAAAAAJBSxgo7D+SP4ldcjl6iwJjYtL5+AfTMUdled6cwnjBQAAAAAlQL4UQAAAAbAAAABwAAAAAAAAABAAAAAGL8HQvQkbK2HA3WVjRrKmjX00fG8sLI7m0ERwJW/AX3AAAAAwAAAAABAAAAAAAAAAAAAAAAAAAAAAAAAQAAABwAAAAAAAAAAJBSxgo7D+SP4ldcjl6iwJjYtL5+AfTMUdled6cwnjBQAAAAAlQL4UQAAAAbAAAABwAAAAAAAAABAAAAAGL8HQvQkbK2HA3WVjRrKmjX00fG8sLI7m0ERwJW/AX3AAAAAwAAAAACAAAAAAAAAAAAAAAAAAAA', 'AAAAAgAAAAMAAAAcAAAAAAAAAACQUsYKOw/kj+JXXI5eosCY2LS+fgH0zFHZXnenMJ4wUAAAAAJUC+LUAAAAGwAAAAMAAAAAAAAAAAAAAAAAAAAAAQAAAAAAAAAAAAAAAAAAAAAAAAEAAAAcAAAAAAAAAACQUsYKOw/kj+JXXI5eosCY2LS+fgH0zFHZXnenMJ4wUAAAAAJUC+JwAAAAGwAAAAQAAAAAAAAAAAAAAAAAAAAAAQAAAAAAAAAAAAAAAAAAAA==', '{Ad6MzHDjUdRtHozzDnD3jJA+uRDCar3PQtuH/43pnROzk1HkovJPQ1YyzcpOb/NeuU/LKNzseL0PJNasVX1lAQ==}', 'none', NULL, NULL);
INSERT INTO history_transactions VALUES ('852ba25e0e4aa149a22dc193bcb645ae9eba23e7f7432707f3b910474e9b6a5b', 28, 5, 'GCIFFRQKHMH6JD7CK5OI4XVCYCMNRNF6PYA7JTCR3FPHPJZQTYYFB5ES', 115964116997, 100, 1, '2018-02-13 23:42:36.366253', '2018-02-13 23:42:36.366253', 120259104768, 'AAAAAJBSxgo7D+SP4ldcjl6iwJjYtL5+AfTMUdled6cwnjBQAAAAZAAAABsAAAAFAAAAAAAAAAAAAAABAAAAAAAAAAUAAAAAAAAAAQAAAAAAAAABAAAAAAAAAAAAAAABAAAAAAAAAAEAAAACAAAAAQAAAAIAAAAAAAAAAAAAAAAAAAABMJ4wUAAAAEAnFzc6kqweyIL4TzIDbr+8GUOGGs1W5jcX5iSNw4DeonzQARlejYJ9NOn/XkrcoC9Hvd8hc5lNx+1h991GxJUJ', 'AAAAAAAAAGQAAAAAAAAAAQAAAAAAAAAFAAAAAAAAAAA=', 'AAAAAAAAAAEAAAACAAAAAwAAABwAAAAAAAAAAJBSxgo7D+SP4ldcjl6iwJjYtL5+AfTMUdled6cwnjBQAAAAAlQL4UQAAAAbAAAABwAAAAAAAAABAAAAAGL8HQvQkbK2HA3WVjRrKmjX00fG8sLI7m0ERwJW/AX3AAAAAwAAAAACAAAAAAAAAAAAAAAAAAAAAAAAAQAAABwAAAAAAAAAAJBSxgo7D+SP4ldcjl6iwJjYtL5+AfTMUdled6cwnjBQAAAAAlQL4UQAAAAbAAAABwAAAAAAAAABAAAAAGL8HQvQkbK2HA3WVjRrKmjX00fG8sLI7m0ERwJW/AX3AAAAAwAAAAACAAICAAAAAAAAAAAAAAAA', 'AAAAAgAAAAMAAAAcAAAAAAAAAACQUsYKOw/kj+JXXI5eosCY2LS+fgH0zFHZXnenMJ4wUAAAAAJUC+JwAAAAGwAAAAQAAAAAAAAAAAAAAAAAAAAAAQAAAAAAAAAAAAAAAAAAAAAAAAEAAAAcAAAAAAAAAACQUsYKOw/kj+JXXI5eosCY2LS+fgH0zFHZXnenMJ4wUAAAAAJUC+IMAAAAGwAAAAUAAAAAAAAAAAAAAAAAAAAAAQAAAAAAAAAAAAAAAAAAAA==', '{Jxc3OpKsHsiC+E8yA26/vBlDhhrNVuY3F+YkjcOA3qJ80AEZXo2CfTTp/15K3KAvR73fIXOZTcftYffdRsSVCQ==}', 'none', NULL, NULL);
INSERT INTO history_transactions VALUES ('8ccc0c28c3e99a63cc59bad7dec3f5c56eb3942c548ecd40bc39c509d6b081d4', 28, 6, 'GCIFFRQKHMH6JD7CK5OI4XVCYCMNRNF6PYA7JTCR3FPHPJZQTYYFB5ES', 115964116998, 100, 1, '2018-02-13 23:42:36.367414', '2018-02-13 23:42:36.367414', 120259108864, 'AAAAAJBSxgo7D+SP4ldcjl6iwJjYtL5+AfTMUdled6cwnjBQAAAAZAAAABsAAAAGAAAAAAAAAAAAAAABAAAAAAAAAAUAAAAAAAAAAQAAAAAAAAABAAAAAAAAAAAAAAAAAAAAAAAAAAAAAAABAAAAC2V4YW1wbGUuY29tAAAAAAAAAAAAAAAAATCeMFAAAABAkID6CkBHP9eovLQXkMQJ7QkE6NWlmdKGmLxaiI1YaVKZaKJxz5P85x+6wzpYxxbs6Bd2l4qxVjS7Q36DwRiqBA==', 'AAAAAAAAAGQAAAAAAAAAAQAAAAAAAAAFAAAAAAAAAAA=', 'AAAAAAAAAAEAAAACAAAAAwAAABwAAAAAAAAAAJBSxgo7D+SP4ldcjl6iwJjYtL5+AfTMUdled6cwnjBQAAAAAlQL4UQAAAAbAAAABwAAAAAAAAABAAAAAGL8HQvQkbK2HA3WVjRrKmjX00fG8sLI7m0ERwJW/AX3AAAAAwAAAAACAAICAAAAAAAAAAAAAAAAAAAAAQAAABwAAAAAAAAAAJBSxgo7D+SP4ldcjl6iwJjYtL5+AfTMUdled6cwnjBQAAAAAlQL4UQAAAAbAAAABwAAAAAAAAABAAAAAGL8HQvQkbK2HA3WVjRrKmjX00fG8sLI7m0ERwJW/AX3AAAAAwAAAAtleGFtcGxlLmNvbQACAAICAAAAAAAAAAAAAAAA', 'AAAAAgAAAAMAAAAcAAAAAAAAAACQUsYKOw/kj+JXXI5eosCY2LS+fgH0zFHZXnenMJ4wUAAAAAJUC+IMAAAAGwAAAAUAAAAAAAAAAAAAAAAAAAAAAQAAAAAAAAAAAAAAAAAAAAAAAAEAAAAcAAAAAAAAAACQUsYKOw/kj+JXXI5eosCY2LS+fgH0zFHZXnenMJ4wUAAAAAJUC+GoAAAAGwAAAAYAAAAAAAAAAAAAAAAAAAAAAQAAAAAAAAAAAAAAAAAAAA==', '{kID6CkBHP9eovLQXkMQJ7QkE6NWlmdKGmLxaiI1YaVKZaKJxz5P85x+6wzpYxxbs6Bd2l4qxVjS7Q36DwRiqBA==}', 'none', NULL, NULL);
INSERT INTO history_transactions VALUES ('83201014880073f8eff6f21ae76e51c2c4faf533e550ecd3c2205b48a092960a', 28, 7, 'GCIFFRQKHMH6JD7CK5OI4XVCYCMNRNF6PYA7JTCR3FPHPJZQTYYFB5ES', 115964116999, 100, 1, '2018-02-13 23:42:36.368606', '2018-02-13 23:42:36.368606', 120259112960, 'AAAAAJBSxgo7D+SP4ldcjl6iwJjYtL5+AfTMUdled6cwnjBQAAAAZAAAABsAAAAHAAAAAAAAAAAAAAABAAAAAAAAAAUAAAAAAAAAAQAAAAAAAAABAAAAAAAAAAAAAAAAAAAAAAAAAAAAAAAAAAAAAQAAAAB8ndnLViBPKqPJAcSNhZzc2mH7fQ7RtzGyFA8mFkMTkAAAAAEAAAAAAAAAATCeMFAAAABAtYtlsqMReQo1UoU2GYjb3h52wEKvnouCSO6LQO1xm/ArhtQO/sX5q35St8BjaYWEiFnp+SQj2FZC89OswCldAw==', 'AAAAAAAAAGQAAAAAAAAAAQAAAAAAAAAFAAAAAAAAAAA=', 'AAAAAAAAAAEAAAACAAAAAwAAABwAAAAAAAAAAJBSxgo7D+SP4ldcjl6iwJjYtL5+AfTMUdled6cwnjBQAAAAAlQL4UQAAAAbAAAABwAAAAAAAAABAAAAAGL8HQvQkbK2HA3WVjRrKmjX00fG8sLI7m0ERwJW/AX3AAAAAwAAAAtleGFtcGxlLmNvbQACAAICAAAAAAAAAAAAAAAAAAAAAQAAABwAAAAAAAAAAJBSxgo7D+SP4ldcjl6iwJjYtL5+AfTMUdled6cwnjBQAAAAAlQL4UQAAAAbAAAABwAAAAEAAAABAAAAAGL8HQvQkbK2HA3WVjRrKmjX00fG8sLI7m0ERwJW/AX3AAAAAwAAAAtleGFtcGxlLmNvbQACAAICAAAAAQAAAAB8ndnLViBPKqPJAcSNhZzc2mH7fQ7RtzGyFA8mFkMTkAAAAAEAAAAAAAAAAA==', 'AAAAAgAAAAMAAAAcAAAAAAAAAACQUsYKOw/kj+JXXI5eosCY2LS+fgH0zFHZXnenMJ4wUAAAAAJUC+GoAAAAGwAAAAYAAAAAAAAAAAAAAAAAAAAAAQAAAAAAAAAAAAAAAAAAAAAAAAEAAAAcAAAAAAAAAACQUsYKOw/kj+JXXI5eosCY2LS+fgH0zFHZXnenMJ4wUAAAAAJUC+FEAAAAGwAAAAcAAAAAAAAAAAAAAAAAAAAAAQAAAAAAAAAAAAAAAAAAAA==', '{tYtlsqMReQo1UoU2GYjb3h52wEKvnouCSO6LQO1xm/ArhtQO/sX5q35St8BjaYWEiFnp+SQj2FZC89OswCldAw==}', 'none', NULL, NULL);
INSERT INTO history_transactions VALUES ('69f64ae0f809b08996c1f394ee795001a40eee69adb675ab63bfd1932d3aafb2', 29, 1, 'GCIFFRQKHMH6JD7CK5OI4XVCYCMNRNF6PYA7JTCR3FPHPJZQTYYFB5ES', 115964117000, 100, 1, '2018-02-13 23:42:36.372935', '2018-02-13 23:42:36.372935', 124554055680, 'AAAAAJBSxgo7D+SP4ldcjl6iwJjYtL5+AfTMUdled6cwnjBQAAAAZAAAABsAAAAIAAAAAAAAAAAAAAABAAAAAAAAAAUAAAAAAAAAAQAAAAAAAAABAAAAAAAAAAEAAAACAAAAAAAAAAAAAAAAAAAAAAAAAAAAAAAAAAAAATCeMFAAAABAi69qDHclVS9A8GAaqyk6oIxiMC2KXXEneFijfxH5VyLGIQZNAxOOcCPpIalU6P1pYRX3K4OlKHZ4hIdxJzD6BQ==', 'AAAAAAAAAGQAAAAAAAAAAQAAAAAAAAAFAAAAAAAAAAA=', 'AAAAAAAAAAEAAAACAAAAAwAAAB0AAAAAAAAAAJBSxgo7D+SP4ldcjl6iwJjYtL5+AfTMUdled6cwnjBQAAAAAlQL4OAAAAAbAAAACAAAAAEAAAABAAAAAGL8HQvQkbK2HA3WVjRrKmjX00fG8sLI7m0ERwJW/AX3AAAAAwAAAAtleGFtcGxlLmNvbQACAAICAAAAAQAAAAB8ndnLViBPKqPJAcSNhZzc2mH7fQ7RtzGyFA8mFkMTkAAAAAEAAAAAAAAAAAAAAAEAAAAdAAAAAAAAAACQUsYKOw/kj+JXXI5eosCY2LS+fgH0zFHZXnenMJ4wUAAAAAJUC+DgAAAAGwAAAAgAAAABAAAAAQAAAABi/B0L0JGythwN1lY0aypo19NHxvLCyO5tBEcCVvwF9wAAAAMAAAALZXhhbXBsZS5jb20AAgACAgAAAAEAAAAAfJ3Zy1YgTyqjyQHEjYWc3Nph+30O0bcxshQPJhZDE5AAAAABAAAAAAAAAAA=', 'AAAAAgAAAAMAAAAcAAAAAAAAAACQUsYKOw/kj+JXXI5eosCY2LS+fgH0zFHZXnenMJ4wUAAAAAJUC+FEAAAAGwAAAAcAAAABAAAAAQAAAABi/B0L0JGythwN1lY0aypo19NHxvLCyO5tBEcCVvwF9wAAAAMAAAALZXhhbXBsZS5jb20AAgACAgAAAAEAAAAAfJ3Zy1YgTyqjyQHEjYWc3Nph+30O0bcxshQPJhZDE5AAAAABAAAAAAAAAAAAAAABAAAAHQAAAAAAAAAAkFLGCjsP5I/iV1yOXqLAmNi0vn4B9MxR2V53pzCeMFAAAAACVAvg4AAAABsAAAAIAAAAAQAAAAEAAAAAYvwdC9CRsrYcDdZWNGsqaNfTR8bywsjubQRHAlb8BfcAAAADAAAAC2V4YW1wbGUuY29tAAIAAgIAAAABAAAAAHyd2ctWIE8qo8kBxI2FnNzaYft9DtG3MbIUDyYWQxOQAAAAAQAAAAAAAAAA', '{i69qDHclVS9A8GAaqyk6oIxiMC2KXXEneFijfxH5VyLGIQZNAxOOcCPpIalU6P1pYRX3K4OlKHZ4hIdxJzD6BQ==}', 'none', NULL, NULL);
INSERT INTO history_transactions VALUES ('c3cd47a311e025446f72c50426b5b5444e5261431fc5760e8e57467c87cd49fc', 30, 1, 'GCIFFRQKHMH6JD7CK5OI4XVCYCMNRNF6PYA7JTCR3FPHPJZQTYYFB5ES', 115964117001, 100, 1, '2018-02-13 23:42:36.377329', '2018-02-13 23:42:36.377329', 128849022976, 'AAAAAJBSxgo7D+SP4ldcjl6iwJjYtL5+AfTMUdled6cwnjBQAAAAZAAAABsAAAAJAAAAAAAAAAAAAAABAAAAAAAAAAUAAAAAAAAAAQAAAAAAAAABAAAAAAAAAAAAAAAAAAAAAAAAAAAAAAAAAAAAAQAAAAB8ndnLViBPKqPJAcSNhZzc2mH7fQ7RtzGyFA8mFkMTkAAAAAEAAAAAAAAAATCeMFAAAABA7ZMKq80ucQSt+55q+6VQrG3Hrv6zHtOLwkfAxxsZdYPIuk7xZsgbyhOCVXjheOQ9ygAW1vtybdXG41AxSFRtAg==', 'AAAAAAAAAGQAAAAAAAAAAQAAAAAAAAAFAAAAAAAAAAA=', 'AAAAAAAAAAEAAAACAAAAAwAAAB4AAAAAAAAAAJBSxgo7D+SP4ldcjl6iwJjYtL5+AfTMUdled6cwnjBQAAAAAlQL4HwAAAAbAAAACQAAAAEAAAABAAAAAGL8HQvQkbK2HA3WVjRrKmjX00fG8sLI7m0ERwJW/AX3AAAAAwAAAAtleGFtcGxlLmNvbQACAAICAAAAAQAAAAB8ndnLViBPKqPJAcSNhZzc2mH7fQ7RtzGyFA8mFkMTkAAAAAEAAAAAAAAAAAAAAAEAAAAeAAAAAAAAAACQUsYKOw/kj+JXXI5eosCY2LS+fgH0zFHZXnenMJ4wUAAAAAJUC+B8AAAAGwAAAAkAAAABAAAAAQAAAABi/B0L0JGythwN1lY0aypo19NHxvLCyO5tBEcCVvwF9wAAAAMAAAALZXhhbXBsZS5jb20AAgACAgAAAAEAAAAAfJ3Zy1YgTyqjyQHEjYWc3Nph+30O0bcxshQPJhZDE5AAAAABAAAAAAAAAAA=', 'AAAAAgAAAAMAAAAdAAAAAAAAAACQUsYKOw/kj+JXXI5eosCY2LS+fgH0zFHZXnenMJ4wUAAAAAJUC+DgAAAAGwAAAAgAAAABAAAAAQAAAABi/B0L0JGythwN1lY0aypo19NHxvLCyO5tBEcCVvwF9wAAAAMAAAALZXhhbXBsZS5jb20AAgACAgAAAAEAAAAAfJ3Zy1YgTyqjyQHEjYWc3Nph+30O0bcxshQPJhZDE5AAAAABAAAAAAAAAAAAAAABAAAAHgAAAAAAAAAAkFLGCjsP5I/iV1yOXqLAmNi0vn4B9MxR2V53pzCeMFAAAAACVAvgfAAAABsAAAAJAAAAAQAAAAEAAAAAYvwdC9CRsrYcDdZWNGsqaNfTR8bywsjubQRHAlb8BfcAAAADAAAAC2V4YW1wbGUuY29tAAIAAgIAAAABAAAAAHyd2ctWIE8qo8kBxI2FnNzaYft9DtG3MbIUDyYWQxOQAAAAAQAAAAAAAAAA', '{7ZMKq80ucQSt+55q+6VQrG3Hrv6zHtOLwkfAxxsZdYPIuk7xZsgbyhOCVXjheOQ9ygAW1vtybdXG41AxSFRtAg==}', 'none', NULL, NULL);
INSERT INTO history_transactions VALUES ('299dc6631d585a55ae3602f660ec5b5a0088d24a14b344c72eccc2a62d9a8938', 31, 1, 'GCIFFRQKHMH6JD7CK5OI4XVCYCMNRNF6PYA7JTCR3FPHPJZQTYYFB5ES', 115964117002, 100, 1, '2018-02-13 23:42:36.381626', '2018-02-13 23:42:36.381626', 133143990272, 'AAAAAJBSxgo7D+SP4ldcjl6iwJjYtL5+AfTMUdled6cwnjBQAAAAZAAAABsAAAAKAAAAAAAAAAAAAAABAAAAAAAAAAUAAAAAAAAAAQAAAAAAAAABAAAAAAAAAAAAAAAAAAAAAAAAAAAAAAAAAAAAAQAAAAB8ndnLViBPKqPJAcSNhZzc2mH7fQ7RtzGyFA8mFkMTkAAAAAUAAAAAAAAAATCeMFAAAABA0wriernSr+5P2QCeon1uj5mrOLNTOrPYPPi5ricLug/nreEUhsgS/k3lA9JGpVbd+tacMEKmXKmFxHCEMjWPBg==', 'AAAAAAAAAGQAAAAAAAAAAQAAAAAAAAAFAAAAAAAAAAA=', 'AAAAAAAAAAEAAAACAAAAAwAAAB8AAAAAAAAAAJBSxgo7D+SP4ldcjl6iwJjYtL5+AfTMUdled6cwnjBQAAAAAlQL4BgAAAAbAAAACgAAAAEAAAABAAAAAGL8HQvQkbK2HA3WVjRrKmjX00fG8sLI7m0ERwJW/AX3AAAAAwAAAAtleGFtcGxlLmNvbQACAAICAAAAAQAAAAB8ndnLViBPKqPJAcSNhZzc2mH7fQ7RtzGyFA8mFkMTkAAAAAEAAAAAAAAAAAAAAAEAAAAfAAAAAAAAAACQUsYKOw/kj+JXXI5eosCY2LS+fgH0zFHZXnenMJ4wUAAAAAJUC+AYAAAAGwAAAAoAAAABAAAAAQAAAABi/B0L0JGythwN1lY0aypo19NHxvLCyO5tBEcCVvwF9wAAAAMAAAALZXhhbXBsZS5jb20AAgACAgAAAAEAAAAAfJ3Zy1YgTyqjyQHEjYWc3Nph+30O0bcxshQPJhZDE5AAAAAFAAAAAAAAAAA=', 'AAAAAgAAAAMAAAAeAAAAAAAAAACQUsYKOw/kj+JXXI5eosCY2LS+fgH0zFHZXnenMJ4wUAAAAAJUC+B8AAAAGwAAAAkAAAABAAAAAQAAAABi/B0L0JGythwN1lY0aypo19NHxvLCyO5tBEcCVvwF9wAAAAMAAAALZXhhbXBsZS5jb20AAgACAgAAAAEAAAAAfJ3Zy1YgTyqjyQHEjYWc3Nph+30O0bcxshQPJhZDE5AAAAABAAAAAAAAAAAAAAABAAAAHwAAAAAAAAAAkFLGCjsP5I/iV1yOXqLAmNi0vn4B9MxR2V53pzCeMFAAAAACVAvgGAAAABsAAAAKAAAAAQAAAAEAAAAAYvwdC9CRsrYcDdZWNGsqaNfTR8bywsjubQRHAlb8BfcAAAADAAAAC2V4YW1wbGUuY29tAAIAAgIAAAABAAAAAHyd2ctWIE8qo8kBxI2FnNzaYft9DtG3MbIUDyYWQxOQAAAAAQAAAAAAAAAA', '{0wriernSr+5P2QCeon1uj5mrOLNTOrPYPPi5ricLug/nreEUhsgS/k3lA9JGpVbd+tacMEKmXKmFxHCEMjWPBg==}', 'none', NULL, NULL);
INSERT INTO history_transactions VALUES ('bb9d6654111fae501594400dc901c70d47489a67163d2a34f9b3e32a921a50dc', 32, 1, 'GCIFFRQKHMH6JD7CK5OI4XVCYCMNRNF6PYA7JTCR3FPHPJZQTYYFB5ES', 115964117003, 100, 1, '2018-02-13 23:42:36.386339', '2018-02-13 23:42:36.386339', 137438957568, 'AAAAAJBSxgo7D+SP4ldcjl6iwJjYtL5+AfTMUdled6cwnjBQAAAAZAAAABsAAAALAAAAAAAAAAAAAAABAAAAAAAAAAUAAAAAAAAAAQAAAAMAAAABAAAAAAAAAAAAAAAAAAAAAAAAAAAAAAAAAAAAAAAAAAAAAAABMJ4wUAAAAEAFytUxjxN4bnJMrEJkSprnES9iGpOxAsNOFYrTP/xtGVk/PZ2oThUW+/hLRIk+hYYEgF21Gf58N/abJKFpqlsI', 'AAAAAAAAAGQAAAAAAAAAAQAAAAAAAAAFAAAAAAAAAAA=', 'AAAAAAAAAAEAAAACAAAAAwAAACAAAAAAAAAAAJBSxgo7D+SP4ldcjl6iwJjYtL5+AfTMUdled6cwnjBQAAAAAlQL31AAAAAbAAAADAAAAAEAAAABAAAAAGL8HQvQkbK2HA3WVjRrKmjX00fG8sLI7m0ERwJW/AX3AAAAAwAAAAtleGFtcGxlLmNvbQACAAICAAAAAQAAAAB8ndnLViBPKqPJAcSNhZzc2mH7fQ7RtzGyFA8mFkMTkAAAAAUAAAAAAAAAAAAAAAEAAAAgAAAAAAAAAACQUsYKOw/kj+JXXI5eosCY2LS+fgH0zFHZXnenMJ4wUAAAAAJUC99QAAAAGwAAAAwAAAABAAAAAQAAAABi/B0L0JGythwN1lY0aypo19NHxvLCyO5tBEcCVvwF9wAAAAAAAAALZXhhbXBsZS5jb20AAgACAgAAAAEAAAAAfJ3Zy1YgTyqjyQHEjYWc3Nph+30O0bcxshQPJhZDE5AAAAAFAAAAAAAAAAA=', 'AAAAAgAAAAMAAAAfAAAAAAAAAACQUsYKOw/kj+JXXI5eosCY2LS+fgH0zFHZXnenMJ4wUAAAAAJUC+AYAAAAGwAAAAoAAAABAAAAAQAAAABi/B0L0JGythwN1lY0aypo19NHxvLCyO5tBEcCVvwF9wAAAAMAAAALZXhhbXBsZS5jb20AAgACAgAAAAEAAAAAfJ3Zy1YgTyqjyQHEjYWc3Nph+30O0bcxshQPJhZDE5AAAAAFAAAAAAAAAAAAAAABAAAAIAAAAAAAAAAAkFLGCjsP5I/iV1yOXqLAmNi0vn4B9MxR2V53pzCeMFAAAAACVAvftAAAABsAAAALAAAAAQAAAAEAAAAAYvwdC9CRsrYcDdZWNGsqaNfTR8bywsjubQRHAlb8BfcAAAADAAAAC2V4YW1wbGUuY29tAAIAAgIAAAABAAAAAHyd2ctWIE8qo8kBxI2FnNzaYft9DtG3MbIUDyYWQxOQAAAABQAAAAAAAAAA', '{BcrVMY8TeG5yTKxCZEqa5xEvYhqTsQLDThWK0z/8bRlZPz2dqE4VFvv4S0SJPoWGBIBdtRn+fDf2myShaapbCA==}', 'none', NULL, NULL);
INSERT INTO history_transactions VALUES ('6b38cdd5c17df2013d5a5e211c4b32218b6be91025316b1aab28bc12316615d5', 32, 2, 'GCIFFRQKHMH6JD7CK5OI4XVCYCMNRNF6PYA7JTCR3FPHPJZQTYYFB5ES', 115964117004, 100, 1, '2018-02-13 23:42:36.387931', '2018-02-13 23:42:36.387931', 137438961664, 'AAAAAJBSxgo7D+SP4ldcjl6iwJjYtL5+AfTMUdled6cwnjBQAAAAZAAAABsAAAAMAAAAAAAAAAAAAAABAAAAAAAAAAUAAAAAAAAAAQAAAAAAAAABAAAAAAAAAAAAAAAAAAAAAAAAAAAAAAAAAAAAAQAAAAB8ndnLViBPKqPJAcSNhZzc2mH7fQ7RtzGyFA8mFkMTkAAAAAAAAAAAAAAAATCeMFAAAABAOb0qGWnk1WrSUXS6iQFocaIOY/BDmgG1zTmlPyg0boSid3jTBK3z9U8+IPGAOELNLgkQHtgGYFgFGMio1xY+BQ==', 'AAAAAAAAAGQAAAAAAAAAAQAAAAAAAAAFAAAAAAAAAAA=', 'AAAAAAAAAAEAAAACAAAAAwAAACAAAAAAAAAAAJBSxgo7D+SP4ldcjl6iwJjYtL5+AfTMUdled6cwnjBQAAAAAlQL31AAAAAbAAAADAAAAAEAAAABAAAAAGL8HQvQkbK2HA3WVjRrKmjX00fG8sLI7m0ERwJW/AX3AAAAAAAAAAtleGFtcGxlLmNvbQACAAICAAAAAQAAAAB8ndnLViBPKqPJAcSNhZzc2mH7fQ7RtzGyFA8mFkMTkAAAAAUAAAAAAAAAAAAAAAEAAAAgAAAAAAAAAACQUsYKOw/kj+JXXI5eosCY2LS+fgH0zFHZXnenMJ4wUAAAAAJUC99QAAAAGwAAAAwAAAAAAAAAAQAAAABi/B0L0JGythwN1lY0aypo19NHxvLCyO5tBEcCVvwF9wAAAAAAAAALZXhhbXBsZS5jb20AAgACAgAAAAAAAAAAAAAAAA==', 'AAAAAgAAAAMAAAAgAAAAAAAAAACQUsYKOw/kj+JXXI5eosCY2LS+fgH0zFHZXnenMJ4wUAAAAAJUC9+0AAAAGwAAAAsAAAABAAAAAQAAAABi/B0L0JGythwN1lY0aypo19NHxvLCyO5tBEcCVvwF9wAAAAMAAAALZXhhbXBsZS5jb20AAgACAgAAAAEAAAAAfJ3Zy1YgTyqjyQHEjYWc3Nph+30O0bcxshQPJhZDE5AAAAAFAAAAAAAAAAAAAAABAAAAIAAAAAAAAAAAkFLGCjsP5I/iV1yOXqLAmNi0vn4B9MxR2V53pzCeMFAAAAACVAvfUAAAABsAAAAMAAAAAQAAAAEAAAAAYvwdC9CRsrYcDdZWNGsqaNfTR8bywsjubQRHAlb8BfcAAAADAAAAC2V4YW1wbGUuY29tAAIAAgIAAAABAAAAAHyd2ctWIE8qo8kBxI2FnNzaYft9DtG3MbIUDyYWQxOQAAAABQAAAAAAAAAA', '{Ob0qGWnk1WrSUXS6iQFocaIOY/BDmgG1zTmlPyg0boSid3jTBK3z9U8+IPGAOELNLgkQHtgGYFgFGMio1xY+BQ==}', 'none', NULL, NULL);
INSERT INTO history_transactions VALUES ('6d78f17fafa2317d6af679e1e5420f351207ff61cdff21c600ea8f85155b3ea1', 33, 1, 'GBRPYHIL2CI3FNQ4BXLFMNDLFJUNPU2HY3ZMFSHONUCEOASW7QC7OX2H', 15, 100, 1, '2018-02-13 23:42:36.392554', '2018-02-13 23:42:36.392554', 141733924864, 'AAAAAGL8HQvQkbK2HA3WVjRrKmjX00fG8sLI7m0ERwJW/AX3AAAAZAAAAAAAAAAPAAAAAAAAAAAAAAABAAAAAAAAAAAAAAAAkqTd6glQdzt87217G6IYc3g3BYxMgWGPpDfRPhy1ZbUAAAACVAvkAAAAAAAAAAABVvwF9wAAAEC+mgKIzZqflQIKIqWn9LrciuyEx7XPfXGUhvyQ3sIQBnGdOWhkOt57UU/75LtUy4recT+jrY2cHKZj33puue8F', 'AAAAAAAAAGQAAAAAAAAAAQAAAAAAAAAAAAAAAAAAAAA=', 'AAAAAAAAAAEAAAADAAAAAAAAACEAAAAAAAAAAJKk3eoJUHc7fO9texuiGHN4NwWMTIFhj6Q30T4ctWW1AAAAAlQL5AAAAAAhAAAAAAAAAAAAAAAAAAAAAAAAAAABAAAAAAAAAAAAAAAAAAAAAAAAAwAAACEAAAAAAAAAAGL8HQvQkbK2HA3WVjRrKmjX00fG8sLI7m0ERwJW/AX3DeC2kx0LniQAAAAAAAAADwAAAAAAAAAAAAAAAAAAAAABAAAAAAAAAAAAAAAAAAAAAAAAAQAAACEAAAAAAAAAAGL8HQvQkbK2HA3WVjRrKmjX00fG8sLI7m0ERwJW/AX3DeC2kMj/uiQAAAAAAAAADwAAAAAAAAAAAAAAAAAAAAABAAAAAAAAAAAAAAAAAAAA', 'AAAAAgAAAAMAAAAbAAAAAAAAAABi/B0L0JGythwN1lY0aypo19NHxvLCyO5tBEcCVvwF9w3gtpMdC56IAAAAAAAAAA4AAAAAAAAAAAAAAAAAAAAAAQAAAAAAAAAAAAAAAAAAAAAAAAEAAAAhAAAAAAAAAABi/B0L0JGythwN1lY0aypo19NHxvLCyO5tBEcCVvwF9w3gtpMdC54kAAAAAAAAAA8AAAAAAAAAAAAAAAAAAAAAAQAAAAAAAAAAAAAAAAAAAA==', '{vpoCiM2an5UCCiKlp/S63IrshMe1z31xlIb8kN7CEAZxnTloZDree1FP++S7VMuK3nE/o62NnBymY996brnvBQ==}', 'none', NULL, NULL);
INSERT INTO history_transactions VALUES ('a05daae230b1f743474e83ab6d4817df1f3f77661a7d815f7620cee2a9809480', 34, 1, 'GCJKJXPKBFIHOO3455WXWG5CDBZXQNYFRRGICYMPUQ35CPQ4WVS3KZLG', 141733920769, 100, 1, '2018-02-13 23:42:36.397745', '2018-02-13 23:42:36.397745', 146028892160, 'AAAAAJKk3eoJUHc7fO9texuiGHN4NwWMTIFhj6Q30T4ctWW1AAAAZAAAACEAAAABAAAAAAAAAAAAAAABAAAAAAAAAAYAAAABVVNEAAAAAABi/B0L0JGythwN1lY0aypo19NHxvLCyO5tBEcCVvwF93//////////AAAAAAAAAAEctWW1AAAAQBYUnV3I1O35EAyay0msjg3MzZfanCtvalKGG+94pe6RxgE/kCk2kTT9HXgXjbraq//Q/0vJ0AoCAXSeT18Ujgk=', 'AAAAAAAAAGQAAAAAAAAAAQAAAAAAAAAGAAAAAAAAAAA=', 'AAAAAAAAAAEAAAADAAAAAAAAACIAAAABAAAAAJKk3eoJUHc7fO9texuiGHN4NwWMTIFhj6Q30T4ctWW1AAAAAVVTRAAAAAAAYvwdC9CRsrYcDdZWNGsqaNfTR8bywsjubQRHAlb8BfcAAAAAAAAAAH//////////AAAAAQAAAAAAAAAAAAAAAwAAACIAAAAAAAAAAJKk3eoJUHc7fO9texuiGHN4NwWMTIFhj6Q30T4ctWW1AAAAAlQL45wAAAAhAAAAAQAAAAAAAAAAAAAAAAAAAAABAAAAAAAAAAAAAAAAAAAAAAAAAQAAACIAAAAAAAAAAJKk3eoJUHc7fO9texuiGHN4NwWMTIFhj6Q30T4ctWW1AAAAAlQL45wAAAAhAAAAAQAAAAEAAAAAAAAAAAAAAAABAAAAAAAAAAAAAAAAAAAA', 'AAAAAgAAAAMAAAAhAAAAAAAAAACSpN3qCVB3O3zvbXsbohhzeDcFjEyBYY+kN9E+HLVltQAAAAJUC+QAAAAAIQAAAAAAAAAAAAAAAAAAAAAAAAAAAQAAAAAAAAAAAAAAAAAAAAAAAAEAAAAiAAAAAAAAAACSpN3qCVB3O3zvbXsbohhzeDcFjEyBYY+kN9E+HLVltQAAAAJUC+OcAAAAIQAAAAEAAAAAAAAAAAAAAAAAAAAAAQAAAAAAAAAAAAAAAAAAAA==', '{FhSdXcjU7fkQDJrLSayODczNl9qcK29qUoYb73il7pHGAT+QKTaRNP0deBeNutqr/9D/S8nQCgIBdJ5PXxSOCQ==}', 'none', NULL, NULL);
INSERT INTO history_transactions VALUES ('4e2442fe2e8dd8c686570c9f537acb2f50153a9883f8d199b6f4701eb289b3a0', 35, 1, 'GCJKJXPKBFIHOO3455WXWG5CDBZXQNYFRRGICYMPUQ35CPQ4WVS3KZLG', 141733920770, 100, 1, '2018-02-13 23:42:36.401876', '2018-02-13 23:42:36.401876', 150323859456, 'AAAAAJKk3eoJUHc7fO9texuiGHN4NwWMTIFhj6Q30T4ctWW1AAAAZAAAACEAAAACAAAAAAAAAAAAAAABAAAAAAAAAAYAAAABVVNEAAAAAABi/B0L0JGythwN1lY0aypo19NHxvLCyO5tBEcCVvwF9wAAAAA7msoAAAAAAAAAAAEctWW1AAAAQNugq+B30pdbzvVVGz9RO3+DMeRdWqc/Xsd2NYdg6NBu7esvOdTWQ3nvoBEJyeGz8EE9zRQiSiqorwHlm+AGfwI=', 'AAAAAAAAAGQAAAAAAAAAAQAAAAAAAAAGAAAAAAAAAAA=', 'AAAAAAAAAAEAAAACAAAAAwAAACIAAAABAAAAAJKk3eoJUHc7fO9texuiGHN4NwWMTIFhj6Q30T4ctWW1AAAAAVVTRAAAAAAAYvwdC9CRsrYcDdZWNGsqaNfTR8bywsjubQRHAlb8BfcAAAAAAAAAAH//////////AAAAAQAAAAAAAAAAAAAAAQAAACMAAAABAAAAAJKk3eoJUHc7fO9texuiGHN4NwWMTIFhj6Q30T4ctWW1AAAAAVVTRAAAAAAAYvwdC9CRsrYcDdZWNGsqaNfTR8bywsjubQRHAlb8BfcAAAAAAAAAAAAAAAA7msoAAAAAAQAAAAAAAAAA', 'AAAAAgAAAAMAAAAiAAAAAAAAAACSpN3qCVB3O3zvbXsbohhzeDcFjEyBYY+kN9E+HLVltQAAAAJUC+OcAAAAIQAAAAEAAAABAAAAAAAAAAAAAAAAAQAAAAAAAAAAAAAAAAAAAAAAAAEAAAAjAAAAAAAAAACSpN3qCVB3O3zvbXsbohhzeDcFjEyBYY+kN9E+HLVltQAAAAJUC+M4AAAAIQAAAAIAAAABAAAAAAAAAAAAAAAAAQAAAAAAAAAAAAAAAAAAAA==', '{26Cr4HfSl1vO9VUbP1E7f4Mx5F1apz9ex3Y1h2Do0G7t6y851NZDee+gEQnJ4bPwQT3NFCJKKqivAeWb4AZ/Ag==}', 'none', NULL, NULL);
INSERT INTO history_transactions VALUES ('44cb6c8ed4dbec542af1aad23001dd9d678cf19c8c461a653e762a7253eded82', 36, 1, 'GCJKJXPKBFIHOO3455WXWG5CDBZXQNYFRRGICYMPUQ35CPQ4WVS3KZLG', 141733920771, 100, 1, '2018-02-13 23:42:36.405797', '2018-02-13 23:42:36.405797', 154618826752, 'AAAAAJKk3eoJUHc7fO9texuiGHN4NwWMTIFhj6Q30T4ctWW1AAAAZAAAACEAAAADAAAAAAAAAAAAAAABAAAAAAAAAAYAAAABVVNEAAAAAABi/B0L0JGythwN1lY0aypo19NHxvLCyO5tBEcCVvwF9wAAAAA7msoAAAAAAAAAAAEctWW1AAAAQO+eTIPXUZk+GAq7O6H8d1/WT5buo0apjLhGgtBeSyl37UV7LCpZfCn6DYVc7lQOVNWhBc7KDA7Ne83AR41kYAk=', 'AAAAAAAAAGQAAAAAAAAAAQAAAAAAAAAGAAAAAAAAAAA=', 'AAAAAAAAAAEAAAACAAAAAwAAACMAAAABAAAAAJKk3eoJUHc7fO9texuiGHN4NwWMTIFhj6Q30T4ctWW1AAAAAVVTRAAAAAAAYvwdC9CRsrYcDdZWNGsqaNfTR8bywsjubQRHAlb8BfcAAAAAAAAAAAAAAAA7msoAAAAAAQAAAAAAAAAAAAAAAQAAACQAAAABAAAAAJKk3eoJUHc7fO9texuiGHN4NwWMTIFhj6Q30T4ctWW1AAAAAVVTRAAAAAAAYvwdC9CRsrYcDdZWNGsqaNfTR8bywsjubQRHAlb8BfcAAAAAAAAAAAAAAAA7msoAAAAAAQAAAAAAAAAA', 'AAAAAgAAAAMAAAAjAAAAAAAAAACSpN3qCVB3O3zvbXsbohhzeDcFjEyBYY+kN9E+HLVltQAAAAJUC+M4AAAAIQAAAAIAAAABAAAAAAAAAAAAAAAAAQAAAAAAAAAAAAAAAAAAAAAAAAEAAAAkAAAAAAAAAACSpN3qCVB3O3zvbXsbohhzeDcFjEyBYY+kN9E+HLVltQAAAAJUC+LUAAAAIQAAAAMAAAABAAAAAAAAAAAAAAAAAQAAAAAAAAAAAAAAAAAAAA==', '{755Mg9dRmT4YCrs7ofx3X9ZPlu6jRqmMuEaC0F5LKXftRXssKll8KfoNhVzuVA5U1aEFzsoMDs17zcBHjWRgCQ==}', 'none', NULL, NULL);
INSERT INTO history_transactions VALUES ('52388a98e4e36c17749a94374270cc65bdb7271cb51277f095aaa8f1ca9d322c', 37, 1, 'GCJKJXPKBFIHOO3455WXWG5CDBZXQNYFRRGICYMPUQ35CPQ4WVS3KZLG', 141733920772, 100, 1, '2018-02-13 23:42:36.410022', '2018-02-13 23:42:36.410022', 158913794048, 'AAAAAJKk3eoJUHc7fO9texuiGHN4NwWMTIFhj6Q30T4ctWW1AAAAZAAAACEAAAAEAAAAAAAAAAAAAAABAAAAAAAAAAYAAAABVVNEAAAAAABi/B0L0JGythwN1lY0aypo19NHxvLCyO5tBEcCVvwF9wAAAAAAAAAAAAAAAAAAAAEctWW1AAAAQM5SCoW10EJoKBBwwMu0Vw+f+bQ0GjQ9FO6w3l9Q/FIctm87248t9jXTbl0Rd4NgGcom0yoGxgcJiERwZGBMXQc=', 'AAAAAAAAAGQAAAAAAAAAAQAAAAAAAAAGAAAAAAAAAAA=', 'AAAAAAAAAAEAAAAEAAAAAwAAACUAAAAAAAAAAJKk3eoJUHc7fO9texuiGHN4NwWMTIFhj6Q30T4ctWW1AAAAAlQL4nAAAAAhAAAABAAAAAEAAAAAAAAAAAAAAAABAAAAAAAAAAAAAAAAAAAAAAAAAQAAACUAAAAAAAAAAJKk3eoJUHc7fO9texuiGHN4NwWMTIFhj6Q30T4ctWW1AAAAAlQL4nAAAAAhAAAABAAAAAAAAAAAAAAAAAAAAAABAAAAAAAAAAAAAAAAAAAAAAAAAwAAACQAAAABAAAAAJKk3eoJUHc7fO9texuiGHN4NwWMTIFhj6Q30T4ctWW1AAAAAVVTRAAAAAAAYvwdC9CRsrYcDdZWNGsqaNfTR8bywsjubQRHAlb8BfcAAAAAAAAAAAAAAAA7msoAAAAAAQAAAAAAAAAAAAAAAgAAAAEAAAAAkqTd6glQdzt87217G6IYc3g3BYxMgWGPpDfRPhy1ZbUAAAABVVNEAAAAAABi/B0L0JGythwN1lY0aypo19NHxvLCyO5tBEcCVvwF9w==', 'AAAAAgAAAAMAAAAkAAAAAAAAAACSpN3qCVB3O3zvbXsbohhzeDcFjEyBYY+kN9E+HLVltQAAAAJUC+LUAAAAIQAAAAMAAAABAAAAAAAAAAAAAAAAAQAAAAAAAAAAAAAAAAAAAAAAAAEAAAAlAAAAAAAAAACSpN3qCVB3O3zvbXsbohhzeDcFjEyBYY+kN9E+HLVltQAAAAJUC+JwAAAAIQAAAAQAAAABAAAAAAAAAAAAAAAAAQAAAAAAAAAAAAAAAAAAAA==', '{zlIKhbXQQmgoEHDAy7RXD5/5tDQaND0U7rDeX1D8Uhy2bzvbjy32NdNuXRF3g2AZyibTKgbGBwmIRHBkYExdBw==}', 'none', NULL, NULL);
INSERT INTO history_transactions VALUES ('afeb8080522eba71ca328225bbcf731029edcfa254c827c45be580bae95c7231', 38, 1, 'GBRPYHIL2CI3FNQ4BXLFMNDLFJUNPU2HY3ZMFSHONUCEOASW7QC7OX2H', 16, 100, 1, '2018-02-13 23:42:36.414191', '2018-02-13 23:42:36.414191', 163208761344, 'AAAAAGL8HQvQkbK2HA3WVjRrKmjX00fG8sLI7m0ERwJW/AX3AAAAZAAAAAAAAAAQAAAAAAAAAAAAAAABAAAAAAAAAAAAAAAAq26sUclf95G3mAzqohcAxtpe+UiaovKwDpCv20t6bF8AAAACVAvkAAAAAAAAAAABVvwF9wAAAEDnzvNgEYB1u3BGTHFDlIWnk0GOq7BMpfcyewJRsJK9lT4HTMEwMQ2jSJyrWmB7xdBxHKaNMXQaAIx6CShLXpQH', 'AAAAAAAAAGQAAAAAAAAAAQAAAAAAAAAAAAAAAAAAAAA=', 'AAAAAAAAAAEAAAADAAAAAAAAACYAAAAAAAAAAKturFHJX/eRt5gM6qIXAMbaXvlImqLysA6Qr9tLemxfAAAAAlQL5AAAAAAmAAAAAAAAAAAAAAAAAAAAAAAAAAABAAAAAAAAAAAAAAAAAAAAAAAAAwAAACYAAAAAAAAAAGL8HQvQkbK2HA3WVjRrKmjX00fG8sLI7m0ERwJW/AX3DeC2kMj/uVwAAAAAAAAAEQAAAAAAAAAAAAAAAAAAAAABAAAAAAAAAAAAAAAAAAAAAAAAAQAAACYAAAAAAAAAAGL8HQvQkbK2HA3WVjRrKmjX00fG8sLI7m0ERwJW/AX3DeC2jnTz1VwAAAAAAAAAEQAAAAAAAAAAAAAAAAAAAAABAAAAAAAAAAAAAAAAAAAA', 'AAAAAgAAAAMAAAAhAAAAAAAAAABi/B0L0JGythwN1lY0aypo19NHxvLCyO5tBEcCVvwF9w3gtpDI/7okAAAAAAAAAA8AAAAAAAAAAAAAAAAAAAAAAQAAAAAAAAAAAAAAAAAAAAAAAAEAAAAmAAAAAAAAAABi/B0L0JGythwN1lY0aypo19NHxvLCyO5tBEcCVvwF9w3gtpDI/7nAAAAAAAAAABAAAAAAAAAAAAAAAAAAAAAAAQAAAAAAAAAAAAAAAAAAAA==', '{587zYBGAdbtwRkxxQ5SFp5NBjquwTKX3MnsCUbCSvZU+B0zBMDENo0icq1pge8XQcRymjTF0GgCMegkoS16UBw==}', 'none', NULL, NULL);
INSERT INTO history_transactions VALUES ('2354df802111418a999e31c2964d16b8efe8e492b7d74de54939825190e1041f', 38, 2, 'GBRPYHIL2CI3FNQ4BXLFMNDLFJUNPU2HY3ZMFSHONUCEOASW7QC7OX2H', 17, 100, 1, '2018-02-13 23:42:36.416306', '2018-02-13 23:42:36.416306', 163208765440, 'AAAAAGL8HQvQkbK2HA3WVjRrKmjX00fG8sLI7m0ERwJW/AX3AAAAZAAAAAAAAAARAAAAAAAAAAAAAAABAAAAAAAAAAAAAAAA+SY4m6vkX+Y7FMkNv7RswsIkYNGXeZ4/YwEQNUpI8/gAAAACVAvkAAAAAAAAAAABVvwF9wAAAEDD6WvAYL1wilsd7zYDJt0iFO/lppQ6GJJn/A8UJl9jTjMNOjuQPBtA7fSxR5KT0BZLbtQy8qFlys0I6fTe/cwO', 'AAAAAAAAAGQAAAAAAAAAAQAAAAAAAAAAAAAAAAAAAAA=', 'AAAAAAAAAAEAAAADAAAAAAAAACYAAAAAAAAAAPkmOJur5F/mOxTJDb+0bMLCJGDRl3meP2MBEDVKSPP4AAAAAlQL5AAAAAAmAAAAAAAAAAAAAAAAAAAAAAAAAAABAAAAAAAAAAAAAAAAAAAAAAAAAwAAACYAAAAAAAAAAGL8HQvQkbK2HA3WVjRrKmjX00fG8sLI7m0ERwJW/AX3DeC2jnTz1VwAAAAAAAAAEQAAAAAAAAAAAAAAAAAAAAABAAAAAAAAAAAAAAAAAAAAAAAAAQAAACYAAAAAAAAAAGL8HQvQkbK2HA3WVjRrKmjX00fG8sLI7m0ERwJW/AX3DeC2jCDn8VwAAAAAAAAAEQAAAAAAAAAAAAAAAAAAAAABAAAAAAAAAAAAAAAAAAAA', 'AAAAAgAAAAMAAAAmAAAAAAAAAABi/B0L0JGythwN1lY0aypo19NHxvLCyO5tBEcCVvwF9w3gtpDI/7nAAAAAAAAAABAAAAAAAAAAAAAAAAAAAAAAAQAAAAAAAAAAAAAAAAAAAAAAAAEAAAAmAAAAAAAAAABi/B0L0JGythwN1lY0aypo19NHxvLCyO5tBEcCVvwF9w3gtpDI/7lcAAAAAAAAABEAAAAAAAAAAAAAAAAAAAAAAQAAAAAAAAAAAAAAAAAAAA==', '{w+lrwGC9cIpbHe82AybdIhTv5aaUOhiSZ/wPFCZfY04zDTo7kDwbQO30sUeSk9AWS27UMvKhZcrNCOn03v3MDg==}', 'none', NULL, NULL);
INSERT INTO history_transactions VALUES ('11705f94cd65d7b673a124a85ce368c80f8458ffaedff719304d8f849535b4e0', 39, 1, 'GD4SMOE3VPSF7ZR3CTEQ3P5UNTBMEJDA2GLXTHR7MMARANKKJDZ7RPGF', 163208757249, 100, 1, '2018-02-13 23:42:36.421429', '2018-02-13 23:42:36.421429', 167503728640, 'AAAAAPkmOJur5F/mOxTJDb+0bMLCJGDRl3meP2MBEDVKSPP4AAAAZAAAACYAAAABAAAAAAAAAAAAAAABAAAAAAAAAAUAAAAAAAAAAQAAAAAAAAABAAAAAwAAAAAAAAAAAAAAAAAAAAAAAAAAAAAAAAAAAAAAAAABSkjz+AAAAECyjDa1e+jtXukTrHluO7x0Mx7Wj4mRoM4S5UAFmRV+2rVoxjMwqFJhtYnEAUV19+C5ycp5jOLLpWxrCeRKJQUG', 'AAAAAAAAAGQAAAAAAAAAAQAAAAAAAAAFAAAAAAAAAAA=', 'AAAAAAAAAAEAAAACAAAAAwAAACcAAAAAAAAAAPkmOJur5F/mOxTJDb+0bMLCJGDRl3meP2MBEDVKSPP4AAAAAlQL45wAAAAmAAAAAQAAAAAAAAAAAAAAAAAAAAABAAAAAAAAAAAAAAAAAAAAAAAAAQAAACcAAAAAAAAAAPkmOJur5F/mOxTJDb+0bMLCJGDRl3meP2MBEDVKSPP4AAAAAlQL45wAAAAmAAAAAQAAAAAAAAAAAAAAAwAAAAABAAAAAAAAAAAAAAAAAAAA', 'AAAAAgAAAAMAAAAmAAAAAAAAAAD5Jjibq+Rf5jsUyQ2/tGzCwiRg0Zd5nj9jARA1Skjz+AAAAAJUC+QAAAAAJgAAAAAAAAAAAAAAAAAAAAAAAAAAAQAAAAAAAAAAAAAAAAAAAAAAAAEAAAAnAAAAAAAAAAD5Jjibq+Rf5jsUyQ2/tGzCwiRg0Zd5nj9jARA1Skjz+AAAAAJUC+OcAAAAJgAAAAEAAAAAAAAAAAAAAAAAAAAAAQAAAAAAAAAAAAAAAAAAAA==', '{sow2tXvo7V7pE6x5bju8dDMe1o+JkaDOEuVABZkVftq1aMYzMKhSYbWJxAFFdffgucnKeYziy6VsawnkSiUFBg==}', 'none', NULL, NULL);
INSERT INTO history_transactions VALUES ('6fa467b53f5386d77ad35c2502ed2cd3dd8b460a5be22b6b2818b81bcd3ed2da', 40, 1, 'GCVW5LCRZFP7PENXTAGOVIQXADDNUXXZJCNKF4VQB2IK7W2LPJWF73UG', 163208757249, 100, 1, '2018-02-13 23:42:36.425972', '2018-02-13 23:42:36.425972', 171798695936, 'AAAAAKturFHJX/eRt5gM6qIXAMbaXvlImqLysA6Qr9tLemxfAAAAZAAAACYAAAABAAAAAAAAAAAAAAABAAAAAAAAAAYAAAABVVNEAAAAAAD5Jjibq+Rf5jsUyQ2/tGzCwiRg0Zd5nj9jARA1Skjz+H//////////AAAAAAAAAAFLemxfAAAAQKN8LftAafeoAGmvpsEokqm47jAuqw4g1UWjmL0j6QPm1jxoalzDwDS3W+N2HOHdjSJlEQaTxGBfQKHhr6nNsAA=', 'AAAAAAAAAGQAAAAAAAAAAQAAAAAAAAAGAAAAAAAAAAA=', 'AAAAAAAAAAEAAAADAAAAAAAAACgAAAABAAAAAKturFHJX/eRt5gM6qIXAMbaXvlImqLysA6Qr9tLemxfAAAAAVVTRAAAAAAA+SY4m6vkX+Y7FMkNv7RswsIkYNGXeZ4/YwEQNUpI8/gAAAAAAAAAAH//////////AAAAAAAAAAAAAAAAAAAAAwAAACgAAAAAAAAAAKturFHJX/eRt5gM6qIXAMbaXvlImqLysA6Qr9tLemxfAAAAAlQL4zgAAAAmAAAAAgAAAAAAAAAAAAAAAAAAAAABAAAAAAAAAAAAAAAAAAAAAAAAAQAAACgAAAAAAAAAAKturFHJX/eRt5gM6qIXAMbaXvlImqLysA6Qr9tLemxfAAAAAlQL4zgAAAAmAAAAAgAAAAEAAAAAAAAAAAAAAAABAAAAAAAAAAAAAAAAAAAA', 'AAAAAgAAAAMAAAAmAAAAAAAAAACrbqxRyV/3kbeYDOqiFwDG2l75SJqi8rAOkK/bS3psXwAAAAJUC+QAAAAAJgAAAAAAAAAAAAAAAAAAAAAAAAAAAQAAAAAAAAAAAAAAAAAAAAAAAAEAAAAoAAAAAAAAAACrbqxRyV/3kbeYDOqiFwDG2l75SJqi8rAOkK/bS3psXwAAAAJUC+OcAAAAJgAAAAEAAAAAAAAAAAAAAAAAAAAAAQAAAAAAAAAAAAAAAAAAAA==', '{o3wt+0Bp96gAaa+mwSiSqbjuMC6rDiDVRaOYvSPpA+bWPGhqXMPANLdb43Yc4d2NImURBpPEYF9AoeGvqc2wAA==}', 'none', NULL, NULL);
INSERT INTO history_transactions VALUES ('0bcb67aa365446fd244fecff3a0c397f81f3a9b13428688965e776d447c0b1ea', 40, 2, 'GCVW5LCRZFP7PENXTAGOVIQXADDNUXXZJCNKF4VQB2IK7W2LPJWF73UG', 163208757250, 100, 1, '2018-02-13 23:42:36.426997', '2018-02-13 23:42:36.426997', 171798700032, 'AAAAAKturFHJX/eRt5gM6qIXAMbaXvlImqLysA6Qr9tLemxfAAAAZAAAACYAAAACAAAAAAAAAAAAAAABAAAAAAAAAAYAAAABRVVSAAAAAAD5Jjibq+Rf5jsUyQ2/tGzCwiRg0Zd5nj9jARA1Skjz+H//////////AAAAAAAAAAFLemxfAAAAQMPVgYf+w09depDSxMcJnjVZHA2FlkBmhPmi0N66FuhAzTekWcCOMdCI0cUc+xJhywLXSMiKA6wP6K94NRlFlQE=', 'AAAAAAAAAGQAAAAAAAAAAQAAAAAAAAAGAAAAAAAAAAA=', 'AAAAAAAAAAEAAAADAAAAAAAAACgAAAABAAAAAKturFHJX/eRt5gM6qIXAMbaXvlImqLysA6Qr9tLemxfAAAAAUVVUgAAAAAA+SY4m6vkX+Y7FMkNv7RswsIkYNGXeZ4/YwEQNUpI8/gAAAAAAAAAAH//////////AAAAAAAAAAAAAAAAAAAAAwAAACgAAAAAAAAAAKturFHJX/eRt5gM6qIXAMbaXvlImqLysA6Qr9tLemxfAAAAAlQL4zgAAAAmAAAAAgAAAAEAAAAAAAAAAAAAAAABAAAAAAAAAAAAAAAAAAAAAAAAAQAAACgAAAAAAAAAAKturFHJX/eRt5gM6qIXAMbaXvlImqLysA6Qr9tLemxfAAAAAlQL4zgAAAAmAAAAAgAAAAIAAAAAAAAAAAAAAAABAAAAAAAAAAAAAAAAAAAA', 'AAAAAgAAAAMAAAAoAAAAAAAAAACrbqxRyV/3kbeYDOqiFwDG2l75SJqi8rAOkK/bS3psXwAAAAJUC+OcAAAAJgAAAAEAAAAAAAAAAAAAAAAAAAAAAQAAAAAAAAAAAAAAAAAAAAAAAAEAAAAoAAAAAAAAAACrbqxRyV/3kbeYDOqiFwDG2l75SJqi8rAOkK/bS3psXwAAAAJUC+M4AAAAJgAAAAIAAAAAAAAAAAAAAAAAAAAAAQAAAAAAAAAAAAAAAAAAAA==', '{w9WBh/7DT116kNLExwmeNVkcDYWWQGaE+aLQ3roW6EDNN6RZwI4x0IjRxRz7EmHLAtdIyIoDrA/or3g1GUWVAQ==}', 'none', NULL, NULL);
INSERT INTO history_transactions VALUES ('6d2e30fd57492bf2e2b132e1bc91a548a369189bebf77eb2b3d829121a9d2c50', 41, 1, 'GD4SMOE3VPSF7ZR3CTEQ3P5UNTBMEJDA2GLXTHR7MMARANKKJDZ7RPGF', 163208757250, 100, 1, '2018-02-13 23:42:36.431126', '2018-02-13 23:42:36.431126', 176093663232, 'AAAAAPkmOJur5F/mOxTJDb+0bMLCJGDRl3meP2MBEDVKSPP4AAAAZAAAACYAAAACAAAAAAAAAAAAAAABAAAAAAAAAAcAAAAAq26sUclf95G3mAzqohcAxtpe+UiaovKwDpCv20t6bF8AAAABVVNEAAAAAAEAAAAAAAAAAUpI8/gAAABA6O2fe1gQBwoO0fMNNEUKH0QdVXVjEWbN5VL51DmRUedYMMXtbX5JKVSzla2kIGvWgls1dXuXHZY/IOlaK01rBQ==', 'AAAAAAAAAGQAAAAAAAAAAQAAAAAAAAAHAAAAAAAAAAA=', 'AAAAAAAAAAEAAAACAAAAAwAAACgAAAABAAAAAKturFHJX/eRt5gM6qIXAMbaXvlImqLysA6Qr9tLemxfAAAAAVVTRAAAAAAA+SY4m6vkX+Y7FMkNv7RswsIkYNGXeZ4/YwEQNUpI8/gAAAAAAAAAAH//////////AAAAAAAAAAAAAAAAAAAAAQAAACkAAAABAAAAAKturFHJX/eRt5gM6qIXAMbaXvlImqLysA6Qr9tLemxfAAAAAVVTRAAAAAAA+SY4m6vkX+Y7FMkNv7RswsIkYNGXeZ4/YwEQNUpI8/gAAAAAAAAAAH//////////AAAAAQAAAAAAAAAA', 'AAAAAgAAAAMAAAAnAAAAAAAAAAD5Jjibq+Rf5jsUyQ2/tGzCwiRg0Zd5nj9jARA1Skjz+AAAAAJUC+OcAAAAJgAAAAEAAAAAAAAAAAAAAAMAAAAAAQAAAAAAAAAAAAAAAAAAAAAAAAEAAAApAAAAAAAAAAD5Jjibq+Rf5jsUyQ2/tGzCwiRg0Zd5nj9jARA1Skjz+AAAAAJUC+M4AAAAJgAAAAIAAAAAAAAAAAAAAAMAAAAAAQAAAAAAAAAAAAAAAAAAAA==', '{6O2fe1gQBwoO0fMNNEUKH0QdVXVjEWbN5VL51DmRUedYMMXtbX5JKVSzla2kIGvWgls1dXuXHZY/IOlaK01rBQ==}', 'none', NULL, NULL);
INSERT INTO history_transactions VALUES ('a832ff67085cb9eb6f1c4b740f6e033ba9b508af725fbf203469729a64a199ff', 41, 2, 'GD4SMOE3VPSF7ZR3CTEQ3P5UNTBMEJDA2GLXTHR7MMARANKKJDZ7RPGF', 163208757251, 100, 1, '2018-02-13 23:42:36.432416', '2018-02-13 23:42:36.432416', 176093667328, 'AAAAAPkmOJur5F/mOxTJDb+0bMLCJGDRl3meP2MBEDVKSPP4AAAAZAAAACYAAAADAAAAAAAAAAAAAAABAAAAAAAAAAcAAAAAq26sUclf95G3mAzqohcAxtpe+UiaovKwDpCv20t6bF8AAAABRVVSAAAAAAEAAAAAAAAAAUpI8/gAAABA1Qe8ngwANz4fLqYChwRjR5xng6cIqU5WBtjkZgF4ugVhi8J6kTpACvnvXso3IVym6Rfd6JdQW8QcLkFTX1MGCg==', 'AAAAAAAAAGQAAAAAAAAAAQAAAAAAAAAHAAAAAAAAAAA=', 'AAAAAAAAAAEAAAACAAAAAwAAACgAAAABAAAAAKturFHJX/eRt5gM6qIXAMbaXvlImqLysA6Qr9tLemxfAAAAAUVVUgAAAAAA+SY4m6vkX+Y7FMkNv7RswsIkYNGXeZ4/YwEQNUpI8/gAAAAAAAAAAH//////////AAAAAAAAAAAAAAAAAAAAAQAAACkAAAABAAAAAKturFHJX/eRt5gM6qIXAMbaXvlImqLysA6Qr9tLemxfAAAAAUVVUgAAAAAA+SY4m6vkX+Y7FMkNv7RswsIkYNGXeZ4/YwEQNUpI8/gAAAAAAAAAAH//////////AAAAAQAAAAAAAAAA', 'AAAAAgAAAAMAAAApAAAAAAAAAAD5Jjibq+Rf5jsUyQ2/tGzCwiRg0Zd5nj9jARA1Skjz+AAAAAJUC+M4AAAAJgAAAAIAAAAAAAAAAAAAAAMAAAAAAQAAAAAAAAAAAAAAAAAAAAAAAAEAAAApAAAAAAAAAAD5Jjibq+Rf5jsUyQ2/tGzCwiRg0Zd5nj9jARA1Skjz+AAAAAJUC+LUAAAAJgAAAAMAAAAAAAAAAAAAAAMAAAAAAQAAAAAAAAAAAAAAAAAAAA==', '{1Qe8ngwANz4fLqYChwRjR5xng6cIqU5WBtjkZgF4ugVhi8J6kTpACvnvXso3IVym6Rfd6JdQW8QcLkFTX1MGCg==}', 'none', NULL, NULL);
INSERT INTO history_transactions VALUES ('d67cfb271a889e7854ffd61b08eacde76d56e758466fc37a8eec2d3a40ef8b14', 42, 1, 'GD4SMOE3VPSF7ZR3CTEQ3P5UNTBMEJDA2GLXTHR7MMARANKKJDZ7RPGF', 163208757252, 100, 1, '2018-02-13 23:42:36.43726', '2018-02-13 23:42:36.43726', 180388630528, 'AAAAAPkmOJur5F/mOxTJDb+0bMLCJGDRl3meP2MBEDVKSPP4AAAAZAAAACYAAAAEAAAAAAAAAAAAAAABAAAAAAAAAAcAAAAAq26sUclf95G3mAzqohcAxtpe+UiaovKwDpCv20t6bF8AAAABRVVSAAAAAAAAAAAAAAAAAUpI8/gAAABAEPKcQmATGpevrtlAcZnNI/GjfLLQEp9aODGGRFV+2C4UO8dU+UAMTkCSXQLD+xPaRQxzw93ScEok6GzYCtt7Bg==', 'AAAAAAAAAGQAAAAAAAAAAQAAAAAAAAAHAAAAAAAAAAA=', 'AAAAAAAAAAEAAAACAAAAAwAAACkAAAABAAAAAKturFHJX/eRt5gM6qIXAMbaXvlImqLysA6Qr9tLemxfAAAAAUVVUgAAAAAA+SY4m6vkX+Y7FMkNv7RswsIkYNGXeZ4/YwEQNUpI8/gAAAAAAAAAAH//////////AAAAAQAAAAAAAAAAAAAAAQAAACoAAAABAAAAAKturFHJX/eRt5gM6qIXAMbaXvlImqLysA6Qr9tLemxfAAAAAUVVUgAAAAAA+SY4m6vkX+Y7FMkNv7RswsIkYNGXeZ4/YwEQNUpI8/gAAAAAAAAAAH//////////AAAAAAAAAAAAAAAA', 'AAAAAgAAAAMAAAApAAAAAAAAAAD5Jjibq+Rf5jsUyQ2/tGzCwiRg0Zd5nj9jARA1Skjz+AAAAAJUC+LUAAAAJgAAAAMAAAAAAAAAAAAAAAMAAAAAAQAAAAAAAAAAAAAAAAAAAAAAAAEAAAAqAAAAAAAAAAD5Jjibq+Rf5jsUyQ2/tGzCwiRg0Zd5nj9jARA1Skjz+AAAAAJUC+JwAAAAJgAAAAQAAAAAAAAAAAAAAAMAAAAAAQAAAAAAAAAAAAAAAAAAAA==', '{EPKcQmATGpevrtlAcZnNI/GjfLLQEp9aODGGRFV+2C4UO8dU+UAMTkCSXQLD+xPaRQxzw93ScEok6GzYCtt7Bg==}', 'none', NULL, NULL);
INSERT INTO history_transactions VALUES ('945b6171de747ab323b3cda52290933df39edd7061f6e260762663efc51bccb0', 43, 1, 'GBRPYHIL2CI3FNQ4BXLFMNDLFJUNPU2HY3ZMFSHONUCEOASW7QC7OX2H', 18, 100, 1, '2018-02-13 23:42:36.441509', '2018-02-13 23:42:36.441509', 184683597824, 'AAAAAGL8HQvQkbK2HA3WVjRrKmjX00fG8sLI7m0ERwJW/AX3AAAAZAAAAAAAAAASAAAAAAAAAAAAAAABAAAAAAAAAAAAAAAAjvuao1PL1U+CaCf7/+6+M/xUnEnUUdDiMKthL4rj4e8AAAACVAvkAAAAAAAAAAABVvwF9wAAAEBFbS2c5rrYNGslNVslTHH8j8x0ggew1eHHOUTNajMPy8GYn52RSwRncwwvv1ejEfA+g/mTXMpXrBO847C46KoA', 'AAAAAAAAAGQAAAAAAAAAAQAAAAAAAAAAAAAAAAAAAAA=', 'AAAAAAAAAAEAAAADAAAAAAAAACsAAAAAAAAAAI77mqNTy9VPgmgn+//uvjP8VJxJ1FHQ4jCrYS+K4+HvAAAAAlQL5AAAAAArAAAAAAAAAAAAAAAAAAAAAAAAAAABAAAAAAAAAAAAAAAAAAAAAAAAAwAAACsAAAAAAAAAAGL8HQvQkbK2HA3WVjRrKmjX00fG8sLI7m0ERwJW/AX3DeC2jCDn8PgAAAAAAAAAEgAAAAAAAAAAAAAAAAAAAAABAAAAAAAAAAAAAAAAAAAAAAAAAQAAACsAAAAAAAAAAGL8HQvQkbK2HA3WVjRrKmjX00fG8sLI7m0ERwJW/AX3DeC2iczcDPgAAAAAAAAAEgAAAAAAAAAAAAAAAAAAAAABAAAAAAAAAAAAAAAAAAAA', 'AAAAAgAAAAMAAAAmAAAAAAAAAABi/B0L0JGythwN1lY0aypo19NHxvLCyO5tBEcCVvwF9w3gtowg5/FcAAAAAAAAABEAAAAAAAAAAAAAAAAAAAAAAQAAAAAAAAAAAAAAAAAAAAAAAAEAAAArAAAAAAAAAABi/B0L0JGythwN1lY0aypo19NHxvLCyO5tBEcCVvwF9w3gtowg5/D4AAAAAAAAABIAAAAAAAAAAAAAAAAAAAAAAQAAAAAAAAAAAAAAAAAAAA==', '{RW0tnOa62DRrJTVbJUxx/I/MdIIHsNXhxzlEzWozD8vBmJ+dkUsEZ3MML79XoxHwPoP5k1zKV6wTvOOwuOiqAA==}', 'none', NULL, NULL);
INSERT INTO history_transactions VALUES ('e0773d07aba23d11e6a06b021682294be1f9f202a2926827022539662ce2c7fc', 44, 1, 'GCHPXGVDKPF5KT4CNAT7X77OXYZ7YVE4JHKFDUHCGCVWCL4K4PQ67KKZ', 184683593729, 100, 1, '2018-02-13 23:42:36.44641', '2018-02-13 23:42:36.44641', 188978565120, 'AAAAAI77mqNTy9VPgmgn+//uvjP8VJxJ1FHQ4jCrYS+K4+HvAAAAZAAAACsAAAABAAAAAAAAAAAAAAABAAAAAAAAAAgAAAAAYvwdC9CRsrYcDdZWNGsqaNfTR8bywsjubQRHAlb8BfcAAAAAAAAAAYrj4e8AAABA3jJ7wBrRpsrcnqBQWjyzwvVz2v5UJ56G60IhgsaWQFSf+7om462KToc+HJ27aLVOQ83dGh1ivp+VIuREJq/SBw==', 'AAAAAAAAAGQAAAAAAAAAAQAAAAAAAAAIAAAAAAAAAAJUC+OcAAAAAA==', 'AAAAAAAAAAEAAAAEAAAAAwAAACsAAAAAAAAAAGL8HQvQkbK2HA3WVjRrKmjX00fG8sLI7m0ERwJW/AX3DeC2iczcDPgAAAAAAAAAEgAAAAAAAAAAAAAAAAAAAAABAAAAAAAAAAAAAAAAAAAAAAAAAQAAACwAAAAAAAAAAGL8HQvQkbK2HA3WVjRrKmjX00fG8sLI7m0ERwJW/AX3DeC2jCDn8JQAAAAAAAAAEgAAAAAAAAAAAAAAAAAAAAABAAAAAAAAAAAAAAAAAAAAAAAAAwAAACwAAAAAAAAAAI77mqNTy9VPgmgn+//uvjP8VJxJ1FHQ4jCrYS+K4+HvAAAAAlQL45wAAAArAAAAAQAAAAAAAAAAAAAAAAAAAAABAAAAAAAAAAAAAAAAAAAAAAAAAgAAAAAAAAAAjvuao1PL1U+CaCf7/+6+M/xUnEnUUdDiMKthL4rj4e8=', 'AAAAAgAAAAMAAAArAAAAAAAAAACO+5qjU8vVT4JoJ/v/7r4z/FScSdRR0OIwq2EviuPh7wAAAAJUC+QAAAAAKwAAAAAAAAAAAAAAAAAAAAAAAAAAAQAAAAAAAAAAAAAAAAAAAAAAAAEAAAAsAAAAAAAAAACO+5qjU8vVT4JoJ/v/7r4z/FScSdRR0OIwq2EviuPh7wAAAAJUC+OcAAAAKwAAAAEAAAAAAAAAAAAAAAAAAAAAAQAAAAAAAAAAAAAAAAAAAA==', '{3jJ7wBrRpsrcnqBQWjyzwvVz2v5UJ56G60IhgsaWQFSf+7om462KToc+HJ27aLVOQ83dGh1ivp+VIuREJq/SBw==}', 'none', NULL, NULL);
INSERT INTO history_transactions VALUES ('5b42c77042f04bf716659a05e7ca3f4703af038a7da75b10b8538707c9ff172f', 45, 1, 'GBRPYHIL2CI3FNQ4BXLFMNDLFJUNPU2HY3ZMFSHONUCEOASW7QC7OX2H', 19, 100, 1, '2018-02-13 23:42:36.451146', '2018-02-13 23:42:36.451146', 193273532416, 'AAAAAGL8HQvQkbK2HA3WVjRrKmjX00fG8sLI7m0ERwJW/AX3AAAAZAAAAAAAAAATAAAAAAAAAAAAAAABAAAAAAAAAAAAAAAA493YBEKdTeVN3wUjgsf56+V7YgpjSdqDCWTMfjGCtycCxorwuxQAAAAAAAAAAAABVvwF9wAAAECGClRePcAExQ/WKroo3/3dfchP/yI8TRDrrjt/chZ83ULiTc54l5wcz1AkbLa6CAapdSGpUWXk5ksTqDXLn4AA', 'AAAAAAAAAGQAAAAAAAAAAQAAAAAAAAAAAAAAAAAAAAA=', 'AAAAAAAAAAEAAAADAAAAAAAAAC0AAAAAAAAAAOPd2ARCnU3lTd8FI4LH+evle2IKY0nagwlkzH4xgrcnAsaK8LsUAAAAAAAtAAAAAAAAAAAAAAAAAAAAAAAAAAABAAAAAAAAAAAAAAAAAAAAAAAAAwAAAC0AAAAAAAAAAGL8HQvQkbK2HA3WVjRrKmjX00fG8sLI7m0ERwJW/AX3DeC2jCDn8DAAAAAAAAAAEwAAAAAAAAAAAAAAAAAAAAABAAAAAAAAAAAAAAAAAAAAAAAAAQAAAC0AAAAAAAAAAGL8HQvQkbK2HA3WVjRrKmjX00fG8sLI7m0ERwJW/AX3Cxorm2XT8DAAAAAAAAAAEwAAAAAAAAAAAAAAAAAAAAABAAAAAAAAAAAAAAAAAAAA', 'AAAAAgAAAAMAAAAsAAAAAAAAAABi/B0L0JGythwN1lY0aypo19NHxvLCyO5tBEcCVvwF9w3gtowg5/CUAAAAAAAAABIAAAAAAAAAAAAAAAAAAAAAAQAAAAAAAAAAAAAAAAAAAAAAAAEAAAAtAAAAAAAAAABi/B0L0JGythwN1lY0aypo19NHxvLCyO5tBEcCVvwF9w3gtowg5/AwAAAAAAAAABMAAAAAAAAAAAAAAAAAAAAAAQAAAAAAAAAAAAAAAAAAAA==', '{hgpUXj3ABMUP1iq6KN/93X3IT/8iPE0Q6647f3IWfN1C4k3OeJecHM9QJGy2uggGqXUhqVFl5OZLE6g1y5+AAA==}', 'none', NULL, NULL);
INSERT INTO history_transactions VALUES ('d24f486bd722fd1875b843839e880bdeea324e25db706a26af5e4daa8c5071eb', 46, 1, 'GBRPYHIL2CI3FNQ4BXLFMNDLFJUNPU2HY3ZMFSHONUCEOASW7QC7OX2H', 20, 100, 1, '2018-02-13 23:42:36.456463', '2018-02-13 23:42:36.456463', 197568499712, 'AAAAAGL8HQvQkbK2HA3WVjRrKmjX00fG8sLI7m0ERwJW/AX3AAAAZAAAAAAAAAAUAAAAAAAAAAAAAAABAAAAAAAAAAUAAAABAAAAAGL8HQvQkbK2HA3WVjRrKmjX00fG8sLI7m0ERwJW/AX3AAAAAQAAAAAAAAABAAAAAAAAAAAAAAAAAAAAAAAAAAAAAAAAAAAAAAAAAAAAAAABVvwF9wAAAEBYI0TMQVWPvnC2KPbDph9Myz5UMuBRIYt2YQdtlPYC4UHamYnHsMghpIMfaS7MWdHuGY81+FBozOsS+/HGohQD', 'AAAAAAAAAGQAAAAAAAAAAQAAAAAAAAAFAAAAAAAAAAA=', 'AAAAAAAAAAEAAAACAAAAAwAAAC4AAAAAAAAAAGL8HQvQkbK2HA3WVjRrKmjX00fG8sLI7m0ERwJW/AX3Cxorm2XT78wAAAAAAAAAFAAAAAAAAAAAAAAAAAAAAAABAAAAAAAAAAAAAAAAAAAAAAAAAQAAAC4AAAAAAAAAAGL8HQvQkbK2HA3WVjRrKmjX00fG8sLI7m0ERwJW/AX3Cxorm2XT78wAAAAAAAAAFAAAAAAAAAABAAAAAGL8HQvQkbK2HA3WVjRrKmjX00fG8sLI7m0ERwJW/AX3AAAAAAAAAAABAAAAAAAAAAAAAAAAAAAA', 'AAAAAgAAAAMAAAAtAAAAAAAAAABi/B0L0JGythwN1lY0aypo19NHxvLCyO5tBEcCVvwF9wsaK5tl0/AwAAAAAAAAABMAAAAAAAAAAAAAAAAAAAAAAQAAAAAAAAAAAAAAAAAAAAAAAAEAAAAuAAAAAAAAAABi/B0L0JGythwN1lY0aypo19NHxvLCyO5tBEcCVvwF9wsaK5tl0+/MAAAAAAAAABQAAAAAAAAAAAAAAAAAAAAAAQAAAAAAAAAAAAAAAAAAAA==', '{WCNEzEFVj75wtij2w6YfTMs+VDLgUSGLdmEHbZT2AuFB2pmJx7DIIaSDH2kuzFnR7hmPNfhQaMzrEvvxxqIUAw==}', 'none', NULL, NULL);
INSERT INTO history_transactions VALUES ('7207de5b75243e0b062c3833f587036b7e9f64453be49ff50f3f3fdc7516ec6b', 46, 2, 'GDR53WAEIKOU3ZKN34CSHAWH7HV6K63CBJRUTWUDBFSMY7RRQK3SPKOS', 193273528321, 100, 1, '2018-02-13 23:42:36.457604', '2018-02-13 23:42:36.457604', 197568503808, 'AAAAAOPd2ARCnU3lTd8FI4LH+evle2IKY0nagwlkzH4xgrcnAAAAZAAAAC0AAAABAAAAAAAAAAAAAAABAAAAAAAAAAUAAAABAAAAAOPd2ARCnU3lTd8FI4LH+evle2IKY0nagwlkzH4xgrcnAAAAAQAAAAAAAAABAAAAAAAAAAAAAAAAAAAAAAAAAAAAAAAAAAAAAAAAAAAAAAABMYK3JwAAAEAOkGOPTOBDSQ7nW2Zn+bls2PDUebk2/k3/gqHKQ8eYOFsD6nBeEvyMD858vo5BabjQwB9injABIM8esDh7bEkC', 'AAAAAAAAAGQAAAAAAAAAAQAAAAAAAAAFAAAAAAAAAAA=', 'AAAAAAAAAAEAAAACAAAAAwAAAC4AAAAAAAAAAOPd2ARCnU3lTd8FI4LH+evle2IKY0nagwlkzH4xgrcnAsaK8LsT/5wAAAAtAAAAAQAAAAAAAAAAAAAAAAAAAAABAAAAAAAAAAAAAAAAAAAAAAAAAQAAAC4AAAAAAAAAAOPd2ARCnU3lTd8FI4LH+evle2IKY0nagwlkzH4xgrcnAsaK8LsT/5wAAAAtAAAAAQAAAAAAAAABAAAAAOPd2ARCnU3lTd8FI4LH+evle2IKY0nagwlkzH4xgrcnAAAAAAAAAAABAAAAAAAAAAAAAAAAAAAA', 'AAAAAgAAAAMAAAAtAAAAAAAAAADj3dgEQp1N5U3fBSOCx/nr5XtiCmNJ2oMJZMx+MYK3JwLGivC7FAAAAAAALQAAAAAAAAAAAAAAAAAAAAAAAAAAAQAAAAAAAAAAAAAAAAAAAAAAAAEAAAAuAAAAAAAAAADj3dgEQp1N5U3fBSOCx/nr5XtiCmNJ2oMJZMx+MYK3JwLGivC7E/+cAAAALQAAAAEAAAAAAAAAAAAAAAAAAAAAAQAAAAAAAAAAAAAAAAAAAA==', '{DpBjj0zgQ0kO51tmZ/m5bNjw1Hm5Nv5N/4KhykPHmDhbA+pwXhL8jA/OfL6OQWm40MAfYp4wASDPHrA4e2xJAg==}', 'none', NULL, NULL);
INSERT INTO history_transactions VALUES ('ea93efd8c2f4e45c0318c69ec958623a0e4374f40d569eec124d43c8a54d6256', 47, 1, 'GBRPYHIL2CI3FNQ4BXLFMNDLFJUNPU2HY3ZMFSHONUCEOASW7QC7OX2H', 21, 100, 1, '2018-02-13 23:42:36.461718', '2018-02-13 23:42:36.461718', 201863467008, 'AAAAAGL8HQvQkbK2HA3WVjRrKmjX00fG8sLI7m0ERwJW/AX3AAAAZAAAAAAAAAAVAAAAAAAAAAAAAAABAAAAAAAAAAkAAAAAAAAAAVb8BfcAAABABUHuXY+MTgW/wDv5+NDVh9fw4meszxeXO98HEQfgXVeCZ7eObCI2orSGUNA/SK6HV9/uTVSxIQQWIso1QoxHBQ==', 'AAAAAAAAAGQAAAAAAAAAAQAAAAAAAAAJAAAAAAAAAAIAAAAAYvwdC9CRsrYcDdZWNGsqaNfTR8bywsjubQRHAlb8BfcAAIrEjCYwXAAAAADj3dgEQp1N5U3fBSOCx/nr5XtiCmNJ2oMJZMx+MYK3JwAAIrEjfceLAAAAAA==', 'AAAAAAAAAAEAAAAEAAAAAwAAAC8AAAAAAAAAAGL8HQvQkbK2HA3WVjRrKmjX00fG8sLI7m0ERwJW/AX3Cxorm2XT72gAAAAAAAAAFQAAAAAAAAABAAAAAGL8HQvQkbK2HA3WVjRrKmjX00fG8sLI7m0ERwJW/AX3AAAAAAAAAAABAAAAAAAAAAAAAAAAAAAAAAAAAQAAAC8AAAAAAAAAAGL8HQvQkbK2HA3WVjRrKmjX00fG8sLI7m0ERwJW/AX3Cxq2X/H6H8QAAAAAAAAAFQAAAAAAAAABAAAAAGL8HQvQkbK2HA3WVjRrKmjX00fG8sLI7m0ERwJW/AX3AAAAAAAAAAABAAAAAAAAAAAAAAAAAAAAAAAAAwAAAC4AAAAAAAAAAOPd2ARCnU3lTd8FI4LH+evle2IKY0nagwlkzH4xgrcnAsaK8LsT/5wAAAAtAAAAAQAAAAAAAAABAAAAAOPd2ARCnU3lTd8FI4LH+evle2IKY0nagwlkzH4xgrcnAAAAAAAAAAABAAAAAAAAAAAAAAAAAAAAAAAAAQAAAC8AAAAAAAAAAOPd2ARCnU3lTd8FI4LH+evle2IKY0nagwlkzH4xgrcnAsatod6RxycAAAAtAAAAAQAAAAAAAAABAAAAAOPd2ARCnU3lTd8FI4LH+evle2IKY0nagwlkzH4xgrcnAAAAAAAAAAABAAAAAAAAAAAAAAAAAAAA', 'AAAAAgAAAAMAAAAuAAAAAAAAAABi/B0L0JGythwN1lY0aypo19NHxvLCyO5tBEcCVvwF9wsaK5tl0+/MAAAAAAAAABQAAAAAAAAAAQAAAABi/B0L0JGythwN1lY0aypo19NHxvLCyO5tBEcCVvwF9wAAAAAAAAAAAQAAAAAAAAAAAAAAAAAAAAAAAAEAAAAvAAAAAAAAAABi/B0L0JGythwN1lY0aypo19NHxvLCyO5tBEcCVvwF9wsaK5tl0+9oAAAAAAAAABUAAAAAAAAAAQAAAABi/B0L0JGythwN1lY0aypo19NHxvLCyO5tBEcCVvwF9wAAAAAAAAAAAQAAAAAAAAAAAAAAAAAAAA==', '{BUHuXY+MTgW/wDv5+NDVh9fw4meszxeXO98HEQfgXVeCZ7eObCI2orSGUNA/SK6HV9/uTVSxIQQWIso1QoxHBQ==}', 'none', NULL, NULL);
INSERT INTO history_transactions VALUES ('eb8586c9176c4cf2e864b2521948a972db5274de24673669463e0c7824cee056', 48, 1, 'GBRPYHIL2CI3FNQ4BXLFMNDLFJUNPU2HY3ZMFSHONUCEOASW7QC7OX2H', 22, 100, 1, '2018-02-13 23:42:36.465913', '2018-02-13 23:42:36.465913', 206158434304, 'AAAAAGL8HQvQkbK2HA3WVjRrKmjX00fG8sLI7m0ERwJW/AX3AAAAZAAAAAAAAAAWAAAAAAAAAAAAAAABAAAAAAAAAAAAAAAAMSExUMeJhd3PnPyXvdcbKtDZE3zllFbW4uwI1C6Z+xkAAAACVAvkAAAAAAAAAAABVvwF9wAAAECAMOn6G4jusgpfSoHwntHQkYIDxI/VnyH/qIi+bdMWzi1T6WlwnO+yITgm2+mOaWc6zVuxiLjHllzBeQ/xKvQN', 'AAAAAAAAAGQAAAAAAAAAAQAAAAAAAAAAAAAAAAAAAAA=', 'AAAAAAAAAAEAAAADAAAAAAAAADAAAAAAAAAAADEhMVDHiYXdz5z8l73XGyrQ2RN85ZRW1uLsCNQumfsZAAAAAlQL5AAAAAAwAAAAAAAAAAAAAAAAAAAAAAAAAAABAAAAAAAAAAAAAAAAAAAAAAAAAwAAADAAAAAAAAAAAGL8HQvQkbK2HA3WVjRrKmjX00fG8sLI7m0ERwJW/AX3Cxq2X/H6H2AAAAAAAAAAFgAAAAAAAAABAAAAAGL8HQvQkbK2HA3WVjRrKmjX00fG8sLI7m0ERwJW/AX3AAAAAAAAAAABAAAAAAAAAAAAAAAAAAAAAAAAAQAAADAAAAAAAAAAAGL8HQvQkbK2HA3WVjRrKmjX00fG8sLI7m0ERwJW/AX3Cxq2XZ3uO2AAAAAAAAAAFgAAAAAAAAABAAAAAGL8HQvQkbK2HA3WVjRrKmjX00fG8sLI7m0ERwJW/AX3AAAAAAAAAAABAAAAAAAAAAAAAAAAAAAA', 'AAAAAgAAAAMAAAAvAAAAAAAAAABi/B0L0JGythwN1lY0aypo19NHxvLCyO5tBEcCVvwF9wsatl/x+h/EAAAAAAAAABUAAAAAAAAAAQAAAABi/B0L0JGythwN1lY0aypo19NHxvLCyO5tBEcCVvwF9wAAAAAAAAAAAQAAAAAAAAAAAAAAAAAAAAAAAAEAAAAwAAAAAAAAAABi/B0L0JGythwN1lY0aypo19NHxvLCyO5tBEcCVvwF9wsatl/x+h9gAAAAAAAAABYAAAAAAAAAAQAAAABi/B0L0JGythwN1lY0aypo19NHxvLCyO5tBEcCVvwF9wAAAAAAAAAAAQAAAAAAAAAAAAAAAAAAAA==', '{gDDp+huI7rIKX0qB8J7R0JGCA8SP1Z8h/6iIvm3TFs4tU+lpcJzvsiE4JtvpjmlnOs1bsYi4x5ZcwXkP8Sr0DQ==}', 'none', NULL, NULL);
INSERT INTO history_transactions VALUES ('9fff61916716fb2550043fac968ac6c13802af5176a10fc29108fcfc445ef513', 49, 1, 'GAYSCMKQY6EYLXOPTT6JPPOXDMVNBWITPTSZIVWW4LWARVBOTH5RTLAD', 206158430209, 100, 1, '2018-02-13 23:42:36.470932', '2018-02-13 23:42:36.470932', 210453401600, 'AAAAADEhMVDHiYXdz5z8l73XGyrQ2RN85ZRW1uLsCNQumfsZAAAAZAAAADAAAAABAAAAAAAAAAAAAAABAAAAAAAAAAoAAAAFbmFtZTEAAAAAAAABAAAABDEyMzQAAAAAAAAAAS6Z+xkAAABAxKiHYYNLJiW3r5+kCJm8ucaoV7BcrEnQXFb3s1RyRyUbAkDlaCvE+RKwMZoNUfbkQUGrouyVKy1ZpUeccByqDg==', 'AAAAAAAAAGQAAAAAAAAAAQAAAAAAAAAKAAAAAAAAAAA=', 'AAAAAAAAAAEAAAADAAAAAAAAADEAAAADAAAAADEhMVDHiYXdz5z8l73XGyrQ2RN85ZRW1uLsCNQumfsZAAAABW5hbWUxAAAAAAAABDEyMzQAAAAAAAAAAAAAAAMAAAAxAAAAAAAAAAAxITFQx4mF3c+c/Je91xsq0NkTfOWUVtbi7AjULpn7GQAAAAJUC+LUAAAAMAAAAAMAAAAAAAAAAAAAAAAAAAAAAQAAAAAAAAAAAAAAAAAAAAAAAAEAAAAxAAAAAAAAAAAxITFQx4mF3c+c/Je91xsq0NkTfOWUVtbi7AjULpn7GQAAAAJUC+LUAAAAMAAAAAMAAAABAAAAAAAAAAAAAAAAAQAAAAAAAAAAAAAAAAAAAA==', 'AAAAAgAAAAMAAAAwAAAAAAAAAAAxITFQx4mF3c+c/Je91xsq0NkTfOWUVtbi7AjULpn7GQAAAAJUC+QAAAAAMAAAAAAAAAAAAAAAAAAAAAAAAAAAAQAAAAAAAAAAAAAAAAAAAAAAAAEAAAAxAAAAAAAAAAAxITFQx4mF3c+c/Je91xsq0NkTfOWUVtbi7AjULpn7GQAAAAJUC+OcAAAAMAAAAAEAAAAAAAAAAAAAAAAAAAAAAQAAAAAAAAAAAAAAAAAAAA==', '{xKiHYYNLJiW3r5+kCJm8ucaoV7BcrEnQXFb3s1RyRyUbAkDlaCvE+RKwMZoNUfbkQUGrouyVKy1ZpUeccByqDg==}', 'none', NULL, NULL);
INSERT INTO history_transactions VALUES ('e4609180751e7702466a8845857df43e4d154ec84b6bad62ce507fe12f1daf99', 49, 2, 'GAYSCMKQY6EYLXOPTT6JPPOXDMVNBWITPTSZIVWW4LWARVBOTH5RTLAD', 206158430210, 100, 1, '2018-02-13 23:42:36.471995', '2018-02-13 23:42:36.471995', 210453405696, 'AAAAADEhMVDHiYXdz5z8l73XGyrQ2RN85ZRW1uLsCNQumfsZAAAAZAAAADAAAAACAAAAAAAAAAAAAAABAAAAAAAAAAoAAAAFbmFtZTIAAAAAAAABAAAABDU2NzgAAAAAAAAAAS6Z+xkAAABAjxgnTRBCa0n1efZocxpEjXeITQ5sEYTVd9fowuto2kPw5eFwgVnz6OrKJwCRt5L8ylmWiATXVI3Zyfi3yTKqBA==', 'AAAAAAAAAGQAAAAAAAAAAQAAAAAAAAAKAAAAAAAAAAA=', 'AAAAAAAAAAEAAAADAAAAAAAAADEAAAADAAAAADEhMVDHiYXdz5z8l73XGyrQ2RN85ZRW1uLsCNQumfsZAAAABW5hbWUyAAAAAAAABDU2NzgAAAAAAAAAAAAAAAMAAAAxAAAAAAAAAAAxITFQx4mF3c+c/Je91xsq0NkTfOWUVtbi7AjULpn7GQAAAAJUC+LUAAAAMAAAAAMAAAABAAAAAAAAAAAAAAAAAQAAAAAAAAAAAAAAAAAAAAAAAAEAAAAxAAAAAAAAAAAxITFQx4mF3c+c/Je91xsq0NkTfOWUVtbi7AjULpn7GQAAAAJUC+LUAAAAMAAAAAMAAAACAAAAAAAAAAAAAAAAAQAAAAAAAAAAAAAAAAAAAA==', 'AAAAAgAAAAMAAAAxAAAAAAAAAAAxITFQx4mF3c+c/Je91xsq0NkTfOWUVtbi7AjULpn7GQAAAAJUC+OcAAAAMAAAAAEAAAAAAAAAAAAAAAAAAAAAAQAAAAAAAAAAAAAAAAAAAAAAAAEAAAAxAAAAAAAAAAAxITFQx4mF3c+c/Je91xsq0NkTfOWUVtbi7AjULpn7GQAAAAJUC+M4AAAAMAAAAAIAAAAAAAAAAAAAAAAAAAAAAQAAAAAAAAAAAAAAAAAAAA==', '{jxgnTRBCa0n1efZocxpEjXeITQ5sEYTVd9fowuto2kPw5eFwgVnz6OrKJwCRt5L8ylmWiATXVI3Zyfi3yTKqBA==}', 'none', NULL, NULL);
INSERT INTO history_transactions VALUES ('48415cd0fda9bc9aeb1f0b419bfb2997f7a2aa1b1ef2e51a0602c61104fc23cc', 49, 3, 'GAYSCMKQY6EYLXOPTT6JPPOXDMVNBWITPTSZIVWW4LWARVBOTH5RTLAD', 206158430211, 100, 1, '2018-02-13 23:42:36.472962', '2018-02-13 23:42:36.472962', 210453409792, 'AAAAADEhMVDHiYXdz5z8l73XGyrQ2RN85ZRW1uLsCNQumfsZAAAAZAAAADAAAAADAAAAAAAAAAAAAAABAAAAAAAAAAoAAAAFbmFtZSAAAAAAAAABAAAAD2l0cyBnb3Qgc3BhY2VzIQAAAAAAAAAAAS6Z+xkAAABANmYginYhX+6VAsl1JumfxkB57y2LHraWDUkR+KDxWW8l5pfTViLxx7J85KrOV0qNCY4RfasgqxF0FC3ErYceCQ==', 'AAAAAAAAAGQAAAAAAAAAAQAAAAAAAAAKAAAAAAAAAAA=', 'AAAAAAAAAAEAAAADAAAAAAAAADEAAAADAAAAADEhMVDHiYXdz5z8l73XGyrQ2RN85ZRW1uLsCNQumfsZAAAABW5hbWUgAAAAAAAAD2l0cyBnb3Qgc3BhY2VzIQAAAAAAAAAAAAAAAAMAAAAxAAAAAAAAAAAxITFQx4mF3c+c/Je91xsq0NkTfOWUVtbi7AjULpn7GQAAAAJUC+LUAAAAMAAAAAMAAAACAAAAAAAAAAAAAAAAAQAAAAAAAAAAAAAAAAAAAAAAAAEAAAAxAAAAAAAAAAAxITFQx4mF3c+c/Je91xsq0NkTfOWUVtbi7AjULpn7GQAAAAJUC+LUAAAAMAAAAAMAAAADAAAAAAAAAAAAAAAAAQAAAAAAAAAAAAAAAAAAAA==', 'AAAAAgAAAAMAAAAxAAAAAAAAAAAxITFQx4mF3c+c/Je91xsq0NkTfOWUVtbi7AjULpn7GQAAAAJUC+M4AAAAMAAAAAIAAAAAAAAAAAAAAAAAAAAAAQAAAAAAAAAAAAAAAAAAAAAAAAEAAAAxAAAAAAAAAAAxITFQx4mF3c+c/Je91xsq0NkTfOWUVtbi7AjULpn7GQAAAAJUC+LUAAAAMAAAAAMAAAAAAAAAAAAAAAAAAAAAAQAAAAAAAAAAAAAAAAAAAA==', '{NmYginYhX+6VAsl1JumfxkB57y2LHraWDUkR+KDxWW8l5pfTViLxx7J85KrOV0qNCY4RfasgqxF0FC3ErYceCQ==}', 'none', NULL, NULL);
INSERT INTO history_transactions VALUES ('616c609047ef8f9ca908a47a47aa4bb018449c569549ad2ca60590aab74267e8', 50, 1, 'GAYSCMKQY6EYLXOPTT6JPPOXDMVNBWITPTSZIVWW4LWARVBOTH5RTLAD', 206158430212, 100, 1, '2018-02-13 23:42:36.476993', '2018-02-13 23:42:36.476993', 214748368896, 'AAAAADEhMVDHiYXdz5z8l73XGyrQ2RN85ZRW1uLsCNQumfsZAAAAZAAAADAAAAAEAAAAAAAAAAAAAAABAAAAAAAAAAoAAAAFbmFtZTIAAAAAAAAAAAAAAAAAAAEumfsZAAAAQAYRZNPhJCTwjJgAJ9beE3ZO/H3kYJhYmV1pCmy7c8Zr2sKdKOmaLn4fmA5qaL+lQMKwOShtjwkZ8JHxPUd8GAk=', 'AAAAAAAAAGQAAAAAAAAAAQAAAAAAAAAKAAAAAAAAAAA=', 'AAAAAAAAAAEAAAAEAAAAAwAAADIAAAAAAAAAADEhMVDHiYXdz5z8l73XGyrQ2RN85ZRW1uLsCNQumfsZAAAAAlQL4nAAAAAwAAAABAAAAAMAAAAAAAAAAAAAAAABAAAAAAAAAAAAAAAAAAAAAAAAAQAAADIAAAAAAAAAADEhMVDHiYXdz5z8l73XGyrQ2RN85ZRW1uLsCNQumfsZAAAAAlQL4nAAAAAwAAAABAAAAAIAAAAAAAAAAAAAAAABAAAAAAAAAAAAAAAAAAAAAAAAAwAAADEAAAADAAAAADEhMVDHiYXdz5z8l73XGyrQ2RN85ZRW1uLsCNQumfsZAAAABW5hbWUyAAAAAAAABDU2NzgAAAAAAAAAAAAAAAIAAAADAAAAADEhMVDHiYXdz5z8l73XGyrQ2RN85ZRW1uLsCNQumfsZAAAABW5hbWUyAAAA', 'AAAAAgAAAAMAAAAxAAAAAAAAAAAxITFQx4mF3c+c/Je91xsq0NkTfOWUVtbi7AjULpn7GQAAAAJUC+LUAAAAMAAAAAMAAAADAAAAAAAAAAAAAAAAAQAAAAAAAAAAAAAAAAAAAAAAAAEAAAAyAAAAAAAAAAAxITFQx4mF3c+c/Je91xsq0NkTfOWUVtbi7AjULpn7GQAAAAJUC+JwAAAAMAAAAAQAAAADAAAAAAAAAAAAAAAAAQAAAAAAAAAAAAAAAAAAAA==', '{BhFk0+EkJPCMmAAn1t4Tdk78feRgmFiZXWkKbLtzxmvawp0o6Zoufh+YDmpov6VAwrA5KG2PCRnwkfE9R3wYCQ==}', 'none', NULL, NULL);
INSERT INTO history_transactions VALUES ('1d7833c4faab08e62609acf3714d1babe27621a2b328edf37465e99aaf389cab', 51, 1, 'GAYSCMKQY6EYLXOPTT6JPPOXDMVNBWITPTSZIVWW4LWARVBOTH5RTLAD', 206158430213, 100, 1, '2018-02-13 23:42:36.48106', '2018-02-13 23:42:36.48106', 219043336192, 'AAAAADEhMVDHiYXdz5z8l73XGyrQ2RN85ZRW1uLsCNQumfsZAAAAZAAAADAAAAAFAAAAAAAAAAAAAAABAAAAAAAAAAoAAAAFbmFtZTEAAAAAAAABAAAABDEyMzQAAAAAAAAAAS6Z+xkAAABAIW4yrFdk66fgDDir7YFATEd2llOubzx/iaJcM2wkF3ouqJQN+Aziy2rVtK5AoyphokiwsYXvHS6UF9MhdnUADQ==', 'AAAAAAAAAGQAAAAAAAAAAQAAAAAAAAAKAAAAAAAAAAA=', 'AAAAAAAAAAEAAAACAAAAAwAAADEAAAADAAAAADEhMVDHiYXdz5z8l73XGyrQ2RN85ZRW1uLsCNQumfsZAAAABW5hbWUxAAAAAAAABDEyMzQAAAAAAAAAAAAAAAEAAAAzAAAAAwAAAAAxITFQx4mF3c+c/Je91xsq0NkTfOWUVtbi7AjULpn7GQAAAAVuYW1lMQAAAAAAAAQxMjM0AAAAAAAAAAA=', 'AAAAAgAAAAMAAAAyAAAAAAAAAAAxITFQx4mF3c+c/Je91xsq0NkTfOWUVtbi7AjULpn7GQAAAAJUC+JwAAAAMAAAAAQAAAACAAAAAAAAAAAAAAAAAQAAAAAAAAAAAAAAAAAAAAAAAAEAAAAzAAAAAAAAAAAxITFQx4mF3c+c/Je91xsq0NkTfOWUVtbi7AjULpn7GQAAAAJUC+IMAAAAMAAAAAUAAAACAAAAAAAAAAAAAAAAAQAAAAAAAAAAAAAAAAAAAA==', '{IW4yrFdk66fgDDir7YFATEd2llOubzx/iaJcM2wkF3ouqJQN+Aziy2rVtK5AoyphokiwsYXvHS6UF9MhdnUADQ==}', 'none', NULL, NULL);
INSERT INTO history_transactions VALUES ('c8a28fb25d4784f37a7a078e1feef0eb30ca64e994734625ac4ea067cc621464', 52, 1, 'GAYSCMKQY6EYLXOPTT6JPPOXDMVNBWITPTSZIVWW4LWARVBOTH5RTLAD', 206158430214, 100, 1, '2018-02-13 23:42:36.485334', '2018-02-13 23:42:36.485334', 223338303488, 'AAAAADEhMVDHiYXdz5z8l73XGyrQ2RN85ZRW1uLsCNQumfsZAAAAZAAAADAAAAAGAAAAAAAAAAAAAAABAAAAAAAAAAoAAAAFbmFtZTEAAAAAAAABAAAABDAwMDAAAAAAAAAAAS6Z+xkAAABA3ExJNH79wGSRYZerPP1zMYlepMsuhoJF5vHn2gCsHmDpWfgO8VKC3BRImO+ne9spUXlVHMjEuhOHoPhl1hrMCg==', 'AAAAAAAAAGQAAAAAAAAAAQAAAAAAAAAKAAAAAAAAAAA=', 'AAAAAAAAAAEAAAACAAAAAwAAADMAAAADAAAAADEhMVDHiYXdz5z8l73XGyrQ2RN85ZRW1uLsCNQumfsZAAAABW5hbWUxAAAAAAAABDEyMzQAAAAAAAAAAAAAAAEAAAA0AAAAAwAAAAAxITFQx4mF3c+c/Je91xsq0NkTfOWUVtbi7AjULpn7GQAAAAVuYW1lMQAAAAAAAAQwMDAwAAAAAAAAAAA=', 'AAAAAgAAAAMAAAAzAAAAAAAAAAAxITFQx4mF3c+c/Je91xsq0NkTfOWUVtbi7AjULpn7GQAAAAJUC+IMAAAAMAAAAAUAAAACAAAAAAAAAAAAAAAAAQAAAAAAAAAAAAAAAAAAAAAAAAEAAAA0AAAAAAAAAAAxITFQx4mF3c+c/Je91xsq0NkTfOWUVtbi7AjULpn7GQAAAAJUC+GoAAAAMAAAAAYAAAACAAAAAAAAAAAAAAAAAQAAAAAAAAAAAAAAAAAAAA==', '{3ExJNH79wGSRYZerPP1zMYlepMsuhoJF5vHn2gCsHmDpWfgO8VKC3BRImO+ne9spUXlVHMjEuhOHoPhl1hrMCg==}', 'none', NULL, NULL);
INSERT INTO history_transactions VALUES ('df5f0e8b3b533dd9cda0ff7540bef3e9e19369060f8a4b0414b0e3c1b4315b1c', 53, 1, 'GBRPYHIL2CI3FNQ4BXLFMNDLFJUNPU2HY3ZMFSHONUCEOASW7QC7OX2H', 23, 100, 1, '2018-02-13 23:42:36.489411', '2018-02-13 23:42:36.489411', 227633270784, 'AAAAAGL8HQvQkbK2HA3WVjRrKmjX00fG8sLI7m0ERwJW/AX3AAAAZAAAAAAAAAAXAAAAAAAAAAAAAAABAAAAAAAAAAAAAAAABJeTmKR1qr+CZoIyjAfGxrIXZ/tI1VId2OfZkRowDz4AAAACVAvkAAAAAAAAAAABVvwF9wAAAEDyHwhW9GXQVXG1qibbeqSjxYzhv5IC08K2vSkxzYTwJykvQ8l0+e4M4h2guoK89s8HUfIqIOzDmoGsNTaLcYUG', 'AAAAAAAAAGQAAAAAAAAAAQAAAAAAAAAAAAAAAAAAAAA=', 'AAAAAAAAAAEAAAADAAAAAAAAADUAAAAAAAAAAASXk5ikdaq/gmaCMowHxsayF2f7SNVSHdjn2ZEaMA8+AAAAAlQL5AAAAAA1AAAAAAAAAAAAAAAAAAAAAAAAAAABAAAAAAAAAAAAAAAAAAAAAAAAAwAAADUAAAAAAAAAAGL8HQvQkbK2HA3WVjRrKmjX00fG8sLI7m0ERwJW/AX3Cxq2XZ3uOvwAAAAAAAAAFwAAAAAAAAABAAAAAGL8HQvQkbK2HA3WVjRrKmjX00fG8sLI7m0ERwJW/AX3AAAAAAAAAAABAAAAAAAAAAAAAAAAAAAAAAAAAQAAADUAAAAAAAAAAGL8HQvQkbK2HA3WVjRrKmjX00fG8sLI7m0ERwJW/AX3Cxq2W0niVvwAAAAAAAAAFwAAAAAAAAABAAAAAGL8HQvQkbK2HA3WVjRrKmjX00fG8sLI7m0ERwJW/AX3AAAAAAAAAAABAAAAAAAAAAAAAAAAAAAA', 'AAAAAgAAAAMAAAAwAAAAAAAAAABi/B0L0JGythwN1lY0aypo19NHxvLCyO5tBEcCVvwF9wsatl2d7jtgAAAAAAAAABYAAAAAAAAAAQAAAABi/B0L0JGythwN1lY0aypo19NHxvLCyO5tBEcCVvwF9wAAAAAAAAAAAQAAAAAAAAAAAAAAAAAAAAAAAAEAAAA1AAAAAAAAAABi/B0L0JGythwN1lY0aypo19NHxvLCyO5tBEcCVvwF9wsatl2d7jr8AAAAAAAAABcAAAAAAAAAAQAAAABi/B0L0JGythwN1lY0aypo19NHxvLCyO5tBEcCVvwF9wAAAAAAAAAAAQAAAAAAAAAAAAAAAAAAAA==', '{8h8IVvRl0FVxtaom23qko8WM4b+SAtPCtr0pMc2E8CcpL0PJdPnuDOIdoLqCvPbPB1HyKiDsw5qBrDU2i3GFBg==}', 'none', NULL, NULL);
INSERT INTO history_transactions VALUES ('85bbd2b558563518a38e9b749bd4b8ced60b9fbbb7a6b283e15ae98548302ac4', 54, 1, 'GBRPYHIL2CI3FNQ4BXLFMNDLFJUNPU2HY3ZMFSHONUCEOASW7QC7OX2H', 24, 200, 2, '2018-02-13 23:42:36.494432', '2018-02-13 23:42:36.494432', 231928238080, 'AAAAAGL8HQvQkbK2HA3WVjRrKmjX00fG8sLI7m0ERwJW/AX3AAAAyAAAAAAAAAAYAAAAAAAAAAAAAAACAAAAAAAAAAEAAAAABJeTmKR1qr+CZoIyjAfGxrIXZ/tI1VId2OfZkRowDz4AAAAAAAAAAAX14QAAAAABAAAAAASXk5ikdaq/gmaCMowHxsayF2f7SNVSHdjn2ZEaMA8+AAAAAQAAAABi/B0L0JGythwN1lY0aypo19NHxvLCyO5tBEcCVvwF9wAAAAAAAAAABfXhAAAAAAAAAAACVvwF9wAAAEDRRWwMrdLrhnl+FIP+71tTHB5rlzCsPVyGnR3scvID9NmIL3LZEo992uTvDI9QLys5bC2yRc3WYR0vFiZRs40IGjAPPgAAAEDXbXWVdzmN6NWBjYU5OvB33WTUaa2wDZX3RmFTZQQ/+7JvPdblMtNCxo8IOYePQg90RajV9rB+k8P+SEpPHCUH', 'AAAAAAAAAMgAAAAAAAAAAgAAAAAAAAABAAAAAAAAAAAAAAABAAAAAAAAAAA=', 'AAAAAAAAAAIAAAAEAAAAAwAAADUAAAAAAAAAAASXk5ikdaq/gmaCMowHxsayF2f7SNVSHdjn2ZEaMA8+AAAAAlQL5AAAAAA1AAAAAAAAAAAAAAAAAAAAAAAAAAABAAAAAAAAAAAAAAAAAAAAAAAAAQAAADYAAAAAAAAAAASXk5ikdaq/gmaCMowHxsayF2f7SNVSHdjn2ZEaMA8+AAAAAloBxQAAAAA1AAAAAAAAAAAAAAAAAAAAAAAAAAABAAAAAAAAAAAAAAAAAAAAAAAAAwAAADYAAAAAAAAAAGL8HQvQkbK2HA3WVjRrKmjX00fG8sLI7m0ERwJW/AX3Cxq2W0niVjQAAAAAAAAAGAAAAAAAAAABAAAAAGL8HQvQkbK2HA3WVjRrKmjX00fG8sLI7m0ERwJW/AX3AAAAAAAAAAABAAAAAAAAAAAAAAAAAAAAAAAAAQAAADYAAAAAAAAAAGL8HQvQkbK2HA3WVjRrKmjX00fG8sLI7m0ERwJW/AX3Cxq2W0PsdTQAAAAAAAAAGAAAAAAAAAABAAAAAGL8HQvQkbK2HA3WVjRrKmjX00fG8sLI7m0ERwJW/AX3AAAAAAAAAAABAAAAAAAAAAAAAAAAAAAAAAAABAAAAAMAAAA2AAAAAAAAAAAEl5OYpHWqv4JmgjKMB8bGshdn+0jVUh3Y59mRGjAPPgAAAAJaAcUAAAAANQAAAAAAAAAAAAAAAAAAAAAAAAAAAQAAAAAAAAAAAAAAAAAAAAAAAAEAAAA2AAAAAAAAAAAEl5OYpHWqv4JmgjKMB8bGshdn+0jVUh3Y59mRGjAPPgAAAAJUC+QAAAAANQAAAAAAAAAAAAAAAAAAAAAAAAAAAQAAAAAAAAAAAAAAAAAAAAAAAAMAAAA2AAAAAAAAAABi/B0L0JGythwN1lY0aypo19NHxvLCyO5tBEcCVvwF9wsatltD7HU0AAAAAAAAABgAAAAAAAAAAQAAAABi/B0L0JGythwN1lY0aypo19NHxvLCyO5tBEcCVvwF9wAAAAAAAAAAAQAAAAAAAAAAAAAAAAAAAAAAAAEAAAA2AAAAAAAAAABi/B0L0JGythwN1lY0aypo19NHxvLCyO5tBEcCVvwF9wsatltJ4lY0AAAAAAAAABgAAAAAAAAAAQAAAABi/B0L0JGythwN1lY0aypo19NHxvLCyO5tBEcCVvwF9wAAAAAAAAAAAQAAAAAAAAAAAAAAAAAAAA==', 'AAAAAgAAAAMAAAA1AAAAAAAAAABi/B0L0JGythwN1lY0aypo19NHxvLCyO5tBEcCVvwF9wsatltJ4lb8AAAAAAAAABcAAAAAAAAAAQAAAABi/B0L0JGythwN1lY0aypo19NHxvLCyO5tBEcCVvwF9wAAAAAAAAAAAQAAAAAAAAAAAAAAAAAAAAAAAAEAAAA2AAAAAAAAAABi/B0L0JGythwN1lY0aypo19NHxvLCyO5tBEcCVvwF9wsatltJ4lY0AAAAAAAAABgAAAAAAAAAAQAAAABi/B0L0JGythwN1lY0aypo19NHxvLCyO5tBEcCVvwF9wAAAAAAAAAAAQAAAAAAAAAAAAAAAAAAAA==', '{0UVsDK3S64Z5fhSD/u9bUxwea5cwrD1chp0d7HLyA/TZiC9y2RKPfdrk7wyPUC8rOWwtskXN1mEdLxYmUbONCA==,1211lXc5jejVgY2FOTrwd91k1GmtsA2V90ZhU2UEP/uybz3W5TLTQsaPCDmHj0IPdEWo1fawfpPD/khKTxwlBw==}', 'none', NULL, NULL);
INSERT INTO history_transactions VALUES ('5bbbedfb52efd1d5d973e22540044a27b8115772314293e3ba8b1fb12e63ca2e', 55, 1, 'GBRPYHIL2CI3FNQ4BXLFMNDLFJUNPU2HY3ZMFSHONUCEOASW7QC7OX2H', 25, 100, 1, '2018-02-13 23:42:36.500278', '2018-02-13 23:42:36.500278', 236223205376, 'AAAAAGL8HQvQkbK2HA3WVjRrKmjX00fG8sLI7m0ERwJW/AX3AAAAZAAAAAAAAAAZAAAAAAAAAAAAAAABAAAAAAAAAAAAAAAAGlyOIRNnS6HDEkmGAE9gpZJUnLZNnYsjzt+pXVxR/9QAAAACVAvkAAAAAAAAAAABVvwF9wAAAEBCMMjX9xO3XKpQ6uS/U1BqdzRhSBYQ35ivmZxPBgfqQsTDma1BzOsq/bmHJ4P+fkYJRJUdZZazXJM2i4mF7nUH', 'AAAAAAAAAGQAAAAAAAAAAQAAAAAAAAAAAAAAAAAAAAA=', 'AAAAAAAAAAEAAAADAAAAAAAAADcAAAAAAAAAABpcjiETZ0uhwxJJhgBPYKWSVJy2TZ2LI87fqV1cUf/UAAAAAlQL5AAAAAA3AAAAAAAAAAAAAAAAAAAAAAAAAAABAAAAAAAAAAAAAAAAAAAAAAAAAwAAADcAAAAAAAAAAGL8HQvQkbK2HA3WVjRrKmjX00fG8sLI7m0ERwJW/AX3Cxq2W0niVdAAAAAAAAAAGQAAAAAAAAABAAAAAGL8HQvQkbK2HA3WVjRrKmjX00fG8sLI7m0ERwJW/AX3AAAAAAAAAAABAAAAAAAAAAAAAAAAAAAAAAAAAQAAADcAAAAAAAAAAGL8HQvQkbK2HA3WVjRrKmjX00fG8sLI7m0ERwJW/AX3Cxq2WPXWcdAAAAAAAAAAGQAAAAAAAAABAAAAAGL8HQvQkbK2HA3WVjRrKmjX00fG8sLI7m0ERwJW/AX3AAAAAAAAAAABAAAAAAAAAAAAAAAAAAAA', 'AAAAAgAAAAMAAAA2AAAAAAAAAABi/B0L0JGythwN1lY0aypo19NHxvLCyO5tBEcCVvwF9wsatltJ4lY0AAAAAAAAABgAAAAAAAAAAQAAAABi/B0L0JGythwN1lY0aypo19NHxvLCyO5tBEcCVvwF9wAAAAAAAAAAAQAAAAAAAAAAAAAAAAAAAAAAAAEAAAA3AAAAAAAAAABi/B0L0JGythwN1lY0aypo19NHxvLCyO5tBEcCVvwF9wsatltJ4lXQAAAAAAAAABkAAAAAAAAAAQAAAABi/B0L0JGythwN1lY0aypo19NHxvLCyO5tBEcCVvwF9wAAAAAAAAAAAQAAAAAAAAAAAAAAAAAAAA==', '{QjDI1/cTt1yqUOrkv1NQanc0YUgWEN+Yr5mcTwYH6kLEw5mtQczrKv25hyeD/n5GCUSVHWWWs1yTNouJhe51Bw==}', 'none', NULL, NULL);
INSERT INTO history_transactions VALUES ('2a805712c6d10f9e74bb0ccf54ae92a2b4b1e586451fe8133a2433816f6b567c', 56, 1, 'GANFZDRBCNTUXIODCJEYMACPMCSZEVE4WZGZ3CZDZ3P2SXK4KH75IK6Y', 236223201281, 100, 1, '2018-02-13 23:42:36.505059', '2018-02-13 23:42:36.505059', 240518172672, 'AAAAABpcjiETZ0uhwxJJhgBPYKWSVJy2TZ2LI87fqV1cUf/UAAAAZAAAADcAAAABAAAAAAAAAAAAAAABAAAAAAAAAAEAAAAAGlyOIRNnS6HDEkmGAE9gpZJUnLZNnYsjzt+pXVxR/9QAAAAAAAAAAAX14QAAAAAAAAAAAVxR/9QAAABAK6pcXYMzAEmH08CZ1LWmvtNDKauhx+OImtP/Lk4hVTMJRVBOebVs5WEPj9iSrgGT0EswuDCZ2i5AEzwgGof9Ag==', 'AAAAAAAAAGQAAAAAAAAAAQAAAAAAAAABAAAAAAAAAAA=', 'AAAAAAAAAAEAAAAA', 'AAAAAgAAAAMAAAA3AAAAAAAAAAAaXI4hE2dLocMSSYYAT2ClklSctk2diyPO36ldXFH/1AAAAAJUC+QAAAAANwAAAAAAAAAAAAAAAAAAAAAAAAAAAQAAAAAAAAAAAAAAAAAAAAAAAAEAAAA4AAAAAAAAAAAaXI4hE2dLocMSSYYAT2ClklSctk2diyPO36ldXFH/1AAAAAJUC+OcAAAANwAAAAEAAAAAAAAAAAAAAAAAAAAAAQAAAAAAAAAAAAAAAAAAAA==', '{K6pcXYMzAEmH08CZ1LWmvtNDKauhx+OImtP/Lk4hVTMJRVBOebVs5WEPj9iSrgGT0EswuDCZ2i5AEzwgGof9Ag==}', 'none', NULL, NULL);


--
-- Name: asset_stats asset_stats_pkey; Type: CONSTRAINT; Schema: public; Owner: -
--

ALTER TABLE ONLY asset_stats
    ADD CONSTRAINT asset_stats_pkey PRIMARY KEY (id);


--
-- Name: gorp_migrations gorp_migrations_pkey; Type: CONSTRAINT; Schema: public; Owner: -
--

ALTER TABLE ONLY gorp_migrations
    ADD CONSTRAINT gorp_migrations_pkey PRIMARY KEY (id);


--
-- Name: history_assets history_assets_asset_code_asset_type_asset_issuer_key; Type: CONSTRAINT; Schema: public; Owner: -
--

ALTER TABLE ONLY history_assets
    ADD CONSTRAINT history_assets_asset_code_asset_type_asset_issuer_key UNIQUE (asset_code, asset_type, asset_issuer);


--
-- Name: history_assets history_assets_pkey; Type: CONSTRAINT; Schema: public; Owner: -
--

ALTER TABLE ONLY history_assets
    ADD CONSTRAINT history_assets_pkey PRIMARY KEY (id);


--
-- Name: history_operation_participants history_operation_participants_pkey; Type: CONSTRAINT; Schema: public; Owner: -
--

ALTER TABLE ONLY history_operation_participants
    ADD CONSTRAINT history_operation_participants_pkey PRIMARY KEY (id);


--
-- Name: history_transaction_participants history_transaction_participants_pkey; Type: CONSTRAINT; Schema: public; Owner: -
--

ALTER TABLE ONLY history_transaction_participants
    ADD CONSTRAINT history_transaction_participants_pkey PRIMARY KEY (id);


--
-- Name: asset_by_code; Type: INDEX; Schema: public; Owner: -
--

CREATE INDEX asset_by_code ON history_assets USING btree (asset_code);


--
-- Name: asset_by_issuer; Type: INDEX; Schema: public; Owner: -
--

CREATE INDEX asset_by_issuer ON history_assets USING btree (asset_issuer);


--
-- Name: by_account; Type: INDEX; Schema: public; Owner: -
--

CREATE INDEX by_account ON history_transactions USING btree (account, account_sequence);


--
-- Name: by_hash; Type: INDEX; Schema: public; Owner: -
--

CREATE INDEX by_hash ON history_transactions USING btree (transaction_hash);


--
-- Name: by_ledger; Type: INDEX; Schema: public; Owner: -
--

CREATE INDEX by_ledger ON history_transactions USING btree (ledger_sequence, application_order);


--
-- Name: hist_e_by_order; Type: INDEX; Schema: public; Owner: -
--

CREATE UNIQUE INDEX hist_e_by_order ON history_effects USING btree (history_operation_id, "order");


--
-- Name: hist_e_id; Type: INDEX; Schema: public; Owner: -
--

CREATE UNIQUE INDEX hist_e_id ON history_effects USING btree (history_account_id, history_operation_id, "order");


--
-- Name: hist_op_p_id; Type: INDEX; Schema: public; Owner: -
--

CREATE UNIQUE INDEX hist_op_p_id ON history_operation_participants USING btree (history_account_id, history_operation_id);


--
-- Name: hist_tx_p_id; Type: INDEX; Schema: public; Owner: -
--

CREATE UNIQUE INDEX hist_tx_p_id ON history_transaction_participants USING btree (history_account_id, history_transaction_id);


--
-- Name: hop_by_hoid; Type: INDEX; Schema: public; Owner: -
--

CREATE INDEX hop_by_hoid ON history_operation_participants USING btree (history_operation_id);


--
-- Name: hs_ledger_by_id; Type: INDEX; Schema: public; Owner: -
--

CREATE UNIQUE INDEX hs_ledger_by_id ON history_ledgers USING btree (id);


--
-- Name: hs_transaction_by_id; Type: INDEX; Schema: public; Owner: -
--

CREATE UNIQUE INDEX hs_transaction_by_id ON history_transactions USING btree (id);


--
-- Name: htp_by_htid; Type: INDEX; Schema: public; Owner: -
--

CREATE INDEX htp_by_htid ON history_transaction_participants USING btree (history_transaction_id);


--
-- Name: htrd_by_offer; Type: INDEX; Schema: public; Owner: -
--

CREATE INDEX htrd_by_offer ON history_trades USING btree (offer_id);


--
-- Name: htrd_counter_lookup; Type: INDEX; Schema: public; Owner: -
--

CREATE INDEX htrd_counter_lookup ON history_trades USING btree (counter_asset_id);


--
-- Name: htrd_pair_time_lookup; Type: INDEX; Schema: public; Owner: -
--

CREATE INDEX htrd_pair_time_lookup ON history_trades USING btree (base_asset_id, counter_asset_id, ledger_closed_at);


--
-- Name: htrd_pid; Type: INDEX; Schema: public; Owner: -
--

CREATE UNIQUE INDEX htrd_pid ON history_trades USING btree (history_operation_id, "order");


--
-- Name: htrd_time_lookup; Type: INDEX; Schema: public; Owner: -
--

CREATE INDEX htrd_time_lookup ON history_trades USING btree (ledger_closed_at);


--
-- Name: index_history_accounts_on_address; Type: INDEX; Schema: public; Owner: -
--

CREATE UNIQUE INDEX index_history_accounts_on_address ON history_accounts USING btree (address);


--
-- Name: index_history_accounts_on_id; Type: INDEX; Schema: public; Owner: -
--

CREATE UNIQUE INDEX index_history_accounts_on_id ON history_accounts USING btree (id);


--
-- Name: index_history_effects_on_type; Type: INDEX; Schema: public; Owner: -
--

CREATE INDEX index_history_effects_on_type ON history_effects USING btree (type);


--
-- Name: index_history_ledgers_on_closed_at; Type: INDEX; Schema: public; Owner: -
--

CREATE INDEX index_history_ledgers_on_closed_at ON history_ledgers USING btree (closed_at);


--
-- Name: index_history_ledgers_on_id; Type: INDEX; Schema: public; Owner: -
--

CREATE UNIQUE INDEX index_history_ledgers_on_id ON history_ledgers USING btree (id);


--
-- Name: index_history_ledgers_on_importer_version; Type: INDEX; Schema: public; Owner: -
--

CREATE INDEX index_history_ledgers_on_importer_version ON history_ledgers USING btree (importer_version);


--
-- Name: index_history_ledgers_on_ledger_hash; Type: INDEX; Schema: public; Owner: -
--

CREATE UNIQUE INDEX index_history_ledgers_on_ledger_hash ON history_ledgers USING btree (ledger_hash);


--
-- Name: index_history_ledgers_on_previous_ledger_hash; Type: INDEX; Schema: public; Owner: -
--

CREATE UNIQUE INDEX index_history_ledgers_on_previous_ledger_hash ON history_ledgers USING btree (previous_ledger_hash);


--
-- Name: index_history_ledgers_on_sequence; Type: INDEX; Schema: public; Owner: -
--

CREATE UNIQUE INDEX index_history_ledgers_on_sequence ON history_ledgers USING btree (sequence);


--
-- Name: index_history_operations_on_id; Type: INDEX; Schema: public; Owner: -
--

CREATE UNIQUE INDEX index_history_operations_on_id ON history_operations USING btree (id);


--
-- Name: index_history_operations_on_transaction_id; Type: INDEX; Schema: public; Owner: -
--

CREATE INDEX index_history_operations_on_transaction_id ON history_operations USING btree (transaction_id);


--
-- Name: index_history_operations_on_type; Type: INDEX; Schema: public; Owner: -
--

CREATE INDEX index_history_operations_on_type ON history_operations USING btree (type);


--
-- Name: index_history_transactions_on_id; Type: INDEX; Schema: public; Owner: -
--

CREATE UNIQUE INDEX index_history_transactions_on_id ON history_transactions USING btree (id);


--
-- Name: trade_effects_by_order_book; Type: INDEX; Schema: public; Owner: -
--

CREATE INDEX trade_effects_by_order_book ON history_effects USING btree (((details ->> 'sold_asset_type'::text)), ((details ->> 'sold_asset_code'::text)), ((details ->> 'sold_asset_issuer'::text)), ((details ->> 'bought_asset_type'::text)), ((details ->> 'bought_asset_code'::text)), ((details ->> 'bought_asset_issuer'::text))) WHERE (type = 33);


--
-- Name: asset_stats asset_stats_id_fkey; Type: FK CONSTRAINT; Schema: public; Owner: -
--

ALTER TABLE ONLY asset_stats
    ADD CONSTRAINT asset_stats_id_fkey FOREIGN KEY (id) REFERENCES history_assets(id) ON UPDATE RESTRICT ON DELETE CASCADE;


--
-- Name: history_trades history_trades_base_account_id_fkey; Type: FK CONSTRAINT; Schema: public; Owner: -
--

ALTER TABLE ONLY history_trades
    ADD CONSTRAINT history_trades_base_account_id_fkey FOREIGN KEY (base_account_id) REFERENCES history_accounts(id);


--
-- Name: history_trades history_trades_base_asset_id_fkey; Type: FK CONSTRAINT; Schema: public; Owner: -
--

ALTER TABLE ONLY history_trades
    ADD CONSTRAINT history_trades_base_asset_id_fkey FOREIGN KEY (base_asset_id) REFERENCES history_assets(id);


--
-- Name: history_trades history_trades_counter_account_id_fkey; Type: FK CONSTRAINT; Schema: public; Owner: -
--

ALTER TABLE ONLY history_trades
    ADD CONSTRAINT history_trades_counter_account_id_fkey FOREIGN KEY (counter_account_id) REFERENCES history_accounts(id);


--
-- Name: history_trades history_trades_counter_asset_id_fkey; Type: FK CONSTRAINT; Schema: public; Owner: -
--

ALTER TABLE ONLY history_trades
    ADD CONSTRAINT history_trades_counter_asset_id_fkey FOREIGN KEY (counter_asset_id) REFERENCES history_assets(id);


--
-- PostgreSQL database dump complete
--

