running recipe
recipe finished, closing ledger
ledger closed
--
-- PostgreSQL database dump
--

-- Dumped from database version 9.6.1
-- Dumped by pg_dump version 9.6.1

SET statement_timeout = 0;
SET lock_timeout = 0;
SET idle_in_transaction_session_timeout = 0;
SET client_encoding = 'UTF8';
SET standard_conforming_strings = on;
SET check_function_bodies = false;
SET client_min_messages = warning;
SET row_security = off;

SET search_path = public, pg_catalog;

DROP INDEX IF EXISTS public.upgradehistbyseq;
DROP INDEX IF EXISTS public.signersaccount;
DROP INDEX IF EXISTS public.sellingissuerindex;
DROP INDEX IF EXISTS public.scpquorumsbyseq;
DROP INDEX IF EXISTS public.scpenvsbyseq;
DROP INDEX IF EXISTS public.priceindex;
DROP INDEX IF EXISTS public.ledgersbyseq;
DROP INDEX IF EXISTS public.histfeebyseq;
DROP INDEX IF EXISTS public.histbyseq;
DROP INDEX IF EXISTS public.buyingissuerindex;
DROP INDEX IF EXISTS public.accountbalances;
ALTER TABLE IF EXISTS ONLY public.upgradehistory DROP CONSTRAINT IF EXISTS upgradehistory_pkey;
ALTER TABLE IF EXISTS ONLY public.txhistory DROP CONSTRAINT IF EXISTS txhistory_pkey;
ALTER TABLE IF EXISTS ONLY public.txfeehistory DROP CONSTRAINT IF EXISTS txfeehistory_pkey;
ALTER TABLE IF EXISTS ONLY public.trustlines DROP CONSTRAINT IF EXISTS trustlines_pkey;
ALTER TABLE IF EXISTS ONLY public.storestate DROP CONSTRAINT IF EXISTS storestate_pkey;
ALTER TABLE IF EXISTS ONLY public.signers DROP CONSTRAINT IF EXISTS signers_pkey;
ALTER TABLE IF EXISTS ONLY public.scpquorums DROP CONSTRAINT IF EXISTS scpquorums_pkey;
ALTER TABLE IF EXISTS ONLY public.pubsub DROP CONSTRAINT IF EXISTS pubsub_pkey;
ALTER TABLE IF EXISTS ONLY public.publishqueue DROP CONSTRAINT IF EXISTS publishqueue_pkey;
ALTER TABLE IF EXISTS ONLY public.peers DROP CONSTRAINT IF EXISTS peers_pkey;
ALTER TABLE IF EXISTS ONLY public.offers DROP CONSTRAINT IF EXISTS offers_pkey;
ALTER TABLE IF EXISTS ONLY public.ledgerheaders DROP CONSTRAINT IF EXISTS ledgerheaders_pkey;
ALTER TABLE IF EXISTS ONLY public.ledgerheaders DROP CONSTRAINT IF EXISTS ledgerheaders_ledgerseq_key;
ALTER TABLE IF EXISTS ONLY public.ban DROP CONSTRAINT IF EXISTS ban_pkey;
ALTER TABLE IF EXISTS ONLY public.accounts DROP CONSTRAINT IF EXISTS accounts_pkey;
ALTER TABLE IF EXISTS ONLY public.accountdata DROP CONSTRAINT IF EXISTS accountdata_pkey;
DROP TABLE IF EXISTS public.upgradehistory;
DROP TABLE IF EXISTS public.txhistory;
DROP TABLE IF EXISTS public.txfeehistory;
DROP TABLE IF EXISTS public.trustlines;
DROP TABLE IF EXISTS public.storestate;
DROP TABLE IF EXISTS public.signers;
DROP TABLE IF EXISTS public.scpquorums;
DROP TABLE IF EXISTS public.scphistory;
DROP TABLE IF EXISTS public.pubsub;
DROP TABLE IF EXISTS public.publishqueue;
DROP TABLE IF EXISTS public.peers;
DROP TABLE IF EXISTS public.offers;
DROP TABLE IF EXISTS public.ledgerheaders;
DROP TABLE IF EXISTS public.ban;
DROP TABLE IF EXISTS public.accounts;
DROP TABLE IF EXISTS public.accountdata;
DROP EXTENSION IF EXISTS plpgsql;
DROP SCHEMA IF EXISTS public;
--
-- Name: public; Type: SCHEMA; Schema: -; Owner: -
--

CREATE SCHEMA public;


--
-- Name: SCHEMA public; Type: COMMENT; Schema: -; Owner: -
--

COMMENT ON SCHEMA public IS 'standard public schema';


--
-- Name: plpgsql; Type: EXTENSION; Schema: -; Owner: -
--

CREATE EXTENSION IF NOT EXISTS plpgsql WITH SCHEMA pg_catalog;


--
-- Name: EXTENSION plpgsql; Type: COMMENT; Schema: -; Owner: -
--

COMMENT ON EXTENSION plpgsql IS 'PL/pgSQL procedural language';


SET search_path = public, pg_catalog;

SET default_tablespace = '';

SET default_with_oids = false;

--
-- Name: accountdata; Type: TABLE; Schema: public; Owner: -
--

CREATE TABLE accountdata (
    accountid character varying(56) NOT NULL,
    dataname character varying(64) NOT NULL,
    datavalue character varying(112) NOT NULL,
    lastmodified integer DEFAULT 0 NOT NULL
);


--
-- Name: accounts; Type: TABLE; Schema: public; Owner: -
--

CREATE TABLE accounts (
    accountid character varying(56) NOT NULL,
    balance bigint NOT NULL,
    seqnum bigint NOT NULL,
    numsubentries integer NOT NULL,
    inflationdest character varying(56),
    homedomain character varying(32) NOT NULL,
    thresholds text NOT NULL,
    flags integer NOT NULL,
    lastmodified integer NOT NULL,
    buyingliabilities bigint,
    sellingliabilities bigint,
    CONSTRAINT accounts_balance_check CHECK ((balance >= 0)),
    CONSTRAINT accounts_buyingliabilities_check CHECK ((buyingliabilities >= 0)),
    CONSTRAINT accounts_numsubentries_check CHECK ((numsubentries >= 0)),
    CONSTRAINT accounts_sellingliabilities_check CHECK ((sellingliabilities >= 0))
);


--
-- Name: ban; Type: TABLE; Schema: public; Owner: -
--

CREATE TABLE ban (
    nodeid character(56) NOT NULL
);


--
-- Name: ledgerheaders; Type: TABLE; Schema: public; Owner: -
--

CREATE TABLE ledgerheaders (
    ledgerhash character(64) NOT NULL,
    prevhash character(64) NOT NULL,
    bucketlisthash character(64) NOT NULL,
    ledgerseq integer,
    closetime bigint NOT NULL,
    data text NOT NULL,
    CONSTRAINT ledgerheaders_closetime_check CHECK ((closetime >= 0)),
    CONSTRAINT ledgerheaders_ledgerseq_check CHECK ((ledgerseq >= 0))
);


--
-- Name: offers; Type: TABLE; Schema: public; Owner: -
--

CREATE TABLE offers (
    sellerid character varying(56) NOT NULL,
    offerid bigint NOT NULL,
    sellingassettype integer NOT NULL,
    sellingassetcode character varying(12),
    sellingissuer character varying(56),
    buyingassettype integer NOT NULL,
    buyingassetcode character varying(12),
    buyingissuer character varying(56),
    amount bigint NOT NULL,
    pricen integer NOT NULL,
    priced integer NOT NULL,
    price double precision NOT NULL,
    flags integer NOT NULL,
    lastmodified integer NOT NULL,
    CONSTRAINT offers_amount_check CHECK ((amount >= 0)),
    CONSTRAINT offers_offerid_check CHECK ((offerid >= 0))
);


--
-- Name: peers; Type: TABLE; Schema: public; Owner: -
--

CREATE TABLE peers (
    ip character varying(15) NOT NULL,
    port integer DEFAULT 0 NOT NULL,
    nextattempt timestamp without time zone NOT NULL,
    numfailures integer DEFAULT 0 NOT NULL,
    flags integer DEFAULT 0 NOT NULL,
    CONSTRAINT peers_numfailures_check CHECK ((numfailures >= 0)),
    CONSTRAINT peers_port_check CHECK (((port > 0) AND (port <= 65535)))
);


--
-- Name: publishqueue; Type: TABLE; Schema: public; Owner: -
--

CREATE TABLE publishqueue (
    ledger integer NOT NULL,
    state text
);


--
-- Name: pubsub; Type: TABLE; Schema: public; Owner: -
--

CREATE TABLE pubsub (
    resid character(32) NOT NULL,
    lastread integer
);


--
-- Name: scphistory; Type: TABLE; Schema: public; Owner: -
--

CREATE TABLE scphistory (
    nodeid character(56) NOT NULL,
    ledgerseq integer NOT NULL,
    envelope text NOT NULL,
    CONSTRAINT scphistory_ledgerseq_check CHECK ((ledgerseq >= 0))
);


--
-- Name: scpquorums; Type: TABLE; Schema: public; Owner: -
--

CREATE TABLE scpquorums (
    qsethash character(64) NOT NULL,
    lastledgerseq integer NOT NULL,
    qset text NOT NULL,
    CONSTRAINT scpquorums_lastledgerseq_check CHECK ((lastledgerseq >= 0))
);


--
-- Name: signers; Type: TABLE; Schema: public; Owner: -
--

CREATE TABLE signers (
    accountid character varying(56) NOT NULL,
    publickey character varying(56) NOT NULL,
    weight integer NOT NULL
);


--
-- Name: storestate; Type: TABLE; Schema: public; Owner: -
--

CREATE TABLE storestate (
    statename character(32) NOT NULL,
    state text
);


--
-- Name: trustlines; Type: TABLE; Schema: public; Owner: -
--

CREATE TABLE trustlines (
    accountid character varying(56) NOT NULL,
    assettype integer NOT NULL,
    issuer character varying(56) NOT NULL,
    assetcode character varying(12) NOT NULL,
    tlimit bigint NOT NULL,
    balance bigint NOT NULL,
    flags integer NOT NULL,
    lastmodified integer NOT NULL,
    buyingliabilities bigint,
    sellingliabilities bigint,
    CONSTRAINT trustlines_balance_check CHECK ((balance >= 0)),
    CONSTRAINT trustlines_buyingliabilities_check CHECK ((buyingliabilities >= 0)),
    CONSTRAINT trustlines_sellingliabilities_check CHECK ((sellingliabilities >= 0)),
    CONSTRAINT trustlines_tlimit_check CHECK ((tlimit > 0))
);


--
-- Name: txfeehistory; Type: TABLE; Schema: public; Owner: -
--

CREATE TABLE txfeehistory (
    txid character(64) NOT NULL,
    ledgerseq integer NOT NULL,
    txindex integer NOT NULL,
    txchanges text NOT NULL,
    CONSTRAINT txfeehistory_ledgerseq_check CHECK ((ledgerseq >= 0))
);


--
-- Name: txhistory; Type: TABLE; Schema: public; Owner: -
--

CREATE TABLE txhistory (
    txid character(64) NOT NULL,
    ledgerseq integer NOT NULL,
    txindex integer NOT NULL,
    txbody text NOT NULL,
    txresult text NOT NULL,
    txmeta text NOT NULL,
    CONSTRAINT txhistory_ledgerseq_check CHECK ((ledgerseq >= 0))
);


--
-- Name: upgradehistory; Type: TABLE; Schema: public; Owner: -
--

CREATE TABLE upgradehistory (
    ledgerseq integer NOT NULL,
    upgradeindex integer NOT NULL,
    upgrade text NOT NULL,
    changes text NOT NULL,
    CONSTRAINT upgradehistory_ledgerseq_check CHECK ((ledgerseq >= 0))
);


--
-- Data for Name: accountdata; Type: TABLE DATA; Schema: public; Owner: -
--



--
-- Data for Name: accounts; Type: TABLE DATA; Schema: public; Owner: -
--

INSERT INTO accounts VALUES ('GBRPYHIL2CI3FNQ4BXLFMNDLFJUNPU2HY3ZMFSHONUCEOASW7QC7OX2H', 999999789999999700, 3, 0, NULL, '', 'AQAAAA==', 0, 2, NULL, NULL);
INSERT INTO accounts VALUES ('GC23QF2HUE52AMXUFUH3AYJAXXGXXV2VHXYYR6EYXETPKDXZSAW67XO4', 9999999600, 8589934596, 0, NULL, '', 'AQAAAA==', 0, 4, NULL, NULL);
INSERT INTO accounts VALUES ('GBXGQJWVLWOYHFLVTKWV5FGHA3LNYY2JQKM7OAJAUEQFU6LPCSEFVXON', 99999999200, 8589934600, 8, NULL, '', 'AQAAAA==', 0, 6, 521500000000, 0);
INSERT INTO accounts VALUES ('GCXKG6RN4ONIEPCMNFB732A436Z5PNDSRLGWK7GBLCMQLIFO4S7EYWVU', 99999999200, 8589934600, 8, NULL, '', 'AQAAAA==', 0, 6, 0, 60000000000);


--
-- Data for Name: ban; Type: TABLE DATA; Schema: public; Owner: -
--



--
-- Data for Name: ledgerheaders; Type: TABLE DATA; Schema: public; Owner: -
--

INSERT INTO ledgerheaders VALUES ('63d98f536ee68d1b27b5b89f23af5311b7569a24faf1403ad0b52b633b07be99', '0000000000000000000000000000000000000000000000000000000000000000', '572a2e32ff248a07b0e70fd1f6d318c1facd20b6cc08c33d5775259868125a16', 1, 0, 'AAAAAAAAAAAAAAAAAAAAAAAAAAAAAAAAAAAAAAAAAAAAAAAAAAAAAAAAAAAAAAAAAAAAAAAAAAAAAAAAAAAAAAAAAAAAAAAAAAAAAAAAAAAAAAAAAAAAAAAAAAAAAAAAAAAAAAAAAAAAAAAAAAAAAAAAAABXKi4y/ySKB7DnD9H20xjB+s0gtswIwz1XdSWYaBJaFgAAAAEN4Lazp2QAAAAAAAAAAAAAAAAAAAAAAAAAAAAAAAAAZAX14QAAAABkAAAAAAAAAAAAAAAAAAAAAAAAAAAAAAAAAAAAAAAAAAAAAAAAAAAAAAAAAAAAAAAAAAAAAAAAAAAAAAAAAAAAAAAAAAAAAAAAAAAAAAAAAAAAAAAAAAAAAAAAAAAAAAAAAAAAAAAAAAAAAAAAAAAAAAAAAAAAAAAAAAAAAAAAAAAAAAAA');
INSERT INTO ledgerheaders VALUES ('ef174c121f14ee2864028827f5e977d958f8df915cc60df3fcca0bcbdac6900b', '63d98f536ee68d1b27b5b89f23af5311b7569a24faf1403ad0b52b633b07be99', '3f27aeb2a129a77039bf6626cf42c9aa67a5c66fa563fc4d1468e287cc9b599f', 2, 1548955709, 'AAAACmPZj1Nu5o0bJ7W4nyOvUxG3Vpok+vFAOtC1K2M7B76ZCS8URcyE4gRYsZAdb7e4uHwbaA5fhFIEcA1CSR23Z5oAAAAAXFMwPQAAAAIAAAAIAAAAAQAAAAoAAAAIAAAAAwAAJxAAAAAAzi1xgnE3PAfb2CbU6dwiHL3p/nbMw7WpXJpWKu4ASug/J66yoSmncDm/ZibPQsmqZ6XGb6Vj/E0UaOKHzJtZnwAAAAIN4Lazp2QAAAAAAAAAAAEsAAAAAAAAAAAAAAAAAAAAZAX14QAAACcQAAAAAAAAAAAAAAAAAAAAAAAAAAAAAAAAAAAAAAAAAAAAAAAAAAAAAAAAAAAAAAAAAAAAAAAAAAAAAAAAAAAAAAAAAAAAAAAAAAAAAAAAAAAAAAAAAAAAAAAAAAAAAAAAAAAAAAAAAAAAAAAAAAAAAAAAAAAAAAAAAAAAAAAAAAAAAAAA');
INSERT INTO ledgerheaders VALUES ('f65e4e00085dbe06434fbd09f8607f21b5b96a06a64ad758cf3c85e8ead804a0', 'ef174c121f14ee2864028827f5e977d958f8df915cc60df3fcca0bcbdac6900b', '7ec06433e70323b55e089c45d5bc440ffb3192105facc3fcc91cbba26a7d9b02', 3, 1548955710, 'AAAACu8XTBIfFO4oZAKIJ/Xpd9lY+N+RXMYN8/zKC8vaxpALgzCPKMxO7Z8VkSnWxyFSylBGzYfZdi4xMDI0YwjAhEkAAAAAXFMwPgAAAAAAAAAAscFlow9fsw7DsFjGhjjPxcSMdjdLNWUz34mmgDWxHBZ+wGQz5wMjtV4InEXVvEQP+zGSEF+sw/zJHLuian2bAgAAAAMN4Lazp2QAAAAAAAAAAAK8AAAAAAAAAAAAAAAAAAAAZAX14QAAACcQAAAAAAAAAAAAAAAAAAAAAAAAAAAAAAAAAAAAAAAAAAAAAAAAAAAAAAAAAAAAAAAAAAAAAAAAAAAAAAAAAAAAAAAAAAAAAAAAAAAAAAAAAAAAAAAAAAAAAAAAAAAAAAAAAAAAAAAAAAAAAAAAAAAAAAAAAAAAAAAAAAAAAAAAAAAAAAAA');
INSERT INTO ledgerheaders VALUES ('c73a1a1ee5453af888c57019dba8493ec7f1b3d578ab42a9ab7350ec1c7dc57e', 'f65e4e00085dbe06434fbd09f8607f21b5b96a06a64ad758cf3c85e8ead804a0', '4810e73d12d61e873d015ef3fa9b8d9553fb7c292c15d69b0391a3d6e7c4215e', 4, 1548955711, 'AAAACvZeTgAIXb4GQ0+9CfhgfyG1uWoGpkrXWM88hejq2ASgl2vJrkN/Tmy/k/af3lNh1RAkv0Qd0qoXLYPB+N1/PS8AAAAAXFMwPwAAAAAAAAAAEvM5tT8l0dTEZQLsPGomBGcTJkGZVcTwRLD10i4EXb9IEOc9EtYehz0BXvP6m42VU/t8KSwV1psDkaPW58QhXgAAAAQN4Lazp2QAAAAAAAAAAARMAAAAAAAAAAAAAAAAAAAAZAX14QAAACcQAAAAAAAAAAAAAAAAAAAAAAAAAAAAAAAAAAAAAAAAAAAAAAAAAAAAAAAAAAAAAAAAAAAAAAAAAAAAAAAAAAAAAAAAAAAAAAAAAAAAAAAAAAAAAAAAAAAAAAAAAAAAAAAAAAAAAAAAAAAAAAAAAAAAAAAAAAAAAAAAAAAAAAAAAAAAAAAA');
INSERT INTO ledgerheaders VALUES ('8fe601660cee14ca512b0515b3466cfa7b8f580a63267a17246b8e5b8ab3716e', 'c73a1a1ee5453af888c57019dba8493ec7f1b3d578ab42a9ab7350ec1c7dc57e', 'aa14ce25cf8476f247c212cdfbbde6e8365a28f72bed731a2ebb2af9aaf2bf3b', 5, 1548955712, 'AAAACsc6Gh7lRTr4iMVwGduoST7H8bPVeKtCqatzUOwcfcV+8q68GALdrjvaRm2FnB3Fg631B3sgg+WiciFxPPd1358AAAAAXFMwQAAAAAAAAAAAIMV0QzQRdUmn10wWB1qZt+ll6BH0Tj/XNrUL4wpqrGuqFM4lz4R28kfCEs37veboNloo9yvtcxouuyr5qvK/OwAAAAUN4Lazp2QAAAAAAAAAAAakAAAAAAAAAAAAAAAGAAAAZAX14QAAACcQAAAAAAAAAAAAAAAAAAAAAAAAAAAAAAAAAAAAAAAAAAAAAAAAAAAAAAAAAAAAAAAAAAAAAAAAAAAAAAAAAAAAAAAAAAAAAAAAAAAAAAAAAAAAAAAAAAAAAAAAAAAAAAAAAAAAAAAAAAAAAAAAAAAAAAAAAAAAAAAAAAAAAAAAAAAAAAAA');
INSERT INTO ledgerheaders VALUES ('4e3373ec7c45f34071e62a123a161e807dbe399260484537a64e14a034b7b37a', '8fe601660cee14ca512b0515b3466cfa7b8f580a63267a17246b8e5b8ab3716e', '3bd7458e1504bc5a225901e32874a5adb28147f1106685dc2e66a7564e273ca5', 6, 1548955713, 'AAAACo/mAWYM7hTKUSsFFbNGbPp7j1gKYyZ6FyRrjluKs3FuQ7Ck67QlMOFZQJBzWBIfyy94Tv0bafiMVnOKrsXD/90AAAAAXFMwQQAAAAAAAAAAO03rkSSGII+TmdA0r8T7dSNCWamYkyOlDZ73gpuryU8710WOFQS8WiJZAeModKWtsoFH8RBmhdwuZqdWTic8pQAAAAYN4Lazp2QAAAAAAAAAAAj8AAAAAAAAAAAAAAAMAAAAZAX14QAAACcQAAAAAAAAAAAAAAAAAAAAAAAAAAAAAAAAAAAAAAAAAAAAAAAAAAAAAAAAAAAAAAAAAAAAAAAAAAAAAAAAAAAAAAAAAAAAAAAAAAAAAAAAAAAAAAAAAAAAAAAAAAAAAAAAAAAAAAAAAAAAAAAAAAAAAAAAAAAAAAAAAAAAAAAAAAAAAAAA');


--
-- Data for Name: offers; Type: TABLE DATA; Schema: public; Owner: -
--

INSERT INTO offers VALUES ('GBXGQJWVLWOYHFLVTKWV5FGHA3LNYY2JQKM7OAJAUEQFU6LPCSEFVXON', 2, 1, 'USD', 'GC23QF2HUE52AMXUFUH3AYJAXXGXXV2VHXYYR6EYXETPKDXZSAW67XO4', 0, NULL, NULL, 100000000, 15, 1, 15, 0, 5);
INSERT INTO offers VALUES ('GBXGQJWVLWOYHFLVTKWV5FGHA3LNYY2JQKM7OAJAUEQFU6LPCSEFVXON', 4, 1, 'USD', 'GC23QF2HUE52AMXUFUH3AYJAXXGXXV2VHXYYR6EYXETPKDXZSAW67XO4', 0, NULL, NULL, 1000000000, 20, 1, 20, 0, 5);
INSERT INTO offers VALUES ('GBXGQJWVLWOYHFLVTKWV5FGHA3LNYY2JQKM7OAJAUEQFU6LPCSEFVXON', 6, 1, 'USD', 'GC23QF2HUE52AMXUFUH3AYJAXXGXXV2VHXYYR6EYXETPKDXZSAW67XO4', 0, NULL, NULL, 10000000000, 50, 1, 50, 0, 5);
INSERT INTO offers VALUES ('GCXKG6RN4ONIEPCMNFB732A436Z5PNDSRLGWK7GBLCMQLIFO4S7EYWVU', 1, 0, NULL, NULL, 1, 'USD', 'GC23QF2HUE52AMXUFUH3AYJAXXGXXV2VHXYYR6EYXETPKDXZSAW67XO4', 1000000000, 1, 10, 0.100000000000000006, 0, 5);
INSERT INTO offers VALUES ('GCXKG6RN4ONIEPCMNFB732A436Z5PNDSRLGWK7GBLCMQLIFO4S7EYWVU', 3, 0, NULL, NULL, 1, 'USD', 'GC23QF2HUE52AMXUFUH3AYJAXXGXXV2VHXYYR6EYXETPKDXZSAW67XO4', 9000000000, 1, 9, 0.111111111111111105, 0, 5);
INSERT INTO offers VALUES ('GCXKG6RN4ONIEPCMNFB732A436Z5PNDSRLGWK7GBLCMQLIFO4S7EYWVU', 5, 0, NULL, NULL, 1, 'USD', 'GC23QF2HUE52AMXUFUH3AYJAXXGXXV2VHXYYR6EYXETPKDXZSAW67XO4', 50000000000, 1, 5, 0.200000000000000011, 0, 5);
INSERT INTO offers VALUES ('GBXGQJWVLWOYHFLVTKWV5FGHA3LNYY2JQKM7OAJAUEQFU6LPCSEFVXON', 7, 1, 'USD', 'GC23QF2HUE52AMXUFUH3AYJAXXGXXV2VHXYYR6EYXETPKDXZSAW67XO4', 1, 'BTC', 'GC23QF2HUE52AMXUFUH3AYJAXXGXXV2VHXYYR6EYXETPKDXZSAW67XO4', 100000000, 15, 1, 15, 0, 6);
INSERT INTO offers VALUES ('GBXGQJWVLWOYHFLVTKWV5FGHA3LNYY2JQKM7OAJAUEQFU6LPCSEFVXON', 9, 1, 'USD', 'GC23QF2HUE52AMXUFUH3AYJAXXGXXV2VHXYYR6EYXETPKDXZSAW67XO4', 1, 'BTC', 'GC23QF2HUE52AMXUFUH3AYJAXXGXXV2VHXYYR6EYXETPKDXZSAW67XO4', 1000000000, 20, 1, 20, 0, 6);
INSERT INTO offers VALUES ('GBXGQJWVLWOYHFLVTKWV5FGHA3LNYY2JQKM7OAJAUEQFU6LPCSEFVXON', 12, 1, 'USD', 'GC23QF2HUE52AMXUFUH3AYJAXXGXXV2VHXYYR6EYXETPKDXZSAW67XO4', 1, 'BTC', 'GC23QF2HUE52AMXUFUH3AYJAXXGXXV2VHXYYR6EYXETPKDXZSAW67XO4', 10000000000, 50, 1, 50, 0, 6);
INSERT INTO offers VALUES ('GCXKG6RN4ONIEPCMNFB732A436Z5PNDSRLGWK7GBLCMQLIFO4S7EYWVU', 8, 1, 'BTC', 'GC23QF2HUE52AMXUFUH3AYJAXXGXXV2VHXYYR6EYXETPKDXZSAW67XO4', 1, 'USD', 'GC23QF2HUE52AMXUFUH3AYJAXXGXXV2VHXYYR6EYXETPKDXZSAW67XO4', 1000000000, 1, 10, 0.100000000000000006, 0, 6);
INSERT INTO offers VALUES ('GCXKG6RN4ONIEPCMNFB732A436Z5PNDSRLGWK7GBLCMQLIFO4S7EYWVU', 10, 1, 'BTC', 'GC23QF2HUE52AMXUFUH3AYJAXXGXXV2VHXYYR6EYXETPKDXZSAW67XO4', 1, 'USD', 'GC23QF2HUE52AMXUFUH3AYJAXXGXXV2VHXYYR6EYXETPKDXZSAW67XO4', 9000000000, 1, 9, 0.111111111111111105, 0, 6);
INSERT INTO offers VALUES ('GCXKG6RN4ONIEPCMNFB732A436Z5PNDSRLGWK7GBLCMQLIFO4S7EYWVU', 11, 1, 'BTC', 'GC23QF2HUE52AMXUFUH3AYJAXXGXXV2VHXYYR6EYXETPKDXZSAW67XO4', 1, 'USD', 'GC23QF2HUE52AMXUFUH3AYJAXXGXXV2VHXYYR6EYXETPKDXZSAW67XO4', 50000000000, 1, 5, 0.200000000000000011, 0, 6);


--
-- Data for Name: peers; Type: TABLE DATA; Schema: public; Owner: -
--



--
-- Data for Name: publishqueue; Type: TABLE DATA; Schema: public; Owner: -
--



--
-- Data for Name: pubsub; Type: TABLE DATA; Schema: public; Owner: -
--



--
-- Data for Name: scphistory; Type: TABLE DATA; Schema: public; Owner: -
--

INSERT INTO scphistory VALUES ('GA77ERWZC4ZKBW5TTCCXTPG5OD6EAKZIRJD4BINDYMX2T4BZSPNMD7BL', 2, 'AAAAAD/yRtkXMqDbs5iFebzdcPxAKyiKR8Cho8MvqfA5k9rBAAAAAAAAAAIAAAACAAAAAQAAAEgJLxRFzITiBFixkB1vt7i4fBtoDl+EUgRwDUJJHbdnmgAAAABcUzA9AAAAAgAAAAgAAAABAAAACgAAAAgAAAADAAAnEAAAAAAAAAABd2JzbnZZC41EwpYmZeFStyWh3Hm9VME4KL6leZgZ0ssAAABAabKaCZrTPZdTvJCX47j+AY2/y2zM0zZLJkl0nyKJEMTPwGbf4wq48Y/YRzwUS4DkiQ312vmXQHikICXZ4kgEBg==');
INSERT INTO scphistory VALUES ('GA77ERWZC4ZKBW5TTCCXTPG5OD6EAKZIRJD4BINDYMX2T4BZSPNMD7BL', 3, 'AAAAAD/yRtkXMqDbs5iFebzdcPxAKyiKR8Cho8MvqfA5k9rBAAAAAAAAAAMAAAACAAAAAQAAADCDMI8ozE7tnxWRKdbHIVLKUEbNh9l2LjEwMjRjCMCESQAAAABcUzA+AAAAAAAAAAAAAAABd2JzbnZZC41EwpYmZeFStyWh3Hm9VME4KL6leZgZ0ssAAABATjmIur6nwDa4AJhkSm2bL6WtvEHe1oCtPvbKAjWHKTgcx2TttkCSbQPYSg7fm6x1Qkb1j+VDuK+NpRmD3cvwDQ==');
INSERT INTO scphistory VALUES ('GA77ERWZC4ZKBW5TTCCXTPG5OD6EAKZIRJD4BINDYMX2T4BZSPNMD7BL', 4, 'AAAAAD/yRtkXMqDbs5iFebzdcPxAKyiKR8Cho8MvqfA5k9rBAAAAAAAAAAQAAAACAAAAAQAAADCXa8muQ39ObL+T9p/eU2HVECS/RB3Sqhctg8H43X89LwAAAABcUzA/AAAAAAAAAAAAAAABd2JzbnZZC41EwpYmZeFStyWh3Hm9VME4KL6leZgZ0ssAAABAxqkA/lHBS9kJhcD6iIHcrTzxK16DNt7OHsChNPpL3MUY8dZVrfnnCBPiMEkfGLWJTrzPpBHhNWLAR4Wi1lr2CA==');
INSERT INTO scphistory VALUES ('GA77ERWZC4ZKBW5TTCCXTPG5OD6EAKZIRJD4BINDYMX2T4BZSPNMD7BL', 5, 'AAAAAD/yRtkXMqDbs5iFebzdcPxAKyiKR8Cho8MvqfA5k9rBAAAAAAAAAAUAAAACAAAAAQAAADDyrrwYAt2uO9pGbYWcHcWDrfUHeyCD5aJyIXE893XfnwAAAABcUzBAAAAAAAAAAAAAAAABd2JzbnZZC41EwpYmZeFStyWh3Hm9VME4KL6leZgZ0ssAAABAfd6RqbRMIJKHQB2blspfqKWdq8JAF23/Jgz/nI6j4xe+FJhg5zvZeDMUgDMI6i0JaRHkepXAGUnLR9PH/2RdAQ==');
INSERT INTO scphistory VALUES ('GA77ERWZC4ZKBW5TTCCXTPG5OD6EAKZIRJD4BINDYMX2T4BZSPNMD7BL', 6, 'AAAAAD/yRtkXMqDbs5iFebzdcPxAKyiKR8Cho8MvqfA5k9rBAAAAAAAAAAYAAAACAAAAAQAAADBDsKTrtCUw4VlAkHNYEh/LL3hO/Rtp+IxWc4quxcP/3QAAAABcUzBBAAAAAAAAAAAAAAABd2JzbnZZC41EwpYmZeFStyWh3Hm9VME4KL6leZgZ0ssAAABAX9orSqCClLV7QaU8ZLxWCFZM1QQpWF8TWi9/nzyR3VmCue7nh8GFVZVrm9Aui7ovNm0n+yN2Fbr7+0dVZQ0ODQ==');


--
-- Data for Name: scpquorums; Type: TABLE DATA; Schema: public; Owner: -
--

INSERT INTO scpquorums VALUES ('7762736e76590b8d44c2962665e152b725a1dc79bd54c13828bea5799819d2cb', 6, 'AAAAAQAAAAEAAAAAP/JG2RcyoNuzmIV5vN1w/EArKIpHwKGjwy+p8DmT2sEAAAAA');


--
-- Data for Name: signers; Type: TABLE DATA; Schema: public; Owner: -
--



--
-- Data for Name: storestate; Type: TABLE DATA; Schema: public; Owner: -
--

INSERT INTO storestate VALUES ('lastclosedledger                ', '4e3373ec7c45f34071e62a123a161e807dbe399260484537a64e14a034b7b37a');
INSERT INTO storestate VALUES ('databaseschema                  ', '7');
INSERT INTO storestate VALUES ('networkpassphrase               ', 'Test SDF Network ; September 2015');
INSERT INTO storestate VALUES ('forcescponnextlaunch            ', 'false');
INSERT INTO storestate VALUES ('ledgerupgrades                  ', '{
    "time": 0,
    "version": {
        "has": false
    },
    "fee": {
        "has": false
    },
    "maxtxsize": {
        "has": false
    },
    "reserve": {
        "has": false
    }
}');
INSERT INTO storestate VALUES ('historyarchivestate             ', '{
    "version": 1,
    "server": "v10.1.0",
    "currentLedger": 6,
    "currentBuckets": [
        {
            "curr": "7ea6b70bb8d73fd7d2e2f844bd9f8754122be9d24cd892c8afc8dda2967fe9e7",
            "next": {
                "state": 0
            },
            "snap": "5c5540cec2afcd81e3495b5019cb10ce4aaacd409bbfc0991dd2f0276dbd81da"
        },
        {
            "curr": "f8971fe571985169fb97a3200d169cc1665db73da8c2117f92068f8af8af599d",
            "next": {
                "state": 1,
                "output": "5c5540cec2afcd81e3495b5019cb10ce4aaacd409bbfc0991dd2f0276dbd81da"
            },
            "snap": "0000000000000000000000000000000000000000000000000000000000000000"
        },
        {
            "curr": "0000000000000000000000000000000000000000000000000000000000000000",
            "next": {
                "state": 0
            },
            "snap": "0000000000000000000000000000000000000000000000000000000000000000"
        },
        {
            "curr": "0000000000000000000000000000000000000000000000000000000000000000",
            "next": {
                "state": 0
            },
            "snap": "0000000000000000000000000000000000000000000000000000000000000000"
        },
        {
            "curr": "0000000000000000000000000000000000000000000000000000000000000000",
            "next": {
                "state": 0
            },
            "snap": "0000000000000000000000000000000000000000000000000000000000000000"
        },
        {
            "curr": "0000000000000000000000000000000000000000000000000000000000000000",
            "next": {
                "state": 0
            },
            "snap": "0000000000000000000000000000000000000000000000000000000000000000"
        },
        {
            "curr": "0000000000000000000000000000000000000000000000000000000000000000",
            "next": {
                "state": 0
            },
            "snap": "0000000000000000000000000000000000000000000000000000000000000000"
        },
        {
            "curr": "0000000000000000000000000000000000000000000000000000000000000000",
            "next": {
                "state": 0
            },
            "snap": "0000000000000000000000000000000000000000000000000000000000000000"
        },
        {
            "curr": "0000000000000000000000000000000000000000000000000000000000000000",
            "next": {
                "state": 0
            },
            "snap": "0000000000000000000000000000000000000000000000000000000000000000"
        },
        {
            "curr": "0000000000000000000000000000000000000000000000000000000000000000",
            "next": {
                "state": 0
            },
            "snap": "0000000000000000000000000000000000000000000000000000000000000000"
        },
        {
            "curr": "0000000000000000000000000000000000000000000000000000000000000000",
            "next": {
                "state": 0
            },
            "snap": "0000000000000000000000000000000000000000000000000000000000000000"
        }
    ]
}');
INSERT INTO storestate VALUES ('lastscpdata                     ', 'AAAAAgAAAAA/8kbZFzKg27OYhXm83XD8QCsoikfAoaPDL6nwOZPawQAAAAAAAAAGAAAAA3dic252WQuNRMKWJmXhUrclodx5vVTBOCi+pXmYGdLLAAAAAQAAADBDsKTrtCUw4VlAkHNYEh/LL3hO/Rtp+IxWc4quxcP/3QAAAABcUzBBAAAAAAAAAAAAAAABAAAAMEOwpOu0JTDhWUCQc1gSH8sveE79G2n4jFZziq7Fw//dAAAAAFxTMEEAAAAAAAAAAAAAAEB/e8ffl3FA9nFYCIL4Q64iIrNxD4GIViHgDwEtjjKZuzqwKPBWUSaDjStazparjoCSc2aY2xZxg0NTkSFDPSwJAAAAAD/yRtkXMqDbs5iFebzdcPxAKyiKR8Cho8MvqfA5k9rBAAAAAAAAAAYAAAACAAAAAQAAADBDsKTrtCUw4VlAkHNYEh/LL3hO/Rtp+IxWc4quxcP/3QAAAABcUzBBAAAAAAAAAAAAAAABd2JzbnZZC41EwpYmZeFStyWh3Hm9VME4KL6leZgZ0ssAAABAX9orSqCClLV7QaU8ZLxWCFZM1QQpWF8TWi9/nzyR3VmCue7nh8GFVZVrm9Aui7ovNm0n+yN2Fbr7+0dVZQ0ODQAAAAGP5gFmDO4UylErBRWzRmz6e49YCmMmehcka45birNxbgAAAAYAAAAAbmgm1V2dg5V1mq1elMcG1txjSYKZ9wEgoSBaeW8UiFoAAABkAAAAAgAAAAgAAAAAAAAAAAAAAAEAAAAAAAAAAwAAAAFVU0QAAAAAALW4F0ehO6Ay9C0PsGEgvc1711U98Yj4mLkm9Q75kC3vAAAAAUJUQwAAAAAAtbgXR6E7oDL0LQ+wYSC9zXvXVT3xiPiYuSb1DvmQLe8AAAACVAvkAAAAADIAAAABAAAAAAAAAAAAAAAAAAAAAW8UiFoAAABA4Q+Q7+2pPiRAHM2VM57Nm2LJu4ST2YybEaMuWYe55bxC1RLgnU7daHLg0qHy/CaicpDW4ykIz/NhHO6aNIS4CQAAAACuo3ot45qCPExpQ/3oHN+z17Ryis1lfMFYmQWgruS+TAAAAGQAAAACAAAACAAAAAAAAAAAAAAAAQAAAAAAAAADAAAAAUJUQwAAAAAAtbgXR6E7oDL0LQ+wYSC9zXvXVT3xiPiYuSb1DvmQLe8AAAABVVNEAAAAAAC1uBdHoTugMvQtD7BhIL3Ne9dVPfGI+Ji5JvUO+ZAt7wAAAAukO3QAAAAAAQAAAAUAAAAAAAAAAAAAAAAAAAABruS+TAAAAECehrJisXo4SEpiriyHRenYsQ8AIhqhghsSed1jqBQMblHaQL698VeSIb/54/HYOUbQc2/CmAqDmE4mxUQzKwcFAAAAAK6jei3jmoI8TGlD/egc37PXtHKKzWV8wViZBaCu5L5MAAAAZAAAAAIAAAAGAAAAAAAAAAAAAAABAAAAAAAAAAMAAAABQlRDAAAAAAC1uBdHoTugMvQtD7BhIL3Ne9dVPfGI+Ji5JvUO+ZAt7wAAAAFVU0QAAAAAALW4F0ehO6Ay9C0PsGEgvc1711U98Yj4mLkm9Q75kC3vAAAAADuaygAAAAABAAAACgAAAAAAAAAAAAAAAAAAAAGu5L5MAAAAQOgEzlrfIyzY3OVuWdROUj73yLBItV1mpZlWOOZMg568Vjq16aseyTgvUUBvWmBQOjdLLDsY7vU3SR8RAgiCMAkAAAAArqN6LeOagjxMaUP96Bzfs9e0corNZXzBWJkFoK7kvkwAAABkAAAAAgAAAAcAAAAAAAAAAAAAAAEAAAAAAAAAAwAAAAFCVEMAAAAAALW4F0ehO6Ay9C0PsGEgvc1711U98Yj4mLkm9Q75kC3vAAAAAVVTRAAAAAAAtbgXR6E7oDL0LQ+wYSC9zXvXVT3xiPiYuSb1DvmQLe8AAAACGHEaAAAAAAEAAAAJAAAAAAAAAAAAAAAAAAAAAa7kvkwAAABAOwcvMP/ur+0FoW368vyy+fjLerUAXEwhi5Pw0zNuzBWwJRwsjVCWTEFBa0HtKOgNAy13p0kRo7a6mY9f0/c8BAAAAABuaCbVXZ2DlXWarV6UxwbW3GNJgpn3ASChIFp5bxSIWgAAAGQAAAACAAAABgAAAAAAAAAAAAAAAQAAAAAAAAADAAAAAVVTRAAAAAAAtbgXR6E7oDL0LQ+wYSC9zXvXVT3xiPiYuSb1DvmQLe8AAAABQlRDAAAAAAC1uBdHoTugMvQtD7BhIL3Ne9dVPfGI+Ji5JvUO+ZAt7wAAAAAF9eEAAAAADwAAAAEAAAAAAAAAAAAAAAAAAAABbxSIWgAAAECUWUvrTUFS8KXC0IXYyXTy4czLStD/GC5o0+Abxo6Bu3+f3PbfrEX6uSd1xuOxMJ/kszp3PVVeEMLyy3brIsMAAAAAAG5oJtVdnYOVdZqtXpTHBtbcY0mCmfcBIKEgWnlvFIhaAAAAZAAAAAIAAAAHAAAAAAAAAAAAAAABAAAAAAAAAAMAAAABVVNEAAAAAAC1uBdHoTugMvQtD7BhIL3Ne9dVPfGI+Ji5JvUO+ZAt7wAAAAFCVEMAAAAAALW4F0ehO6Ay9C0PsGEgvc1711U98Yj4mLkm9Q75kC3vAAAAADuaygAAAAAUAAAAAQAAAAAAAAAAAAAAAAAAAAFvFIhaAAAAQNPYjTyT7/mYaa2QkbFzDm0jLpLDhJtZA+rJNJR7STfuBcUJXc5W+UwWs/wI32iwu4ieU3la6pJIkwI/0dq6dQwAAAABAAAAAQAAAAEAAAAAP/JG2RcyoNuzmIV5vN1w/EArKIpHwKGjwy+p8DmT2sEAAAAA');


--
-- Data for Name: trustlines; Type: TABLE DATA; Schema: public; Owner: -
--

INSERT INTO trustlines VALUES ('GBXGQJWVLWOYHFLVTKWV5FGHA3LNYY2JQKM7OAJAUEQFU6LPCSEFVXON', 1, 'GC23QF2HUE52AMXUFUH3AYJAXXGXXV2VHXYYR6EYXETPKDXZSAW67XO4', 'BTC', 9223372036854775807, 60000000000, 1, 6, 521500000000, 0);
INSERT INTO trustlines VALUES ('GBXGQJWVLWOYHFLVTKWV5FGHA3LNYY2JQKM7OAJAUEQFU6LPCSEFVXON', 1, 'GC23QF2HUE52AMXUFUH3AYJAXXGXXV2VHXYYR6EYXETPKDXZSAW67XO4', 'USD', 9223372036854775807, 50000000000, 1, 6, 0, 22200000000);
INSERT INTO trustlines VALUES ('GCXKG6RN4ONIEPCMNFB732A436Z5PNDSRLGWK7GBLCMQLIFO4S7EYWVU', 1, 'GC23QF2HUE52AMXUFUH3AYJAXXGXXV2VHXYYR6EYXETPKDXZSAW67XO4', 'BTC', 9223372036854775807, 60000000000, 1, 6, 0, 60000000000);
INSERT INTO trustlines VALUES ('GCXKG6RN4ONIEPCMNFB732A436Z5PNDSRLGWK7GBLCMQLIFO4S7EYWVU', 1, 'GC23QF2HUE52AMXUFUH3AYJAXXGXXV2VHXYYR6EYXETPKDXZSAW67XO4', 'USD', 9223372036854775807, 50000000000, 1, 6, 22200000000, 0);


--
-- Data for Name: txfeehistory; Type: TABLE DATA; Schema: public; Owner: -
--

INSERT INTO txfeehistory VALUES ('db398eb4ae89756325643cad21c94e13bfc074b323ee83e141bf701a5d904f1b', 2, 1, 'AAAAAgAAAAMAAAABAAAAAAAAAABi/B0L0JGythwN1lY0aypo19NHxvLCyO5tBEcCVvwF9w3gtrOnZAAAAAAAAAAAAAAAAAAAAAAAAAAAAAAAAAAAAQAAAAAAAAAAAAAAAAAAAAAAAAEAAAACAAAAAAAAAABi/B0L0JGythwN1lY0aypo19NHxvLCyO5tBEcCVvwF9w3gtrOnY/+cAAAAAAAAAAEAAAAAAAAAAAAAAAAAAAAAAQAAAAAAAAAAAAAAAAAAAA==');
INSERT INTO txfeehistory VALUES ('2aadfb093f2817bd454a973ab441c4a3d7c948cc3a277fcb006bef7528bf949b', 2, 2, 'AAAAAgAAAAMAAAACAAAAAAAAAABi/B0L0JGythwN1lY0aypo19NHxvLCyO5tBEcCVvwF9w3gtrOnY/+cAAAAAAAAAAEAAAAAAAAAAAAAAAAAAAAAAQAAAAAAAAAAAAAAAAAAAAAAAAEAAAACAAAAAAAAAABi/B0L0JGythwN1lY0aypo19NHxvLCyO5tBEcCVvwF9w3gtrOnY/84AAAAAAAAAAIAAAAAAAAAAAAAAAAAAAAAAQAAAAAAAAAAAAAAAAAAAA==');
INSERT INTO txfeehistory VALUES ('37156be3b9c170a015dbb63fe7b282b1309d477626f84cc6c9bcad1bf2bb3927', 2, 3, 'AAAAAgAAAAMAAAACAAAAAAAAAABi/B0L0JGythwN1lY0aypo19NHxvLCyO5tBEcCVvwF9w3gtrOnY/84AAAAAAAAAAIAAAAAAAAAAAAAAAAAAAAAAQAAAAAAAAAAAAAAAAAAAAAAAAEAAAACAAAAAAAAAABi/B0L0JGythwN1lY0aypo19NHxvLCyO5tBEcCVvwF9w3gtrOnY/7UAAAAAAAAAAMAAAAAAAAAAAAAAAAAAAAAAQAAAAAAAAAAAAAAAAAAAA==');
INSERT INTO txfeehistory VALUES ('811192c38643df73c015a5a1d77b802dff05d4f50fc6d10816aa75c0a6109f9a', 3, 1, 'AAAAAgAAAAMAAAACAAAAAAAAAABuaCbVXZ2DlXWarV6UxwbW3GNJgpn3ASChIFp5bxSIWgAAABdIdugAAAAAAgAAAAAAAAAAAAAAAAAAAAAAAAAAAQAAAAAAAAAAAAAAAAAAAAAAAAEAAAADAAAAAAAAAABuaCbVXZ2DlXWarV6UxwbW3GNJgpn3ASChIFp5bxSIWgAAABdIduecAAAAAgAAAAAAAAAAAAAAAAAAAAAAAAAAAQAAAAAAAAAAAAAAAAAAAA==');
INSERT INTO txfeehistory VALUES ('bd486dbdd02d460817671c4a5a7e9d6e865ca29cb41e62d7aaf70a2fee5b36de', 3, 2, 'AAAAAgAAAAMAAAACAAAAAAAAAACuo3ot45qCPExpQ/3oHN+z17Ryis1lfMFYmQWgruS+TAAAABdIdugAAAAAAgAAAAAAAAAAAAAAAAAAAAAAAAAAAQAAAAAAAAAAAAAAAAAAAAAAAAEAAAADAAAAAAAAAACuo3ot45qCPExpQ/3oHN+z17Ryis1lfMFYmQWgruS+TAAAABdIduecAAAAAgAAAAAAAAAAAAAAAAAAAAAAAAAAAQAAAAAAAAAAAAAAAAAAAA==');
INSERT INTO txfeehistory VALUES ('3476bc649563488cf025d82790aa9c44649188232b150d2864d13fe9face5406', 3, 3, 'AAAAAgAAAAMAAAADAAAAAAAAAACuo3ot45qCPExpQ/3oHN+z17Ryis1lfMFYmQWgruS+TAAAABdIduecAAAAAgAAAAAAAAAAAAAAAAAAAAAAAAAAAQAAAAAAAAAAAAAAAAAAAAAAAAEAAAADAAAAAAAAAACuo3ot45qCPExpQ/3oHN+z17Ryis1lfMFYmQWgruS+TAAAABdIduc4AAAAAgAAAAAAAAAAAAAAAAAAAAAAAAAAAQAAAAAAAAAAAAAAAAAAAA==');
INSERT INTO txfeehistory VALUES ('7df857c23c7dfeb974d7c3956775685a8edfa8496bb781fd346c8e2025fad9bf', 3, 4, 'AAAAAgAAAAMAAAADAAAAAAAAAABuaCbVXZ2DlXWarV6UxwbW3GNJgpn3ASChIFp5bxSIWgAAABdIduecAAAAAgAAAAAAAAAAAAAAAAAAAAAAAAAAAQAAAAAAAAAAAAAAAAAAAAAAAAEAAAADAAAAAAAAAABuaCbVXZ2DlXWarV6UxwbW3GNJgpn3ASChIFp5bxSIWgAAABdIduc4AAAAAgAAAAAAAAAAAAAAAAAAAAAAAAAAAQAAAAAAAAAAAAAAAAAAAA==');
INSERT INTO txfeehistory VALUES ('ea945436a3b650efa88063e737518cf1928d9a43d1aba3ec684704f160b3733e', 4, 1, 'AAAAAgAAAAMAAAACAAAAAAAAAAC1uBdHoTugMvQtD7BhIL3Ne9dVPfGI+Ji5JvUO+ZAt7wAAAAJUC+QAAAAAAgAAAAAAAAAAAAAAAAAAAAAAAAAAAQAAAAAAAAAAAAAAAAAAAAAAAAEAAAAEAAAAAAAAAAC1uBdHoTugMvQtD7BhIL3Ne9dVPfGI+Ji5JvUO+ZAt7wAAAAJUC+OcAAAAAgAAAAAAAAAAAAAAAAAAAAAAAAAAAQAAAAAAAAAAAAAAAAAAAA==');
INSERT INTO txfeehistory VALUES ('416a63c3f1491537698cdb6f981097ed8e44ca27d2d9006bd0ba68832ebf9d55', 4, 2, 'AAAAAgAAAAMAAAAEAAAAAAAAAAC1uBdHoTugMvQtD7BhIL3Ne9dVPfGI+Ji5JvUO+ZAt7wAAAAJUC+OcAAAAAgAAAAAAAAAAAAAAAAAAAAAAAAAAAQAAAAAAAAAAAAAAAAAAAAAAAAEAAAAEAAAAAAAAAAC1uBdHoTugMvQtD7BhIL3Ne9dVPfGI+Ji5JvUO+ZAt7wAAAAJUC+M4AAAAAgAAAAAAAAAAAAAAAAAAAAAAAAAAAQAAAAAAAAAAAAAAAAAAAA==');
INSERT INTO txfeehistory VALUES ('73d859647f9f24f6a74bfc936df199256f67d852c472c26cabea83bec22b832d', 4, 3, 'AAAAAgAAAAMAAAAEAAAAAAAAAAC1uBdHoTugMvQtD7BhIL3Ne9dVPfGI+Ji5JvUO+ZAt7wAAAAJUC+M4AAAAAgAAAAAAAAAAAAAAAAAAAAAAAAAAAQAAAAAAAAAAAAAAAAAAAAAAAAEAAAAEAAAAAAAAAAC1uBdHoTugMvQtD7BhIL3Ne9dVPfGI+Ji5JvUO+ZAt7wAAAAJUC+LUAAAAAgAAAAAAAAAAAAAAAAAAAAAAAAAAAQAAAAAAAAAAAAAAAAAAAA==');
INSERT INTO txfeehistory VALUES ('5ce932151e3d972e4ef521b0a6c63f173a5d73c324178379c1c8d52b19713ec8', 4, 4, 'AAAAAgAAAAMAAAAEAAAAAAAAAAC1uBdHoTugMvQtD7BhIL3Ne9dVPfGI+Ji5JvUO+ZAt7wAAAAJUC+LUAAAAAgAAAAAAAAAAAAAAAAAAAAAAAAAAAQAAAAAAAAAAAAAAAAAAAAAAAAEAAAAEAAAAAAAAAAC1uBdHoTugMvQtD7BhIL3Ne9dVPfGI+Ji5JvUO+ZAt7wAAAAJUC+JwAAAAAgAAAAAAAAAAAAAAAAAAAAAAAAAAAQAAAAAAAAAAAAAAAAAAAA==');
INSERT INTO txfeehistory VALUES ('f42caf0be4aa867ffa832f8f925b75cf89b5615528016eb7ea47a285d2919a6c', 5, 1, 'AAAAAgAAAAMAAAADAAAAAAAAAACuo3ot45qCPExpQ/3oHN+z17Ryis1lfMFYmQWgruS+TAAAABdIduc4AAAAAgAAAAIAAAACAAAAAAAAAAAAAAAAAQAAAAAAAAAAAAAAAAAAAAAAAAEAAAAFAAAAAAAAAACuo3ot45qCPExpQ/3oHN+z17Ryis1lfMFYmQWgruS+TAAAABdIdubUAAAAAgAAAAIAAAACAAAAAAAAAAAAAAAAAQAAAAAAAAAAAAAAAAAAAA==');
INSERT INTO txfeehistory VALUES ('6fcbcfbcde0ad6e2da47126334413984d7337dffa9c537fb0569f848b3d2f6f2', 5, 2, 'AAAAAgAAAAMAAAADAAAAAAAAAABuaCbVXZ2DlXWarV6UxwbW3GNJgpn3ASChIFp5bxSIWgAAABdIduc4AAAAAgAAAAIAAAACAAAAAAAAAAAAAAAAAQAAAAAAAAAAAAAAAAAAAAAAAAEAAAAFAAAAAAAAAABuaCbVXZ2DlXWarV6UxwbW3GNJgpn3ASChIFp5bxSIWgAAABdIdubUAAAAAgAAAAIAAAACAAAAAAAAAAAAAAAAAQAAAAAAAAAAAAAAAAAAAA==');
INSERT INTO txfeehistory VALUES ('dcd151fda3242912d2fe71e0181f80806f081a61cf4746873b2ec15bb1bae395', 5, 3, 'AAAAAgAAAAMAAAAFAAAAAAAAAACuo3ot45qCPExpQ/3oHN+z17Ryis1lfMFYmQWgruS+TAAAABdIdubUAAAAAgAAAAIAAAACAAAAAAAAAAAAAAAAAQAAAAAAAAAAAAAAAAAAAAAAAAEAAAAFAAAAAAAAAACuo3ot45qCPExpQ/3oHN+z17Ryis1lfMFYmQWgruS+TAAAABdIduZwAAAAAgAAAAIAAAACAAAAAAAAAAAAAAAAAQAAAAAAAAAAAAAAAAAAAA==');
INSERT INTO txfeehistory VALUES ('e9185c1cd138c5c15625531cfb527c50b9b84fadaa1a45c749f7af9647dec450', 5, 4, 'AAAAAgAAAAMAAAAFAAAAAAAAAABuaCbVXZ2DlXWarV6UxwbW3GNJgpn3ASChIFp5bxSIWgAAABdIdubUAAAAAgAAAAIAAAACAAAAAAAAAAAAAAAAAQAAAAAAAAAAAAAAAAAAAAAAAAEAAAAFAAAAAAAAAABuaCbVXZ2DlXWarV6UxwbW3GNJgpn3ASChIFp5bxSIWgAAABdIduZwAAAAAgAAAAIAAAACAAAAAAAAAAAAAAAAAQAAAAAAAAAAAAAAAAAAAA==');
INSERT INTO txfeehistory VALUES ('f93841b864bc4ce3ddcc2e2ab4378bfd443ecd6eee85b95d634da5c00b0cd667', 5, 5, 'AAAAAgAAAAMAAAAFAAAAAAAAAACuo3ot45qCPExpQ/3oHN+z17Ryis1lfMFYmQWgruS+TAAAABdIduZwAAAAAgAAAAIAAAACAAAAAAAAAAAAAAAAAQAAAAAAAAAAAAAAAAAAAAAAAAEAAAAFAAAAAAAAAACuo3ot45qCPExpQ/3oHN+z17Ryis1lfMFYmQWgruS+TAAAABdIduYMAAAAAgAAAAIAAAACAAAAAAAAAAAAAAAAAQAAAAAAAAAAAAAAAAAAAA==');
INSERT INTO txfeehistory VALUES ('cd12e89db9e04541e37c796ebaae118d36f3bf9dcd3dde4ae0af96b768ffe71f', 5, 6, 'AAAAAgAAAAMAAAAFAAAAAAAAAABuaCbVXZ2DlXWarV6UxwbW3GNJgpn3ASChIFp5bxSIWgAAABdIduZwAAAAAgAAAAIAAAACAAAAAAAAAAAAAAAAAQAAAAAAAAAAAAAAAAAAAAAAAAEAAAAFAAAAAAAAAABuaCbVXZ2DlXWarV6UxwbW3GNJgpn3ASChIFp5bxSIWgAAABdIduYMAAAAAgAAAAIAAAACAAAAAAAAAAAAAAAAAQAAAAAAAAAAAAAAAAAAAA==');
INSERT INTO txfeehistory VALUES ('82ebbbd502be295802887ff05f5cc888c4357a3c6c81f6b1dbdde1e3fb3989b1', 6, 1, 'AAAAAgAAAAMAAAAFAAAAAAAAAABuaCbVXZ2DlXWarV6UxwbW3GNJgpn3ASChIFp5bxSIWgAAABdIduYMAAAAAgAAAAUAAAAFAAAAAAAAAAAAAAAAAQAAAAAAAAAAAAABAAAAeWvSfwAAAAAAAAAAAAAAAAAAAAAAAAAAAQAAAAYAAAAAAAAAAG5oJtVdnYOVdZqtXpTHBtbcY0mCmfcBIKEgWnlvFIhaAAAAF0h25agAAAACAAAABQAAAAUAAAAAAAAAAAAAAAABAAAAAAAAAAAAAAEAAAB5a9J/AAAAAAAAAAAAAAAAAAAAAAA=');
INSERT INTO txfeehistory VALUES ('701efa0b0226e961d31df74f4282982b4048b2b9849ea3f7e02a418511d7a9c5', 6, 2, 'AAAAAgAAAAMAAAAFAAAAAAAAAACuo3ot45qCPExpQ/3oHN+z17Ryis1lfMFYmQWgruS+TAAAABdIduYMAAAAAgAAAAUAAAAFAAAAAAAAAAAAAAAAAQAAAAAAAAAAAAABAAAAAAAAAAAAAAAN+EdYAAAAAAAAAAAAAAAAAQAAAAYAAAAAAAAAAK6jei3jmoI8TGlD/egc37PXtHKKzWV8wViZBaCu5L5MAAAAF0h25agAAAACAAAABQAAAAUAAAAAAAAAAAAAAAABAAAAAAAAAAAAAAEAAAAAAAAAAAAAAA34R1gAAAAAAAAAAAA=');
INSERT INTO txfeehistory VALUES ('a415b192f3730a3ef139035f3c67e3b10a4ea69ff5145f3a76615c1a82400dc9', 6, 3, 'AAAAAgAAAAMAAAAGAAAAAAAAAABuaCbVXZ2DlXWarV6UxwbW3GNJgpn3ASChIFp5bxSIWgAAABdIduWoAAAAAgAAAAUAAAAFAAAAAAAAAAAAAAAAAQAAAAAAAAAAAAABAAAAeWvSfwAAAAAAAAAAAAAAAAAAAAAAAAAAAQAAAAYAAAAAAAAAAG5oJtVdnYOVdZqtXpTHBtbcY0mCmfcBIKEgWnlvFIhaAAAAF0h25UQAAAACAAAABQAAAAUAAAAAAAAAAAAAAAABAAAAAAAAAAAAAAEAAAB5a9J/AAAAAAAAAAAAAAAAAAAAAAA=');
INSERT INTO txfeehistory VALUES ('5dbdfd3ab91f4a52a11ba92c60334bca0d4aad951fe3d159b373afaba1632ea1', 6, 4, 'AAAAAgAAAAMAAAAGAAAAAAAAAACuo3ot45qCPExpQ/3oHN+z17Ryis1lfMFYmQWgruS+TAAAABdIduWoAAAAAgAAAAUAAAAFAAAAAAAAAAAAAAAAAQAAAAAAAAAAAAABAAAAAAAAAAAAAAAN+EdYAAAAAAAAAAAAAAAAAQAAAAYAAAAAAAAAAK6jei3jmoI8TGlD/egc37PXtHKKzWV8wViZBaCu5L5MAAAAF0h25UQAAAACAAAABQAAAAUAAAAAAAAAAAAAAAABAAAAAAAAAAAAAAEAAAAAAAAAAAAAAA34R1gAAAAAAAAAAAA=');
INSERT INTO txfeehistory VALUES ('dfcf019e8c71290048dcd0e4fa01a6d7278386b3e6a793b4c53dd7751cd289e9', 6, 5, 'AAAAAgAAAAMAAAAGAAAAAAAAAACuo3ot45qCPExpQ/3oHN+z17Ryis1lfMFYmQWgruS+TAAAABdIduVEAAAAAgAAAAUAAAAFAAAAAAAAAAAAAAAAAQAAAAAAAAAAAAABAAAAAAAAAAAAAAAN+EdYAAAAAAAAAAAAAAAAAQAAAAYAAAAAAAAAAK6jei3jmoI8TGlD/egc37PXtHKKzWV8wViZBaCu5L5MAAAAF0h25OAAAAACAAAABQAAAAUAAAAAAAAAAAAAAAABAAAAAAAAAAAAAAEAAAAAAAAAAAAAAA34R1gAAAAAAAAAAAA=');
INSERT INTO txfeehistory VALUES ('483298f40a79f46f684c41d22d4d902f1d3feb53abe5551d3ad69dc832408055', 6, 6, 'AAAAAgAAAAMAAAAGAAAAAAAAAABuaCbVXZ2DlXWarV6UxwbW3GNJgpn3ASChIFp5bxSIWgAAABdIduVEAAAAAgAAAAUAAAAFAAAAAAAAAAAAAAAAAQAAAAAAAAAAAAABAAAAeWvSfwAAAAAAAAAAAAAAAAAAAAAAAAAAAQAAAAYAAAAAAAAAAG5oJtVdnYOVdZqtXpTHBtbcY0mCmfcBIKEgWnlvFIhaAAAAF0h25OAAAAACAAAABQAAAAUAAAAAAAAAAAAAAAABAAAAAAAAAAAAAAEAAAB5a9J/AAAAAAAAAAAAAAAAAAAAAAA=');


--
-- Data for Name: txhistory; Type: TABLE DATA; Schema: public; Owner: -
--

INSERT INTO txhistory VALUES ('db398eb4ae89756325643cad21c94e13bfc074b323ee83e141bf701a5d904f1b', 2, 1, 'AAAAAGL8HQvQkbK2HA3WVjRrKmjX00fG8sLI7m0ERwJW/AX3AAAAZAAAAAAAAAABAAAAAAAAAAAAAAABAAAAAAAAAAAAAAAAtbgXR6E7oDL0LQ+wYSC9zXvXVT3xiPiYuSb1DvmQLe8AAAACVAvkAAAAAAAAAAABVvwF9wAAAEAYjQcPT2G5hqnBmgGGeg9J8l4c1EnUlxklElH9sqZr0971F6OLWfe/m4kpFtI+sI0i1qLit5A0JyWnbhYLW5oD', '2zmOtK6JdWMlZDytIclOE7/AdLMj7oPhQb9wGl2QTxsAAAAAAAAAZAAAAAAAAAABAAAAAAAAAAAAAAAAAAAAAA==', 'AAAAAQAAAAAAAAABAAAAAwAAAAMAAAACAAAAAAAAAABi/B0L0JGythwN1lY0aypo19NHxvLCyO5tBEcCVvwF9w3gtrOnY/7UAAAAAAAAAAMAAAAAAAAAAAAAAAAAAAAAAQAAAAAAAAAAAAAAAAAAAAAAAAEAAAACAAAAAAAAAABi/B0L0JGythwN1lY0aypo19NHxvLCyO5tBEcCVvwF9w3gtrFTWBrUAAAAAAAAAAMAAAAAAAAAAAAAAAAAAAAAAQAAAAAAAAAAAAAAAAAAAAAAAAAAAAACAAAAAAAAAAC1uBdHoTugMvQtD7BhIL3Ne9dVPfGI+Ji5JvUO+ZAt7wAAAAJUC+QAAAAAAgAAAAAAAAAAAAAAAAAAAAAAAAAAAQAAAAAAAAAAAAAAAAAAAA==');
INSERT INTO txhistory VALUES ('2aadfb093f2817bd454a973ab441c4a3d7c948cc3a277fcb006bef7528bf949b', 2, 2, 'AAAAAGL8HQvQkbK2HA3WVjRrKmjX00fG8sLI7m0ERwJW/AX3AAAAZAAAAAAAAAACAAAAAAAAAAAAAAABAAAAAAAAAAAAAAAArqN6LeOagjxMaUP96Bzfs9e0corNZXzBWJkFoK7kvkwAAAAXSHboAAAAAAAAAAABVvwF9wAAAECHa9hPxY+5w4/Cg1gW2BdJIU0CmCgnjjXQzx1DjeJzT4phXDLOieuZJoTX6jvhdzMahfepPlpQEIx82W5X8pIG', 'Kq37CT8oF71FSpc6tEHEo9fJSMw6J3/LAGvvdSi/lJsAAAAAAAAAZAAAAAAAAAABAAAAAAAAAAAAAAAAAAAAAA==', 'AAAAAQAAAAAAAAABAAAAAwAAAAMAAAACAAAAAAAAAABi/B0L0JGythwN1lY0aypo19NHxvLCyO5tBEcCVvwF9w3gtrFTWBrUAAAAAAAAAAMAAAAAAAAAAAAAAAAAAAAAAQAAAAAAAAAAAAAAAAAAAAAAAAEAAAACAAAAAAAAAABi/B0L0JGythwN1lY0aypo19NHxvLCyO5tBEcCVvwF9w3gtpoK4TLUAAAAAAAAAAMAAAAAAAAAAAAAAAAAAAAAAQAAAAAAAAAAAAAAAAAAAAAAAAAAAAACAAAAAAAAAACuo3ot45qCPExpQ/3oHN+z17Ryis1lfMFYmQWgruS+TAAAABdIdugAAAAAAgAAAAAAAAAAAAAAAAAAAAAAAAAAAQAAAAAAAAAAAAAAAAAAAA==');
INSERT INTO txhistory VALUES ('37156be3b9c170a015dbb63fe7b282b1309d477626f84cc6c9bcad1bf2bb3927', 2, 3, 'AAAAAGL8HQvQkbK2HA3WVjRrKmjX00fG8sLI7m0ERwJW/AX3AAAAZAAAAAAAAAADAAAAAAAAAAAAAAABAAAAAAAAAAAAAAAAbmgm1V2dg5V1mq1elMcG1txjSYKZ9wEgoSBaeW8UiFoAAAAXSHboAAAAAAAAAAABVvwF9wAAAEDJvf4IwI5rQT3Ap0/ZSFq+RwV1J6eAZV53d+d4+Bal+v3zdhIu82I/eIrOhDHQYrtuPZFwIcE4fuDjBgVIguEO', 'NxVr47nBcKAV27Y/57KCsTCdR3Ym+EzGybytG/K7OScAAAAAAAAAZAAAAAAAAAABAAAAAAAAAAAAAAAAAAAAAA==', 'AAAAAQAAAAAAAAABAAAAAwAAAAMAAAACAAAAAAAAAABi/B0L0JGythwN1lY0aypo19NHxvLCyO5tBEcCVvwF9w3gtpoK4TLUAAAAAAAAAAMAAAAAAAAAAAAAAAAAAAAAAQAAAAAAAAAAAAAAAAAAAAAAAAEAAAACAAAAAAAAAABi/B0L0JGythwN1lY0aypo19NHxvLCyO5tBEcCVvwF9w3gtoLCakrUAAAAAAAAAAMAAAAAAAAAAAAAAAAAAAAAAQAAAAAAAAAAAAAAAAAAAAAAAAAAAAACAAAAAAAAAABuaCbVXZ2DlXWarV6UxwbW3GNJgpn3ASChIFp5bxSIWgAAABdIdugAAAAAAgAAAAAAAAAAAAAAAAAAAAAAAAAAAQAAAAAAAAAAAAAAAAAAAA==');
INSERT INTO txhistory VALUES ('811192c38643df73c015a5a1d77b802dff05d4f50fc6d10816aa75c0a6109f9a', 3, 1, 'AAAAAG5oJtVdnYOVdZqtXpTHBtbcY0mCmfcBIKEgWnlvFIhaAAAAZAAAAAIAAAABAAAAAAAAAAAAAAABAAAAAAAAAAYAAAABVVNEAAAAAAC1uBdHoTugMvQtD7BhIL3Ne9dVPfGI+Ji5JvUO+ZAt73//////////AAAAAAAAAAFvFIhaAAAAQPlg7GLhJg0x7jpAw1Ew6H2XF6yRImfJIwFfx09Nui5btOJAFewFANfOaAB8FQZl5p3A5g3k6DHDigfUNUD16gc=', 'gRGSw4ZD33PAFaWh13uALf8F1PUPxtEIFqp1wKYQn5oAAAAAAAAAZAAAAAAAAAABAAAAAAAAAAYAAAAAAAAAAA==', 'AAAAAQAAAAIAAAADAAAAAwAAAAAAAAAAbmgm1V2dg5V1mq1elMcG1txjSYKZ9wEgoSBaeW8UiFoAAAAXSHbnOAAAAAIAAAAAAAAAAAAAAAAAAAAAAAAAAAEAAAAAAAAAAAAAAAAAAAAAAAABAAAAAwAAAAAAAAAAbmgm1V2dg5V1mq1elMcG1txjSYKZ9wEgoSBaeW8UiFoAAAAXSHbnOAAAAAIAAAABAAAAAAAAAAAAAAAAAAAAAAEAAAAAAAAAAAAAAAAAAAAAAAABAAAAAwAAAAMAAAADAAAAAAAAAABuaCbVXZ2DlXWarV6UxwbW3GNJgpn3ASChIFp5bxSIWgAAABdIduc4AAAAAgAAAAEAAAAAAAAAAAAAAAAAAAAAAQAAAAAAAAAAAAAAAAAAAAAAAAEAAAADAAAAAAAAAABuaCbVXZ2DlXWarV6UxwbW3GNJgpn3ASChIFp5bxSIWgAAABdIduc4AAAAAgAAAAEAAAABAAAAAAAAAAAAAAAAAQAAAAAAAAAAAAAAAAAAAAAAAAAAAAADAAAAAQAAAABuaCbVXZ2DlXWarV6UxwbW3GNJgpn3ASChIFp5bxSIWgAAAAFVU0QAAAAAALW4F0ehO6Ay9C0PsGEgvc1711U98Yj4mLkm9Q75kC3vAAAAAAAAAAB//////////wAAAAEAAAAAAAAAAA==');
INSERT INTO txhistory VALUES ('bd486dbdd02d460817671c4a5a7e9d6e865ca29cb41e62d7aaf70a2fee5b36de', 3, 2, 'AAAAAK6jei3jmoI8TGlD/egc37PXtHKKzWV8wViZBaCu5L5MAAAAZAAAAAIAAAABAAAAAAAAAAAAAAABAAAAAAAAAAYAAAABVVNEAAAAAAC1uBdHoTugMvQtD7BhIL3Ne9dVPfGI+Ji5JvUO+ZAt73//////////AAAAAAAAAAGu5L5MAAAAQB9kmKW2q3v7Qfy8PMekEb1TTI5ixqkI0BogXrOt7gO162Qbkh2dSTUfeDovc0PAafhDXxthVAlsLujlBmyjBAY=', 'vUhtvdAtRggXZxxKWn6dboZcopy0HmLXqvcKL+5bNt4AAAAAAAAAZAAAAAAAAAABAAAAAAAAAAYAAAAAAAAAAA==', 'AAAAAQAAAAIAAAADAAAAAwAAAAAAAAAArqN6LeOagjxMaUP96Bzfs9e0corNZXzBWJkFoK7kvkwAAAAXSHbnOAAAAAIAAAAAAAAAAAAAAAAAAAAAAAAAAAEAAAAAAAAAAAAAAAAAAAAAAAABAAAAAwAAAAAAAAAArqN6LeOagjxMaUP96Bzfs9e0corNZXzBWJkFoK7kvkwAAAAXSHbnOAAAAAIAAAABAAAAAAAAAAAAAAAAAAAAAAEAAAAAAAAAAAAAAAAAAAAAAAABAAAAAwAAAAMAAAADAAAAAAAAAACuo3ot45qCPExpQ/3oHN+z17Ryis1lfMFYmQWgruS+TAAAABdIduc4AAAAAgAAAAEAAAAAAAAAAAAAAAAAAAAAAQAAAAAAAAAAAAAAAAAAAAAAAAEAAAADAAAAAAAAAACuo3ot45qCPExpQ/3oHN+z17Ryis1lfMFYmQWgruS+TAAAABdIduc4AAAAAgAAAAEAAAABAAAAAAAAAAAAAAAAAQAAAAAAAAAAAAAAAAAAAAAAAAAAAAADAAAAAQAAAACuo3ot45qCPExpQ/3oHN+z17Ryis1lfMFYmQWgruS+TAAAAAFVU0QAAAAAALW4F0ehO6Ay9C0PsGEgvc1711U98Yj4mLkm9Q75kC3vAAAAAAAAAAB//////////wAAAAEAAAAAAAAAAA==');
INSERT INTO txhistory VALUES ('3476bc649563488cf025d82790aa9c44649188232b150d2864d13fe9face5406', 3, 3, 'AAAAAK6jei3jmoI8TGlD/egc37PXtHKKzWV8wViZBaCu5L5MAAAAZAAAAAIAAAACAAAAAAAAAAAAAAABAAAAAAAAAAYAAAABQlRDAAAAAAC1uBdHoTugMvQtD7BhIL3Ne9dVPfGI+Ji5JvUO+ZAt73//////////AAAAAAAAAAGu5L5MAAAAQEKBv+8zL1epwxC+sJhEYPmbjL9XScXtctoMIdet5dhgk7YJVJzAnRSgYTvfyoIJKJdQmX66uh2o+rG9K6JImgY=', 'NHa8ZJVjSIzwJdgnkKqcRGSRiCMrFQ0oZNE/6frOVAYAAAAAAAAAZAAAAAAAAAABAAAAAAAAAAYAAAAAAAAAAA==', 'AAAAAQAAAAIAAAADAAAAAwAAAAAAAAAArqN6LeOagjxMaUP96Bzfs9e0corNZXzBWJkFoK7kvkwAAAAXSHbnOAAAAAIAAAABAAAAAQAAAAAAAAAAAAAAAAEAAAAAAAAAAAAAAAAAAAAAAAABAAAAAwAAAAAAAAAArqN6LeOagjxMaUP96Bzfs9e0corNZXzBWJkFoK7kvkwAAAAXSHbnOAAAAAIAAAACAAAAAQAAAAAAAAAAAAAAAAEAAAAAAAAAAAAAAAAAAAAAAAABAAAAAwAAAAMAAAADAAAAAAAAAACuo3ot45qCPExpQ/3oHN+z17Ryis1lfMFYmQWgruS+TAAAABdIduc4AAAAAgAAAAIAAAABAAAAAAAAAAAAAAAAAQAAAAAAAAAAAAAAAAAAAAAAAAEAAAADAAAAAAAAAACuo3ot45qCPExpQ/3oHN+z17Ryis1lfMFYmQWgruS+TAAAABdIduc4AAAAAgAAAAIAAAACAAAAAAAAAAAAAAAAAQAAAAAAAAAAAAAAAAAAAAAAAAAAAAADAAAAAQAAAACuo3ot45qCPExpQ/3oHN+z17Ryis1lfMFYmQWgruS+TAAAAAFCVEMAAAAAALW4F0ehO6Ay9C0PsGEgvc1711U98Yj4mLkm9Q75kC3vAAAAAAAAAAB//////////wAAAAEAAAAAAAAAAA==');
INSERT INTO txhistory VALUES ('7df857c23c7dfeb974d7c3956775685a8edfa8496bb781fd346c8e2025fad9bf', 3, 4, 'AAAAAG5oJtVdnYOVdZqtXpTHBtbcY0mCmfcBIKEgWnlvFIhaAAAAZAAAAAIAAAACAAAAAAAAAAAAAAABAAAAAAAAAAYAAAABQlRDAAAAAAC1uBdHoTugMvQtD7BhIL3Ne9dVPfGI+Ji5JvUO+ZAt73//////////AAAAAAAAAAFvFIhaAAAAQBH/ML6+RzWquFPh8gLF2RuZzYtjjpPeHv/od9M74xlU09Xa4a5e1NhMtMSRIoLItg1EaDWE9zvtHflVWIAaSwQ=', 'ffhXwjx9/rl018OVZ3VoWo7fqElrt4H9NGyOICX62b8AAAAAAAAAZAAAAAAAAAABAAAAAAAAAAYAAAAAAAAAAA==', 'AAAAAQAAAAIAAAADAAAAAwAAAAAAAAAAbmgm1V2dg5V1mq1elMcG1txjSYKZ9wEgoSBaeW8UiFoAAAAXSHbnOAAAAAIAAAABAAAAAQAAAAAAAAAAAAAAAAEAAAAAAAAAAAAAAAAAAAAAAAABAAAAAwAAAAAAAAAAbmgm1V2dg5V1mq1elMcG1txjSYKZ9wEgoSBaeW8UiFoAAAAXSHbnOAAAAAIAAAACAAAAAQAAAAAAAAAAAAAAAAEAAAAAAAAAAAAAAAAAAAAAAAABAAAAAwAAAAMAAAADAAAAAAAAAABuaCbVXZ2DlXWarV6UxwbW3GNJgpn3ASChIFp5bxSIWgAAABdIduc4AAAAAgAAAAIAAAABAAAAAAAAAAAAAAAAAQAAAAAAAAAAAAAAAAAAAAAAAAEAAAADAAAAAAAAAABuaCbVXZ2DlXWarV6UxwbW3GNJgpn3ASChIFp5bxSIWgAAABdIduc4AAAAAgAAAAIAAAACAAAAAAAAAAAAAAAAAQAAAAAAAAAAAAAAAAAAAAAAAAAAAAADAAAAAQAAAABuaCbVXZ2DlXWarV6UxwbW3GNJgpn3ASChIFp5bxSIWgAAAAFCVEMAAAAAALW4F0ehO6Ay9C0PsGEgvc1711U98Yj4mLkm9Q75kC3vAAAAAAAAAAB//////////wAAAAEAAAAAAAAAAA==');
INSERT INTO txhistory VALUES ('ea945436a3b650efa88063e737518cf1928d9a43d1aba3ec684704f160b3733e', 4, 1, 'AAAAALW4F0ehO6Ay9C0PsGEgvc1711U98Yj4mLkm9Q75kC3vAAAAZAAAAAIAAAABAAAAAAAAAAAAAAABAAAAAAAAAAEAAAAArqN6LeOagjxMaUP96Bzfs9e0corNZXzBWJkFoK7kvkwAAAABVVNEAAAAAAC1uBdHoTugMvQtD7BhIL3Ne9dVPfGI+Ji5JvUO+ZAt7wAAAAukO3QAAAAAAAAAAAH5kC3vAAAAQH/ZkzR/eC0F7xP9zApeHvMH7nqetzaSdYh8WHyrwwvbEnx4Db6gz0grnRJBJS66OZbGmCk7yzHm8DkJ7bJ4QAU=', '6pRUNqO2UO+ogGPnN1GM8ZKNmkPRq6PsaEcE8WCzcz4AAAAAAAAAZAAAAAAAAAABAAAAAAAAAAEAAAAAAAAAAA==', 'AAAAAQAAAAIAAAADAAAABAAAAAAAAAAAtbgXR6E7oDL0LQ+wYSC9zXvXVT3xiPiYuSb1DvmQLe8AAAACVAvicAAAAAIAAAAAAAAAAAAAAAAAAAAAAAAAAAEAAAAAAAAAAAAAAAAAAAAAAAABAAAABAAAAAAAAAAAtbgXR6E7oDL0LQ+wYSC9zXvXVT3xiPiYuSb1DvmQLe8AAAACVAvicAAAAAIAAAABAAAAAAAAAAAAAAAAAAAAAAEAAAAAAAAAAAAAAAAAAAAAAAABAAAAAgAAAAMAAAADAAAAAQAAAACuo3ot45qCPExpQ/3oHN+z17Ryis1lfMFYmQWgruS+TAAAAAFVU0QAAAAAALW4F0ehO6Ay9C0PsGEgvc1711U98Yj4mLkm9Q75kC3vAAAAAAAAAAB//////////wAAAAEAAAAAAAAAAAAAAAEAAAAEAAAAAQAAAACuo3ot45qCPExpQ/3oHN+z17Ryis1lfMFYmQWgruS+TAAAAAFVU0QAAAAAALW4F0ehO6Ay9C0PsGEgvc1711U98Yj4mLkm9Q75kC3vAAAAC6Q7dAB//////////wAAAAEAAAAAAAAAAA==');
INSERT INTO txhistory VALUES ('416a63c3f1491537698cdb6f981097ed8e44ca27d2d9006bd0ba68832ebf9d55', 4, 2, 'AAAAALW4F0ehO6Ay9C0PsGEgvc1711U98Yj4mLkm9Q75kC3vAAAAZAAAAAIAAAACAAAAAAAAAAAAAAABAAAAAAAAAAEAAAAAbmgm1V2dg5V1mq1elMcG1txjSYKZ9wEgoSBaeW8UiFoAAAABVVNEAAAAAAC1uBdHoTugMvQtD7BhIL3Ne9dVPfGI+Ji5JvUO+ZAt7wAAAAukO3QAAAAAAAAAAAH5kC3vAAAAQFFGLGFFXbEDRdk2eFyQATNpHuqO/sFrpqsxmNNwGa+MLibNQJLDXWafC4W8KMKQ/hE0M0TLxZeu/O8tYnBuwwA=', 'QWpjw/FJFTdpjNtvmBCX7Y5EyifS2QBr0Lpogy6/nVUAAAAAAAAAZAAAAAAAAAABAAAAAAAAAAEAAAAAAAAAAA==', 'AAAAAQAAAAIAAAADAAAABAAAAAAAAAAAtbgXR6E7oDL0LQ+wYSC9zXvXVT3xiPiYuSb1DvmQLe8AAAACVAvicAAAAAIAAAABAAAAAAAAAAAAAAAAAAAAAAEAAAAAAAAAAAAAAAAAAAAAAAABAAAABAAAAAAAAAAAtbgXR6E7oDL0LQ+wYSC9zXvXVT3xiPiYuSb1DvmQLe8AAAACVAvicAAAAAIAAAACAAAAAAAAAAAAAAAAAAAAAAEAAAAAAAAAAAAAAAAAAAAAAAABAAAAAgAAAAMAAAADAAAAAQAAAABuaCbVXZ2DlXWarV6UxwbW3GNJgpn3ASChIFp5bxSIWgAAAAFVU0QAAAAAALW4F0ehO6Ay9C0PsGEgvc1711U98Yj4mLkm9Q75kC3vAAAAAAAAAAB//////////wAAAAEAAAAAAAAAAAAAAAEAAAAEAAAAAQAAAABuaCbVXZ2DlXWarV6UxwbW3GNJgpn3ASChIFp5bxSIWgAAAAFVU0QAAAAAALW4F0ehO6Ay9C0PsGEgvc1711U98Yj4mLkm9Q75kC3vAAAAC6Q7dAB//////////wAAAAEAAAAAAAAAAA==');
INSERT INTO txhistory VALUES ('73d859647f9f24f6a74bfc936df199256f67d852c472c26cabea83bec22b832d', 4, 3, 'AAAAALW4F0ehO6Ay9C0PsGEgvc1711U98Yj4mLkm9Q75kC3vAAAAZAAAAAIAAAADAAAAAAAAAAAAAAABAAAAAAAAAAEAAAAArqN6LeOagjxMaUP96Bzfs9e0corNZXzBWJkFoK7kvkwAAAABQlRDAAAAAAC1uBdHoTugMvQtD7BhIL3Ne9dVPfGI+Ji5JvUO+ZAt7wAAAA34R1gAAAAAAAAAAAH5kC3vAAAAQDRihMZEiZbpT45/sHslqaKo9bRzLTxvKY+d7hxxHyvlpZSCM8LOZ6frXbAweCsomNpe449ZDHEiwT2oQTWjXg8=', 'c9hZZH+fJPanS/yTbfGZJW9n2FLEcsJsq+qDvsIrgy0AAAAAAAAAZAAAAAAAAAABAAAAAAAAAAEAAAAAAAAAAA==', 'AAAAAQAAAAIAAAADAAAABAAAAAAAAAAAtbgXR6E7oDL0LQ+wYSC9zXvXVT3xiPiYuSb1DvmQLe8AAAACVAvicAAAAAIAAAACAAAAAAAAAAAAAAAAAAAAAAEAAAAAAAAAAAAAAAAAAAAAAAABAAAABAAAAAAAAAAAtbgXR6E7oDL0LQ+wYSC9zXvXVT3xiPiYuSb1DvmQLe8AAAACVAvicAAAAAIAAAADAAAAAAAAAAAAAAAAAAAAAAEAAAAAAAAAAAAAAAAAAAAAAAABAAAAAgAAAAMAAAADAAAAAQAAAACuo3ot45qCPExpQ/3oHN+z17Ryis1lfMFYmQWgruS+TAAAAAFCVEMAAAAAALW4F0ehO6Ay9C0PsGEgvc1711U98Yj4mLkm9Q75kC3vAAAAAAAAAAB//////////wAAAAEAAAAAAAAAAAAAAAEAAAAEAAAAAQAAAACuo3ot45qCPExpQ/3oHN+z17Ryis1lfMFYmQWgruS+TAAAAAFCVEMAAAAAALW4F0ehO6Ay9C0PsGEgvc1711U98Yj4mLkm9Q75kC3vAAAADfhHWAB//////////wAAAAEAAAAAAAAAAA==');
INSERT INTO txhistory VALUES ('5ce932151e3d972e4ef521b0a6c63f173a5d73c324178379c1c8d52b19713ec8', 4, 4, 'AAAAALW4F0ehO6Ay9C0PsGEgvc1711U98Yj4mLkm9Q75kC3vAAAAZAAAAAIAAAAEAAAAAAAAAAAAAAABAAAAAAAAAAEAAAAAbmgm1V2dg5V1mq1elMcG1txjSYKZ9wEgoSBaeW8UiFoAAAABQlRDAAAAAAC1uBdHoTugMvQtD7BhIL3Ne9dVPfGI+Ji5JvUO+ZAt7wAAAA34R1gAAAAAAAAAAAH5kC3vAAAAQIk+tsokBzu1gulfbYjE1e8r1k1piyBZ4dBn0u7vVgZ6/+qiElx7hKerBLj1KjbZGQXdaf90YaYEiJ8bby0EYgo=', 'XOkyFR49ly5O9SGwpsY/Fzpdc8MkF4N5wcjVKxlxPsgAAAAAAAAAZAAAAAAAAAABAAAAAAAAAAEAAAAAAAAAAA==', 'AAAAAQAAAAIAAAADAAAABAAAAAAAAAAAtbgXR6E7oDL0LQ+wYSC9zXvXVT3xiPiYuSb1DvmQLe8AAAACVAvicAAAAAIAAAADAAAAAAAAAAAAAAAAAAAAAAEAAAAAAAAAAAAAAAAAAAAAAAABAAAABAAAAAAAAAAAtbgXR6E7oDL0LQ+wYSC9zXvXVT3xiPiYuSb1DvmQLe8AAAACVAvicAAAAAIAAAAEAAAAAAAAAAAAAAAAAAAAAAEAAAAAAAAAAAAAAAAAAAAAAAABAAAAAgAAAAMAAAADAAAAAQAAAABuaCbVXZ2DlXWarV6UxwbW3GNJgpn3ASChIFp5bxSIWgAAAAFCVEMAAAAAALW4F0ehO6Ay9C0PsGEgvc1711U98Yj4mLkm9Q75kC3vAAAAAAAAAAB//////////wAAAAEAAAAAAAAAAAAAAAEAAAAEAAAAAQAAAABuaCbVXZ2DlXWarV6UxwbW3GNJgpn3ASChIFp5bxSIWgAAAAFCVEMAAAAAALW4F0ehO6Ay9C0PsGEgvc1711U98Yj4mLkm9Q75kC3vAAAADfhHWAB//////////wAAAAEAAAAAAAAAAA==');
INSERT INTO txhistory VALUES ('f42caf0be4aa867ffa832f8f925b75cf89b5615528016eb7ea47a285d2919a6c', 5, 1, 'AAAAAK6jei3jmoI8TGlD/egc37PXtHKKzWV8wViZBaCu5L5MAAAAZAAAAAIAAAADAAAAAAAAAAAAAAABAAAAAAAAAAMAAAAAAAAAAVVTRAAAAAAAtbgXR6E7oDL0LQ+wYSC9zXvXVT3xiPiYuSb1DvmQLe8AAAAAO5rKAAAAAAEAAAAKAAAAAAAAAAAAAAAAAAAAAa7kvkwAAABAeyObGhkwxonX/VI/jcfjrHOdhMDI9U7u4KxVjA3XHqkW4ENworQ5mZDRjj282acAG8cMfWGvYfFcQVVdX62nCw==', '9CyvC+Sqhn/6gy+Pklt1z4m1YVUoAW636keihdKRmmwAAAAAAAAAZAAAAAAAAAABAAAAAAAAAAMAAAAAAAAAAAAAAAAAAAAArqN6LeOagjxMaUP96Bzfs9e0corNZXzBWJkFoK7kvkwAAAAAAAAAAQAAAAAAAAABVVNEAAAAAAC1uBdHoTugMvQtD7BhIL3Ne9dVPfGI+Ji5JvUO+ZAt7wAAAAA7msoAAAAAAQAAAAoAAAAAAAAAAAAAAAA=', 'AAAAAQAAAAIAAAADAAAABQAAAAAAAAAArqN6LeOagjxMaUP96Bzfs9e0corNZXzBWJkFoK7kvkwAAAAXSHbmDAAAAAIAAAACAAAAAgAAAAAAAAAAAAAAAAEAAAAAAAAAAAAAAAAAAAAAAAABAAAABQAAAAAAAAAArqN6LeOagjxMaUP96Bzfs9e0corNZXzBWJkFoK7kvkwAAAAXSHbmDAAAAAIAAAADAAAAAgAAAAAAAAAAAAAAAAEAAAAAAAAAAAAAAAAAAAAAAAABAAAABQAAAAMAAAAFAAAAAAAAAACuo3ot45qCPExpQ/3oHN+z17Ryis1lfMFYmQWgruS+TAAAABdIduYMAAAAAgAAAAMAAAACAAAAAAAAAAAAAAAAAQAAAAAAAAAAAAAAAAAAAAAAAAEAAAAFAAAAAAAAAACuo3ot45qCPExpQ/3oHN+z17Ryis1lfMFYmQWgruS+TAAAABdIduYMAAAAAgAAAAMAAAADAAAAAAAAAAAAAAAAAQAAAAAAAAAAAAABAAAAAAAAAAAAAAAAO5rKAAAAAAAAAAAAAAAAAwAAAAQAAAABAAAAAK6jei3jmoI8TGlD/egc37PXtHKKzWV8wViZBaCu5L5MAAAAAVVTRAAAAAAAtbgXR6E7oDL0LQ+wYSC9zXvXVT3xiPiYuSb1DvmQLe8AAAALpDt0AH//////////AAAAAQAAAAAAAAAAAAAAAQAAAAUAAAABAAAAAK6jei3jmoI8TGlD/egc37PXtHKKzWV8wViZBaCu5L5MAAAAAVVTRAAAAAAAtbgXR6E7oDL0LQ+wYSC9zXvXVT3xiPiYuSb1DvmQLe8AAAALpDt0AH//////////AAAAAQAAAAEAAAAABfXhAAAAAAAAAAAAAAAAAAAAAAAAAAAAAAAABQAAAAIAAAAArqN6LeOagjxMaUP96Bzfs9e0corNZXzBWJkFoK7kvkwAAAAAAAAAAQAAAAAAAAABVVNEAAAAAAC1uBdHoTugMvQtD7BhIL3Ne9dVPfGI+Ji5JvUO+ZAt7wAAAAA7msoAAAAAAQAAAAoAAAAAAAAAAAAAAAA=');
INSERT INTO txhistory VALUES ('6fcbcfbcde0ad6e2da47126334413984d7337dffa9c537fb0569f848b3d2f6f2', 5, 2, 'AAAAAG5oJtVdnYOVdZqtXpTHBtbcY0mCmfcBIKEgWnlvFIhaAAAAZAAAAAIAAAADAAAAAAAAAAAAAAABAAAAAAAAAAMAAAABVVNEAAAAAAC1uBdHoTugMvQtD7BhIL3Ne9dVPfGI+Ji5JvUO+ZAt7wAAAAAAAAAABfXhAAAAAA8AAAABAAAAAAAAAAAAAAAAAAAAAW8UiFoAAABAxsghzEhvQmICVccjSoy9Q2LUjXol62JlBd8shmRwqO9XyelpSY554bdmHq6xqc6jYZow955E47PWqCEfeVhhCw==', 'b8vPvN4K1uLaRxJjNEE5hNczff+pxTf7BWn4SLPS9vIAAAAAAAAAZAAAAAAAAAABAAAAAAAAAAMAAAAAAAAAAAAAAAAAAAAAbmgm1V2dg5V1mq1elMcG1txjSYKZ9wEgoSBaeW8UiFoAAAAAAAAAAgAAAAFVU0QAAAAAALW4F0ehO6Ay9C0PsGEgvc1711U98Yj4mLkm9Q75kC3vAAAAAAAAAAAF9eEAAAAADwAAAAEAAAAAAAAAAAAAAAA=', 'AAAAAQAAAAIAAAADAAAABQAAAAAAAAAAbmgm1V2dg5V1mq1elMcG1txjSYKZ9wEgoSBaeW8UiFoAAAAXSHbmDAAAAAIAAAACAAAAAgAAAAAAAAAAAAAAAAEAAAAAAAAAAAAAAAAAAAAAAAABAAAABQAAAAAAAAAAbmgm1V2dg5V1mq1elMcG1txjSYKZ9wEgoSBaeW8UiFoAAAAXSHbmDAAAAAIAAAADAAAAAgAAAAAAAAAAAAAAAAEAAAAAAAAAAAAAAAAAAAAAAAABAAAABQAAAAMAAAAFAAAAAAAAAABuaCbVXZ2DlXWarV6UxwbW3GNJgpn3ASChIFp5bxSIWgAAABdIduYMAAAAAgAAAAMAAAACAAAAAAAAAAAAAAAAAQAAAAAAAAAAAAAAAAAAAAAAAAEAAAAFAAAAAAAAAABuaCbVXZ2DlXWarV6UxwbW3GNJgpn3ASChIFp5bxSIWgAAABdIduYMAAAAAgAAAAMAAAADAAAAAAAAAAAAAAAAAQAAAAAAAAAAAAABAAAAAFloLwAAAAAAAAAAAAAAAAAAAAAAAAAAAwAAAAQAAAABAAAAAG5oJtVdnYOVdZqtXpTHBtbcY0mCmfcBIKEgWnlvFIhaAAAAAVVTRAAAAAAAtbgXR6E7oDL0LQ+wYSC9zXvXVT3xiPiYuSb1DvmQLe8AAAALpDt0AH//////////AAAAAQAAAAAAAAAAAAAAAQAAAAUAAAABAAAAAG5oJtVdnYOVdZqtXpTHBtbcY0mCmfcBIKEgWnlvFIhaAAAAAVVTRAAAAAAAtbgXR6E7oDL0LQ+wYSC9zXvXVT3xiPiYuSb1DvmQLe8AAAALpDt0AH//////////AAAAAQAAAAEAAAAAAAAAAAAAAAAF9eEAAAAAAAAAAAAAAAAAAAAABQAAAAIAAAAAbmgm1V2dg5V1mq1elMcG1txjSYKZ9wEgoSBaeW8UiFoAAAAAAAAAAgAAAAFVU0QAAAAAALW4F0ehO6Ay9C0PsGEgvc1711U98Yj4mLkm9Q75kC3vAAAAAAAAAAAF9eEAAAAADwAAAAEAAAAAAAAAAAAAAAA=');
INSERT INTO txhistory VALUES ('dcd151fda3242912d2fe71e0181f80806f081a61cf4746873b2ec15bb1bae395', 5, 3, 'AAAAAK6jei3jmoI8TGlD/egc37PXtHKKzWV8wViZBaCu5L5MAAAAZAAAAAIAAAAEAAAAAAAAAAAAAAABAAAAAAAAAAMAAAAAAAAAAVVTRAAAAAAAtbgXR6E7oDL0LQ+wYSC9zXvXVT3xiPiYuSb1DvmQLe8AAAACGHEaAAAAAAEAAAAJAAAAAAAAAAAAAAAAAAAAAa7kvkwAAABAqPx69qSD18N3YK5zdNznZdpXBkbohJTuCKnYl0dQPAE/HWxA8fNfVggVZtGaGk8YMcH/4dvB7zeGF9SEQoSQBg==', '3NFR/aMkKRLS/nHgGB+AgG8IGmHPR0aHOy7BW7G645UAAAAAAAAAZAAAAAAAAAABAAAAAAAAAAMAAAAAAAAAAAAAAAAAAAAArqN6LeOagjxMaUP96Bzfs9e0corNZXzBWJkFoK7kvkwAAAAAAAAAAwAAAAAAAAABVVNEAAAAAAC1uBdHoTugMvQtD7BhIL3Ne9dVPfGI+Ji5JvUO+ZAt7wAAAAIYcRoAAAAAAQAAAAkAAAAAAAAAAAAAAAA=', 'AAAAAQAAAAIAAAADAAAABQAAAAAAAAAArqN6LeOagjxMaUP96Bzfs9e0corNZXzBWJkFoK7kvkwAAAAXSHbmDAAAAAIAAAADAAAAAwAAAAAAAAAAAAAAAAEAAAAAAAAAAAAAAQAAAAAAAAAAAAAAADuaygAAAAAAAAAAAAAAAAEAAAAFAAAAAAAAAACuo3ot45qCPExpQ/3oHN+z17Ryis1lfMFYmQWgruS+TAAAABdIduYMAAAAAgAAAAQAAAADAAAAAAAAAAAAAAAAAQAAAAAAAAAAAAABAAAAAAAAAAAAAAAAO5rKAAAAAAAAAAAAAAAAAQAAAAUAAAADAAAABQAAAAAAAAAArqN6LeOagjxMaUP96Bzfs9e0corNZXzBWJkFoK7kvkwAAAAXSHbmDAAAAAIAAAAEAAAAAwAAAAAAAAAAAAAAAAEAAAAAAAAAAAAAAQAAAAAAAAAAAAAAADuaygAAAAAAAAAAAAAAAAEAAAAFAAAAAAAAAACuo3ot45qCPExpQ/3oHN+z17Ryis1lfMFYmQWgruS+TAAAABdIduYMAAAAAgAAAAQAAAAEAAAAAAAAAAAAAAAAAQAAAAAAAAAAAAABAAAAAAAAAAAAAAACVAvkAAAAAAAAAAAAAAAAAwAAAAUAAAABAAAAAK6jei3jmoI8TGlD/egc37PXtHKKzWV8wViZBaCu5L5MAAAAAVVTRAAAAAAAtbgXR6E7oDL0LQ+wYSC9zXvXVT3xiPiYuSb1DvmQLe8AAAALpDt0AH//////////AAAAAQAAAAEAAAAABfXhAAAAAAAAAAAAAAAAAAAAAAAAAAABAAAABQAAAAEAAAAArqN6LeOagjxMaUP96Bzfs9e0corNZXzBWJkFoK7kvkwAAAABVVNEAAAAAAC1uBdHoTugMvQtD7BhIL3Ne9dVPfGI+Ji5JvUO+ZAt7wAAAAukO3QAf/////////8AAAABAAAAAQAAAABBkKsAAAAAAAAAAAAAAAAAAAAAAAAAAAAAAAAFAAAAAgAAAACuo3ot45qCPExpQ/3oHN+z17Ryis1lfMFYmQWgruS+TAAAAAAAAAADAAAAAAAAAAFVU0QAAAAAALW4F0ehO6Ay9C0PsGEgvc1711U98Yj4mLkm9Q75kC3vAAAAAhhxGgAAAAABAAAACQAAAAAAAAAAAAAAAA==');
INSERT INTO txhistory VALUES ('e9185c1cd138c5c15625531cfb527c50b9b84fadaa1a45c749f7af9647dec450', 5, 4, 'AAAAAG5oJtVdnYOVdZqtXpTHBtbcY0mCmfcBIKEgWnlvFIhaAAAAZAAAAAIAAAAEAAAAAAAAAAAAAAABAAAAAAAAAAMAAAABVVNEAAAAAAC1uBdHoTugMvQtD7BhIL3Ne9dVPfGI+Ji5JvUO+ZAt7wAAAAAAAAAAO5rKAAAAABQAAAABAAAAAAAAAAAAAAAAAAAAAW8UiFoAAABAgI2ziUivGtOdn4yh1DKts6kzH4kZroEEHAUKspjBt8JrewsqrY1vOvn/5ob+x5EGmpEOFaDB/mINM33OASmyAA==', '6RhcHNE4xcFWJVMc+1J8ULm4T62qGkXHSfevlkfexFAAAAAAAAAAZAAAAAAAAAABAAAAAAAAAAMAAAAAAAAAAAAAAAAAAAAAbmgm1V2dg5V1mq1elMcG1txjSYKZ9wEgoSBaeW8UiFoAAAAAAAAABAAAAAFVU0QAAAAAALW4F0ehO6Ay9C0PsGEgvc1711U98Yj4mLkm9Q75kC3vAAAAAAAAAAA7msoAAAAAFAAAAAEAAAAAAAAAAAAAAAA=', 'AAAAAQAAAAIAAAADAAAABQAAAAAAAAAAbmgm1V2dg5V1mq1elMcG1txjSYKZ9wEgoSBaeW8UiFoAAAAXSHbmDAAAAAIAAAADAAAAAwAAAAAAAAAAAAAAAAEAAAAAAAAAAAAAAQAAAABZaC8AAAAAAAAAAAAAAAAAAAAAAAAAAAEAAAAFAAAAAAAAAABuaCbVXZ2DlXWarV6UxwbW3GNJgpn3ASChIFp5bxSIWgAAABdIduYMAAAAAgAAAAQAAAADAAAAAAAAAAAAAAAAAQAAAAAAAAAAAAABAAAAAFloLwAAAAAAAAAAAAAAAAAAAAAAAAAAAQAAAAUAAAADAAAABQAAAAAAAAAAbmgm1V2dg5V1mq1elMcG1txjSYKZ9wEgoSBaeW8UiFoAAAAXSHbmDAAAAAIAAAAEAAAAAwAAAAAAAAAAAAAAAAEAAAAAAAAAAAAAAQAAAABZaC8AAAAAAAAAAAAAAAAAAAAAAAAAAAEAAAAFAAAAAAAAAABuaCbVXZ2DlXWarV6UxwbW3GNJgpn3ASChIFp5bxSIWgAAABdIduYMAAAAAgAAAAQAAAAEAAAAAAAAAAAAAAAAAQAAAAAAAAAAAAABAAAABQF/9wAAAAAAAAAAAAAAAAAAAAAAAAAAAwAAAAUAAAABAAAAAG5oJtVdnYOVdZqtXpTHBtbcY0mCmfcBIKEgWnlvFIhaAAAAAVVTRAAAAAAAtbgXR6E7oDL0LQ+wYSC9zXvXVT3xiPiYuSb1DvmQLe8AAAALpDt0AH//////////AAAAAQAAAAEAAAAAAAAAAAAAAAAF9eEAAAAAAAAAAAAAAAABAAAABQAAAAEAAAAAbmgm1V2dg5V1mq1elMcG1txjSYKZ9wEgoSBaeW8UiFoAAAABVVNEAAAAAAC1uBdHoTugMvQtD7BhIL3Ne9dVPfGI+Ji5JvUO+ZAt7wAAAAukO3QAf/////////8AAAABAAAAAQAAAAAAAAAAAAAAAEGQqwAAAAAAAAAAAAAAAAAAAAAFAAAAAgAAAABuaCbVXZ2DlXWarV6UxwbW3GNJgpn3ASChIFp5bxSIWgAAAAAAAAAEAAAAAVVTRAAAAAAAtbgXR6E7oDL0LQ+wYSC9zXvXVT3xiPiYuSb1DvmQLe8AAAAAAAAAADuaygAAAAAUAAAAAQAAAAAAAAAAAAAAAA==');
INSERT INTO txhistory VALUES ('f93841b864bc4ce3ddcc2e2ab4378bfd443ecd6eee85b95d634da5c00b0cd667', 5, 5, 'AAAAAK6jei3jmoI8TGlD/egc37PXtHKKzWV8wViZBaCu5L5MAAAAZAAAAAIAAAAFAAAAAAAAAAAAAAABAAAAAAAAAAMAAAAAAAAAAVVTRAAAAAAAtbgXR6E7oDL0LQ+wYSC9zXvXVT3xiPiYuSb1DvmQLe8AAAALpDt0AAAAAAEAAAAFAAAAAAAAAAAAAAAAAAAAAa7kvkwAAABAO6P8u7hte5mLhMJe3EDbGFmBHKg/kN03Gfvwao0kYaGv7wHYouK/zhWBLu3A+tB4haCav2a/dO1JiND6xX11AA==', '+ThBuGS8TOPdzC4qtDeL/UQ+zW7uhbldY02lwAsM1mcAAAAAAAAAZAAAAAAAAAABAAAAAAAAAAMAAAAAAAAAAAAAAAAAAAAArqN6LeOagjxMaUP96Bzfs9e0corNZXzBWJkFoK7kvkwAAAAAAAAABQAAAAAAAAABVVNEAAAAAAC1uBdHoTugMvQtD7BhIL3Ne9dVPfGI+Ji5JvUO+ZAt7wAAAAukO3QAAAAAAQAAAAUAAAAAAAAAAAAAAAA=', 'AAAAAQAAAAIAAAADAAAABQAAAAAAAAAArqN6LeOagjxMaUP96Bzfs9e0corNZXzBWJkFoK7kvkwAAAAXSHbmDAAAAAIAAAAEAAAABAAAAAAAAAAAAAAAAAEAAAAAAAAAAAAAAQAAAAAAAAAAAAAAAlQL5AAAAAAAAAAAAAAAAAEAAAAFAAAAAAAAAACuo3ot45qCPExpQ/3oHN+z17Ryis1lfMFYmQWgruS+TAAAABdIduYMAAAAAgAAAAUAAAAEAAAAAAAAAAAAAAAAAQAAAAAAAAAAAAABAAAAAAAAAAAAAAACVAvkAAAAAAAAAAAAAAAAAQAAAAUAAAADAAAABQAAAAAAAAAArqN6LeOagjxMaUP96Bzfs9e0corNZXzBWJkFoK7kvkwAAAAXSHbmDAAAAAIAAAAFAAAABAAAAAAAAAAAAAAAAAEAAAAAAAAAAAAAAQAAAAAAAAAAAAAAAlQL5AAAAAAAAAAAAAAAAAEAAAAFAAAAAAAAAACuo3ot45qCPExpQ/3oHN+z17Ryis1lfMFYmQWgruS+TAAAABdIduYMAAAAAgAAAAUAAAAFAAAAAAAAAAAAAAAAAQAAAAAAAAAAAAABAAAAAAAAAAAAAAAN+EdYAAAAAAAAAAAAAAAAAwAAAAUAAAABAAAAAK6jei3jmoI8TGlD/egc37PXtHKKzWV8wViZBaCu5L5MAAAAAVVTRAAAAAAAtbgXR6E7oDL0LQ+wYSC9zXvXVT3xiPiYuSb1DvmQLe8AAAALpDt0AH//////////AAAAAQAAAAEAAAAAQZCrAAAAAAAAAAAAAAAAAAAAAAAAAAABAAAABQAAAAEAAAAArqN6LeOagjxMaUP96Bzfs9e0corNZXzBWJkFoK7kvkwAAAABVVNEAAAAAAC1uBdHoTugMvQtD7BhIL3Ne9dVPfGI+Ji5JvUO+ZAt7wAAAAukO3QAf/////////8AAAABAAAAAQAAAAKVnI8AAAAAAAAAAAAAAAAAAAAAAAAAAAAAAAAFAAAAAgAAAACuo3ot45qCPExpQ/3oHN+z17Ryis1lfMFYmQWgruS+TAAAAAAAAAAFAAAAAAAAAAFVU0QAAAAAALW4F0ehO6Ay9C0PsGEgvc1711U98Yj4mLkm9Q75kC3vAAAAC6Q7dAAAAAABAAAABQAAAAAAAAAAAAAAAA==');
INSERT INTO txhistory VALUES ('cd12e89db9e04541e37c796ebaae118d36f3bf9dcd3dde4ae0af96b768ffe71f', 5, 6, 'AAAAAG5oJtVdnYOVdZqtXpTHBtbcY0mCmfcBIKEgWnlvFIhaAAAAZAAAAAIAAAAFAAAAAAAAAAAAAAABAAAAAAAAAAMAAAABVVNEAAAAAAC1uBdHoTugMvQtD7BhIL3Ne9dVPfGI+Ji5JvUO+ZAt7wAAAAAAAAACVAvkAAAAADIAAAABAAAAAAAAAAAAAAAAAAAAAW8UiFoAAABA5Xo6CV4r7iFHfyeH2p1RsjxOyoXGqhom3bEbhCMeTQNK2+UYCyWnmhZR6yRiWge9MSfcFhiv1LafatF+SW+EAg==', 'zRLonbngRUHjfHluuq4RjTbzv53NPd5K4K+Wt2j/5x8AAAAAAAAAZAAAAAAAAAABAAAAAAAAAAMAAAAAAAAAAAAAAAAAAAAAbmgm1V2dg5V1mq1elMcG1txjSYKZ9wEgoSBaeW8UiFoAAAAAAAAABgAAAAFVU0QAAAAAALW4F0ehO6Ay9C0PsGEgvc1711U98Yj4mLkm9Q75kC3vAAAAAAAAAAJUC+QAAAAAMgAAAAEAAAAAAAAAAAAAAAA=', 'AAAAAQAAAAIAAAADAAAABQAAAAAAAAAAbmgm1V2dg5V1mq1elMcG1txjSYKZ9wEgoSBaeW8UiFoAAAAXSHbmDAAAAAIAAAAEAAAABAAAAAAAAAAAAAAAAAEAAAAAAAAAAAAAAQAAAAUBf/cAAAAAAAAAAAAAAAAAAAAAAAAAAAEAAAAFAAAAAAAAAABuaCbVXZ2DlXWarV6UxwbW3GNJgpn3ASChIFp5bxSIWgAAABdIduYMAAAAAgAAAAUAAAAEAAAAAAAAAAAAAAAAAQAAAAAAAAAAAAABAAAABQF/9wAAAAAAAAAAAAAAAAAAAAAAAAAAAQAAAAUAAAADAAAABQAAAAAAAAAAbmgm1V2dg5V1mq1elMcG1txjSYKZ9wEgoSBaeW8UiFoAAAAXSHbmDAAAAAIAAAAFAAAABAAAAAAAAAAAAAAAAAEAAAAAAAAAAAAAAQAAAAUBf/cAAAAAAAAAAAAAAAAAAAAAAAAAAAEAAAAFAAAAAAAAAABuaCbVXZ2DlXWarV6UxwbW3GNJgpn3ASChIFp5bxSIWgAAABdIduYMAAAAAgAAAAUAAAAFAAAAAAAAAAAAAAAAAQAAAAAAAAAAAAABAAAAeWvSfwAAAAAAAAAAAAAAAAAAAAAAAAAAAwAAAAUAAAABAAAAAG5oJtVdnYOVdZqtXpTHBtbcY0mCmfcBIKEgWnlvFIhaAAAAAVVTRAAAAAAAtbgXR6E7oDL0LQ+wYSC9zXvXVT3xiPiYuSb1DvmQLe8AAAALpDt0AH//////////AAAAAQAAAAEAAAAAAAAAAAAAAABBkKsAAAAAAAAAAAAAAAABAAAABQAAAAEAAAAAbmgm1V2dg5V1mq1elMcG1txjSYKZ9wEgoSBaeW8UiFoAAAABVVNEAAAAAAC1uBdHoTugMvQtD7BhIL3Ne9dVPfGI+Ji5JvUO+ZAt7wAAAAukO3QAf/////////8AAAABAAAAAQAAAAAAAAAAAAAAApWcjwAAAAAAAAAAAAAAAAAAAAAFAAAAAgAAAABuaCbVXZ2DlXWarV6UxwbW3GNJgpn3ASChIFp5bxSIWgAAAAAAAAAGAAAAAVVTRAAAAAAAtbgXR6E7oDL0LQ+wYSC9zXvXVT3xiPiYuSb1DvmQLe8AAAAAAAAAAlQL5AAAAAAyAAAAAQAAAAAAAAAAAAAAAA==');
INSERT INTO txhistory VALUES ('82ebbbd502be295802887ff05f5cc888c4357a3c6c81f6b1dbdde1e3fb3989b1', 6, 1, 'AAAAAG5oJtVdnYOVdZqtXpTHBtbcY0mCmfcBIKEgWnlvFIhaAAAAZAAAAAIAAAAGAAAAAAAAAAAAAAABAAAAAAAAAAMAAAABVVNEAAAAAAC1uBdHoTugMvQtD7BhIL3Ne9dVPfGI+Ji5JvUO+ZAt7wAAAAFCVEMAAAAAALW4F0ehO6Ay9C0PsGEgvc1711U98Yj4mLkm9Q75kC3vAAAAAAX14QAAAAAPAAAAAQAAAAAAAAAAAAAAAAAAAAFvFIhaAAAAQJRZS+tNQVLwpcLQhdjJdPLhzMtK0P8YLmjT4BvGjoG7f5/c9t+sRfq5J3XG47Ewn+SzOnc9VV4QwvLLdusiwwA=', 'guu71QK+KVgCiH/wX1zIiMQ1ejxsgfax293h4/s5ibEAAAAAAAAAZAAAAAAAAAABAAAAAAAAAAMAAAAAAAAAAAAAAAAAAAAAbmgm1V2dg5V1mq1elMcG1txjSYKZ9wEgoSBaeW8UiFoAAAAAAAAABwAAAAFVU0QAAAAAALW4F0ehO6Ay9C0PsGEgvc1711U98Yj4mLkm9Q75kC3vAAAAAUJUQwAAAAAAtbgXR6E7oDL0LQ+wYSC9zXvXVT3xiPiYuSb1DvmQLe8AAAAABfXhAAAAAA8AAAABAAAAAAAAAAAAAAAA', 'AAAAAQAAAAIAAAADAAAABgAAAAAAAAAAbmgm1V2dg5V1mq1elMcG1txjSYKZ9wEgoSBaeW8UiFoAAAAXSHbk4AAAAAIAAAAFAAAABQAAAAAAAAAAAAAAAAEAAAAAAAAAAAAAAQAAAHlr0n8AAAAAAAAAAAAAAAAAAAAAAAAAAAEAAAAGAAAAAAAAAABuaCbVXZ2DlXWarV6UxwbW3GNJgpn3ASChIFp5bxSIWgAAABdIduTgAAAAAgAAAAYAAAAFAAAAAAAAAAAAAAAAAQAAAAAAAAAAAAABAAAAeWvSfwAAAAAAAAAAAAAAAAAAAAAAAAAAAQAAAAcAAAADAAAABgAAAAAAAAAAbmgm1V2dg5V1mq1elMcG1txjSYKZ9wEgoSBaeW8UiFoAAAAXSHbk4AAAAAIAAAAGAAAABQAAAAAAAAAAAAAAAAEAAAAAAAAAAAAAAQAAAHlr0n8AAAAAAAAAAAAAAAAAAAAAAAAAAAEAAAAGAAAAAAAAAABuaCbVXZ2DlXWarV6UxwbW3GNJgpn3ASChIFp5bxSIWgAAABdIduTgAAAAAgAAAAYAAAAGAAAAAAAAAAAAAAAAAQAAAAAAAAAAAAABAAAAeWvSfwAAAAAAAAAAAAAAAAAAAAAAAAAAAwAAAAQAAAABAAAAAG5oJtVdnYOVdZqtXpTHBtbcY0mCmfcBIKEgWnlvFIhaAAAAAUJUQwAAAAAAtbgXR6E7oDL0LQ+wYSC9zXvXVT3xiPiYuSb1DvmQLe8AAAAN+EdYAH//////////AAAAAQAAAAAAAAAAAAAAAQAAAAYAAAABAAAAAG5oJtVdnYOVdZqtXpTHBtbcY0mCmfcBIKEgWnlvFIhaAAAAAUJUQwAAAAAAtbgXR6E7oDL0LQ+wYSC9zXvXVT3xiPiYuSb1DvmQLe8AAAAN+EdYAH//////////AAAAAQAAAAEAAAAAWWgvAAAAAAAAAAAAAAAAAAAAAAAAAAADAAAABQAAAAEAAAAAbmgm1V2dg5V1mq1elMcG1txjSYKZ9wEgoSBaeW8UiFoAAAABVVNEAAAAAAC1uBdHoTugMvQtD7BhIL3Ne9dVPfGI+Ji5JvUO+ZAt7wAAAAukO3QAf/////////8AAAABAAAAAQAAAAAAAAAAAAAAApWcjwAAAAAAAAAAAAAAAAEAAAAGAAAAAQAAAABuaCbVXZ2DlXWarV6UxwbW3GNJgpn3ASChIFp5bxSIWgAAAAFVU0QAAAAAALW4F0ehO6Ay9C0PsGEgvc1711U98Yj4mLkm9Q75kC3vAAAAC6Q7dAB//////////wAAAAEAAAABAAAAAAAAAAAAAAACm5JwAAAAAAAAAAAAAAAAAAAAAAYAAAACAAAAAG5oJtVdnYOVdZqtXpTHBtbcY0mCmfcBIKEgWnlvFIhaAAAAAAAAAAcAAAABVVNEAAAAAAC1uBdHoTugMvQtD7BhIL3Ne9dVPfGI+Ji5JvUO+ZAt7wAAAAFCVEMAAAAAALW4F0ehO6Ay9C0PsGEgvc1711U98Yj4mLkm9Q75kC3vAAAAAAX14QAAAAAPAAAAAQAAAAAAAAAAAAAAAA==');
INSERT INTO txhistory VALUES ('701efa0b0226e961d31df74f4282982b4048b2b9849ea3f7e02a418511d7a9c5', 6, 2, 'AAAAAK6jei3jmoI8TGlD/egc37PXtHKKzWV8wViZBaCu5L5MAAAAZAAAAAIAAAAGAAAAAAAAAAAAAAABAAAAAAAAAAMAAAABQlRDAAAAAAC1uBdHoTugMvQtD7BhIL3Ne9dVPfGI+Ji5JvUO+ZAt7wAAAAFVU0QAAAAAALW4F0ehO6Ay9C0PsGEgvc1711U98Yj4mLkm9Q75kC3vAAAAADuaygAAAAABAAAACgAAAAAAAAAAAAAAAAAAAAGu5L5MAAAAQOgEzlrfIyzY3OVuWdROUj73yLBItV1mpZlWOOZMg568Vjq16aseyTgvUUBvWmBQOjdLLDsY7vU3SR8RAgiCMAk=', 'cB76CwIm6WHTHfdPQoKYK0BIsrmEnqP34CpBhRHXqcUAAAAAAAAAZAAAAAAAAAABAAAAAAAAAAMAAAAAAAAAAAAAAAAAAAAArqN6LeOagjxMaUP96Bzfs9e0corNZXzBWJkFoK7kvkwAAAAAAAAACAAAAAFCVEMAAAAAALW4F0ehO6Ay9C0PsGEgvc1711U98Yj4mLkm9Q75kC3vAAAAAVVTRAAAAAAAtbgXR6E7oDL0LQ+wYSC9zXvXVT3xiPiYuSb1DvmQLe8AAAAAO5rKAAAAAAEAAAAKAAAAAAAAAAAAAAAA', 'AAAAAQAAAAIAAAADAAAABgAAAAAAAAAArqN6LeOagjxMaUP96Bzfs9e0corNZXzBWJkFoK7kvkwAAAAXSHbk4AAAAAIAAAAFAAAABQAAAAAAAAAAAAAAAAEAAAAAAAAAAAAAAQAAAAAAAAAAAAAADfhHWAAAAAAAAAAAAAAAAAEAAAAGAAAAAAAAAACuo3ot45qCPExpQ/3oHN+z17Ryis1lfMFYmQWgruS+TAAAABdIduTgAAAAAgAAAAYAAAAFAAAAAAAAAAAAAAAAAQAAAAAAAAAAAAABAAAAAAAAAAAAAAAN+EdYAAAAAAAAAAAAAAAAAQAAAAcAAAADAAAABgAAAAAAAAAArqN6LeOagjxMaUP96Bzfs9e0corNZXzBWJkFoK7kvkwAAAAXSHbk4AAAAAIAAAAGAAAABQAAAAAAAAAAAAAAAAEAAAAAAAAAAAAAAQAAAAAAAAAAAAAADfhHWAAAAAAAAAAAAAAAAAEAAAAGAAAAAAAAAACuo3ot45qCPExpQ/3oHN+z17Ryis1lfMFYmQWgruS+TAAAABdIduTgAAAAAgAAAAYAAAAGAAAAAAAAAAAAAAAAAQAAAAAAAAAAAAABAAAAAAAAAAAAAAAN+EdYAAAAAAAAAAAAAAAAAwAAAAQAAAABAAAAAK6jei3jmoI8TGlD/egc37PXtHKKzWV8wViZBaCu5L5MAAAAAUJUQwAAAAAAtbgXR6E7oDL0LQ+wYSC9zXvXVT3xiPiYuSb1DvmQLe8AAAAN+EdYAH//////////AAAAAQAAAAAAAAAAAAAAAQAAAAYAAAABAAAAAK6jei3jmoI8TGlD/egc37PXtHKKzWV8wViZBaCu5L5MAAAAAUJUQwAAAAAAtbgXR6E7oDL0LQ+wYSC9zXvXVT3xiPiYuSb1DvmQLe8AAAAN+EdYAH//////////AAAAAQAAAAEAAAAAAAAAAAAAAAA7msoAAAAAAAAAAAAAAAADAAAABQAAAAEAAAAArqN6LeOagjxMaUP96Bzfs9e0corNZXzBWJkFoK7kvkwAAAABVVNEAAAAAAC1uBdHoTugMvQtD7BhIL3Ne9dVPfGI+Ji5JvUO+ZAt7wAAAAukO3QAf/////////8AAAABAAAAAQAAAAKVnI8AAAAAAAAAAAAAAAAAAAAAAAAAAAEAAAAGAAAAAQAAAACuo3ot45qCPExpQ/3oHN+z17Ryis1lfMFYmQWgruS+TAAAAAFVU0QAAAAAALW4F0ehO6Ay9C0PsGEgvc1711U98Yj4mLkm9Q75kC3vAAAAC6Q7dAB//////////wAAAAEAAAABAAAAApuScAAAAAAAAAAAAAAAAAAAAAAAAAAAAAAAAAYAAAACAAAAAK6jei3jmoI8TGlD/egc37PXtHKKzWV8wViZBaCu5L5MAAAAAAAAAAgAAAABQlRDAAAAAAC1uBdHoTugMvQtD7BhIL3Ne9dVPfGI+Ji5JvUO+ZAt7wAAAAFVU0QAAAAAALW4F0ehO6Ay9C0PsGEgvc1711U98Yj4mLkm9Q75kC3vAAAAADuaygAAAAABAAAACgAAAAAAAAAAAAAAAA==');
INSERT INTO txhistory VALUES ('a415b192f3730a3ef139035f3c67e3b10a4ea69ff5145f3a76615c1a82400dc9', 6, 3, 'AAAAAG5oJtVdnYOVdZqtXpTHBtbcY0mCmfcBIKEgWnlvFIhaAAAAZAAAAAIAAAAHAAAAAAAAAAAAAAABAAAAAAAAAAMAAAABVVNEAAAAAAC1uBdHoTugMvQtD7BhIL3Ne9dVPfGI+Ji5JvUO+ZAt7wAAAAFCVEMAAAAAALW4F0ehO6Ay9C0PsGEgvc1711U98Yj4mLkm9Q75kC3vAAAAADuaygAAAAAUAAAAAQAAAAAAAAAAAAAAAAAAAAFvFIhaAAAAQNPYjTyT7/mYaa2QkbFzDm0jLpLDhJtZA+rJNJR7STfuBcUJXc5W+UwWs/wI32iwu4ieU3la6pJIkwI/0dq6dQw=', 'pBWxkvNzCj7xOQNfPGfjsQpOpp/1FF86dmFcGoJADckAAAAAAAAAZAAAAAAAAAABAAAAAAAAAAMAAAAAAAAAAAAAAAAAAAAAbmgm1V2dg5V1mq1elMcG1txjSYKZ9wEgoSBaeW8UiFoAAAAAAAAACQAAAAFVU0QAAAAAALW4F0ehO6Ay9C0PsGEgvc1711U98Yj4mLkm9Q75kC3vAAAAAUJUQwAAAAAAtbgXR6E7oDL0LQ+wYSC9zXvXVT3xiPiYuSb1DvmQLe8AAAAAO5rKAAAAABQAAAABAAAAAAAAAAAAAAAA', 'AAAAAQAAAAIAAAADAAAABgAAAAAAAAAAbmgm1V2dg5V1mq1elMcG1txjSYKZ9wEgoSBaeW8UiFoAAAAXSHbk4AAAAAIAAAAGAAAABgAAAAAAAAAAAAAAAAEAAAAAAAAAAAAAAQAAAHlr0n8AAAAAAAAAAAAAAAAAAAAAAAAAAAEAAAAGAAAAAAAAAABuaCbVXZ2DlXWarV6UxwbW3GNJgpn3ASChIFp5bxSIWgAAABdIduTgAAAAAgAAAAcAAAAGAAAAAAAAAAAAAAAAAQAAAAAAAAAAAAABAAAAeWvSfwAAAAAAAAAAAAAAAAAAAAAAAAAAAQAAAAcAAAADAAAABgAAAAAAAAAAbmgm1V2dg5V1mq1elMcG1txjSYKZ9wEgoSBaeW8UiFoAAAAXSHbk4AAAAAIAAAAHAAAABgAAAAAAAAAAAAAAAAEAAAAAAAAAAAAAAQAAAHlr0n8AAAAAAAAAAAAAAAAAAAAAAAAAAAEAAAAGAAAAAAAAAABuaCbVXZ2DlXWarV6UxwbW3GNJgpn3ASChIFp5bxSIWgAAABdIduTgAAAAAgAAAAcAAAAHAAAAAAAAAAAAAAAAAQAAAAAAAAAAAAABAAAAeWvSfwAAAAAAAAAAAAAAAAAAAAAAAAAAAwAAAAYAAAABAAAAAG5oJtVdnYOVdZqtXpTHBtbcY0mCmfcBIKEgWnlvFIhaAAAAAUJUQwAAAAAAtbgXR6E7oDL0LQ+wYSC9zXvXVT3xiPiYuSb1DvmQLe8AAAAN+EdYAH//////////AAAAAQAAAAEAAAAAWWgvAAAAAAAAAAAAAAAAAAAAAAAAAAABAAAABgAAAAEAAAAAbmgm1V2dg5V1mq1elMcG1txjSYKZ9wEgoSBaeW8UiFoAAAABQlRDAAAAAAC1uBdHoTugMvQtD7BhIL3Ne9dVPfGI+Ji5JvUO+ZAt7wAAAA34R1gAf/////////8AAAABAAAAAQAAAAUBf/cAAAAAAAAAAAAAAAAAAAAAAAAAAAMAAAAGAAAAAQAAAABuaCbVXZ2DlXWarV6UxwbW3GNJgpn3ASChIFp5bxSIWgAAAAFVU0QAAAAAALW4F0ehO6Ay9C0PsGEgvc1711U98Yj4mLkm9Q75kC3vAAAAC6Q7dAB//////////wAAAAEAAAABAAAAAAAAAAAAAAACm5JwAAAAAAAAAAAAAAAAAQAAAAYAAAABAAAAAG5oJtVdnYOVdZqtXpTHBtbcY0mCmfcBIKEgWnlvFIhaAAAAAVVTRAAAAAAAtbgXR6E7oDL0LQ+wYSC9zXvXVT3xiPiYuSb1DvmQLe8AAAALpDt0AH//////////AAAAAQAAAAEAAAAAAAAAAAAAAALXLToAAAAAAAAAAAAAAAAAAAAABgAAAAIAAAAAbmgm1V2dg5V1mq1elMcG1txjSYKZ9wEgoSBaeW8UiFoAAAAAAAAACQAAAAFVU0QAAAAAALW4F0ehO6Ay9C0PsGEgvc1711U98Yj4mLkm9Q75kC3vAAAAAUJUQwAAAAAAtbgXR6E7oDL0LQ+wYSC9zXvXVT3xiPiYuSb1DvmQLe8AAAAAO5rKAAAAABQAAAABAAAAAAAAAAAAAAAA');
INSERT INTO txhistory VALUES ('5dbdfd3ab91f4a52a11ba92c60334bca0d4aad951fe3d159b373afaba1632ea1', 6, 4, 'AAAAAK6jei3jmoI8TGlD/egc37PXtHKKzWV8wViZBaCu5L5MAAAAZAAAAAIAAAAHAAAAAAAAAAAAAAABAAAAAAAAAAMAAAABQlRDAAAAAAC1uBdHoTugMvQtD7BhIL3Ne9dVPfGI+Ji5JvUO+ZAt7wAAAAFVU0QAAAAAALW4F0ehO6Ay9C0PsGEgvc1711U98Yj4mLkm9Q75kC3vAAAAAhhxGgAAAAABAAAACQAAAAAAAAAAAAAAAAAAAAGu5L5MAAAAQDsHLzD/7q/tBaFt+vL8svn4y3q1AFxMIYuT8NMzbswVsCUcLI1QlkxBQWtB7SjoDQMtd6dJEaO2upmPX9P3PAQ=', 'Xb39OrkfSlKhG6ksYDNLyg1KrZUf49FZs3Ovq6FjLqEAAAAAAAAAZAAAAAAAAAABAAAAAAAAAAMAAAAAAAAAAAAAAAAAAAAArqN6LeOagjxMaUP96Bzfs9e0corNZXzBWJkFoK7kvkwAAAAAAAAACgAAAAFCVEMAAAAAALW4F0ehO6Ay9C0PsGEgvc1711U98Yj4mLkm9Q75kC3vAAAAAVVTRAAAAAAAtbgXR6E7oDL0LQ+wYSC9zXvXVT3xiPiYuSb1DvmQLe8AAAACGHEaAAAAAAEAAAAJAAAAAAAAAAAAAAAA', 'AAAAAQAAAAIAAAADAAAABgAAAAAAAAAArqN6LeOagjxMaUP96Bzfs9e0corNZXzBWJkFoK7kvkwAAAAXSHbk4AAAAAIAAAAGAAAABgAAAAAAAAAAAAAAAAEAAAAAAAAAAAAAAQAAAAAAAAAAAAAADfhHWAAAAAAAAAAAAAAAAAEAAAAGAAAAAAAAAACuo3ot45qCPExpQ/3oHN+z17Ryis1lfMFYmQWgruS+TAAAABdIduTgAAAAAgAAAAcAAAAGAAAAAAAAAAAAAAAAAQAAAAAAAAAAAAABAAAAAAAAAAAAAAAN+EdYAAAAAAAAAAAAAAAAAQAAAAcAAAADAAAABgAAAAAAAAAArqN6LeOagjxMaUP96Bzfs9e0corNZXzBWJkFoK7kvkwAAAAXSHbk4AAAAAIAAAAHAAAABgAAAAAAAAAAAAAAAAEAAAAAAAAAAAAAAQAAAAAAAAAAAAAADfhHWAAAAAAAAAAAAAAAAAEAAAAGAAAAAAAAAACuo3ot45qCPExpQ/3oHN+z17Ryis1lfMFYmQWgruS+TAAAABdIduTgAAAAAgAAAAcAAAAHAAAAAAAAAAAAAAAAAQAAAAAAAAAAAAABAAAAAAAAAAAAAAAN+EdYAAAAAAAAAAAAAAAAAwAAAAYAAAABAAAAAK6jei3jmoI8TGlD/egc37PXtHKKzWV8wViZBaCu5L5MAAAAAUJUQwAAAAAAtbgXR6E7oDL0LQ+wYSC9zXvXVT3xiPiYuSb1DvmQLe8AAAAN+EdYAH//////////AAAAAQAAAAEAAAAAAAAAAAAAAAA7msoAAAAAAAAAAAAAAAABAAAABgAAAAEAAAAArqN6LeOagjxMaUP96Bzfs9e0corNZXzBWJkFoK7kvkwAAAABQlRDAAAAAAC1uBdHoTugMvQtD7BhIL3Ne9dVPfGI+Ji5JvUO+ZAt7wAAAA34R1gAf/////////8AAAABAAAAAQAAAAAAAAAAAAAAAlQL5AAAAAAAAAAAAAAAAAMAAAAGAAAAAQAAAACuo3ot45qCPExpQ/3oHN+z17Ryis1lfMFYmQWgruS+TAAAAAFVU0QAAAAAALW4F0ehO6Ay9C0PsGEgvc1711U98Yj4mLkm9Q75kC3vAAAAC6Q7dAB//////////wAAAAEAAAABAAAAApuScAAAAAAAAAAAAAAAAAAAAAAAAAAAAQAAAAYAAAABAAAAAK6jei3jmoI8TGlD/egc37PXtHKKzWV8wViZBaCu5L5MAAAAAVVTRAAAAAAAtbgXR6E7oDL0LQ+wYSC9zXvXVT3xiPiYuSb1DvmQLe8AAAALpDt0AH//////////AAAAAQAAAAEAAAAC1y06AAAAAAAAAAAAAAAAAAAAAAAAAAAAAAAABgAAAAIAAAAArqN6LeOagjxMaUP96Bzfs9e0corNZXzBWJkFoK7kvkwAAAAAAAAACgAAAAFCVEMAAAAAALW4F0ehO6Ay9C0PsGEgvc1711U98Yj4mLkm9Q75kC3vAAAAAVVTRAAAAAAAtbgXR6E7oDL0LQ+wYSC9zXvXVT3xiPiYuSb1DvmQLe8AAAACGHEaAAAAAAEAAAAJAAAAAAAAAAAAAAAA');
INSERT INTO txhistory VALUES ('dfcf019e8c71290048dcd0e4fa01a6d7278386b3e6a793b4c53dd7751cd289e9', 6, 5, 'AAAAAK6jei3jmoI8TGlD/egc37PXtHKKzWV8wViZBaCu5L5MAAAAZAAAAAIAAAAIAAAAAAAAAAAAAAABAAAAAAAAAAMAAAABQlRDAAAAAAC1uBdHoTugMvQtD7BhIL3Ne9dVPfGI+Ji5JvUO+ZAt7wAAAAFVU0QAAAAAALW4F0ehO6Ay9C0PsGEgvc1711U98Yj4mLkm9Q75kC3vAAAAC6Q7dAAAAAABAAAABQAAAAAAAAAAAAAAAAAAAAGu5L5MAAAAQJ6GsmKxejhISmKuLIdF6dixDwAiGqGCGxJ53WOoFAxuUdpAvr3xV5Ihv/nj8dg5RtBzb8KYCoOYTibFRDMrBwU=', '388BnoxxKQBI3NDk+gGm1yeDhrPmp5O0xT3XdRzSiekAAAAAAAAAZAAAAAAAAAABAAAAAAAAAAMAAAAAAAAAAAAAAAAAAAAArqN6LeOagjxMaUP96Bzfs9e0corNZXzBWJkFoK7kvkwAAAAAAAAACwAAAAFCVEMAAAAAALW4F0ehO6Ay9C0PsGEgvc1711U98Yj4mLkm9Q75kC3vAAAAAVVTRAAAAAAAtbgXR6E7oDL0LQ+wYSC9zXvXVT3xiPiYuSb1DvmQLe8AAAALpDt0AAAAAAEAAAAFAAAAAAAAAAAAAAAA', 'AAAAAQAAAAIAAAADAAAABgAAAAAAAAAArqN6LeOagjxMaUP96Bzfs9e0corNZXzBWJkFoK7kvkwAAAAXSHbk4AAAAAIAAAAHAAAABwAAAAAAAAAAAAAAAAEAAAAAAAAAAAAAAQAAAAAAAAAAAAAADfhHWAAAAAAAAAAAAAAAAAEAAAAGAAAAAAAAAACuo3ot45qCPExpQ/3oHN+z17Ryis1lfMFYmQWgruS+TAAAABdIduTgAAAAAgAAAAgAAAAHAAAAAAAAAAAAAAAAAQAAAAAAAAAAAAABAAAAAAAAAAAAAAAN+EdYAAAAAAAAAAAAAAAAAQAAAAcAAAADAAAABgAAAAAAAAAArqN6LeOagjxMaUP96Bzfs9e0corNZXzBWJkFoK7kvkwAAAAXSHbk4AAAAAIAAAAIAAAABwAAAAAAAAAAAAAAAAEAAAAAAAAAAAAAAQAAAAAAAAAAAAAADfhHWAAAAAAAAAAAAAAAAAEAAAAGAAAAAAAAAACuo3ot45qCPExpQ/3oHN+z17Ryis1lfMFYmQWgruS+TAAAABdIduTgAAAAAgAAAAgAAAAIAAAAAAAAAAAAAAAAAQAAAAAAAAAAAAABAAAAAAAAAAAAAAAN+EdYAAAAAAAAAAAAAAAAAwAAAAYAAAABAAAAAK6jei3jmoI8TGlD/egc37PXtHKKzWV8wViZBaCu5L5MAAAAAUJUQwAAAAAAtbgXR6E7oDL0LQ+wYSC9zXvXVT3xiPiYuSb1DvmQLe8AAAAN+EdYAH//////////AAAAAQAAAAEAAAAAAAAAAAAAAAJUC+QAAAAAAAAAAAAAAAABAAAABgAAAAEAAAAArqN6LeOagjxMaUP96Bzfs9e0corNZXzBWJkFoK7kvkwAAAABQlRDAAAAAAC1uBdHoTugMvQtD7BhIL3Ne9dVPfGI+Ji5JvUO+ZAt7wAAAA34R1gAf/////////8AAAABAAAAAQAAAAAAAAAAAAAADfhHWAAAAAAAAAAAAAAAAAMAAAAGAAAAAQAAAACuo3ot45qCPExpQ/3oHN+z17Ryis1lfMFYmQWgruS+TAAAAAFVU0QAAAAAALW4F0ehO6Ay9C0PsGEgvc1711U98Yj4mLkm9Q75kC3vAAAAC6Q7dAB//////////wAAAAEAAAABAAAAAtctOgAAAAAAAAAAAAAAAAAAAAAAAAAAAQAAAAYAAAABAAAAAK6jei3jmoI8TGlD/egc37PXtHKKzWV8wViZBaCu5L5MAAAAAVVTRAAAAAAAtbgXR6E7oDL0LQ+wYSC9zXvXVT3xiPiYuSb1DvmQLe8AAAALpDt0AH//////////AAAAAQAAAAEAAAAFKzkeAAAAAAAAAAAAAAAAAAAAAAAAAAAAAAAABgAAAAIAAAAArqN6LeOagjxMaUP96Bzfs9e0corNZXzBWJkFoK7kvkwAAAAAAAAACwAAAAFCVEMAAAAAALW4F0ehO6Ay9C0PsGEgvc1711U98Yj4mLkm9Q75kC3vAAAAAVVTRAAAAAAAtbgXR6E7oDL0LQ+wYSC9zXvXVT3xiPiYuSb1DvmQLe8AAAALpDt0AAAAAAEAAAAFAAAAAAAAAAAAAAAA');
INSERT INTO txhistory VALUES ('483298f40a79f46f684c41d22d4d902f1d3feb53abe5551d3ad69dc832408055', 6, 6, 'AAAAAG5oJtVdnYOVdZqtXpTHBtbcY0mCmfcBIKEgWnlvFIhaAAAAZAAAAAIAAAAIAAAAAAAAAAAAAAABAAAAAAAAAAMAAAABVVNEAAAAAAC1uBdHoTugMvQtD7BhIL3Ne9dVPfGI+Ji5JvUO+ZAt7wAAAAFCVEMAAAAAALW4F0ehO6Ay9C0PsGEgvc1711U98Yj4mLkm9Q75kC3vAAAAAlQL5AAAAAAyAAAAAQAAAAAAAAAAAAAAAAAAAAFvFIhaAAAAQOEPkO/tqT4kQBzNlTOezZtiybuEk9mMmxGjLlmHueW8QtUS4J1O3Why4NKh8vwmonKQ1uMpCM/zYRzumjSEuAk=', 'SDKY9Ap59G9oTEHSLU2QLx0/61Or5VUdOtadyDJAgFUAAAAAAAAAZAAAAAAAAAABAAAAAAAAAAMAAAAAAAAAAAAAAAAAAAAAbmgm1V2dg5V1mq1elMcG1txjSYKZ9wEgoSBaeW8UiFoAAAAAAAAADAAAAAFVU0QAAAAAALW4F0ehO6Ay9C0PsGEgvc1711U98Yj4mLkm9Q75kC3vAAAAAUJUQwAAAAAAtbgXR6E7oDL0LQ+wYSC9zXvXVT3xiPiYuSb1DvmQLe8AAAACVAvkAAAAADIAAAABAAAAAAAAAAAAAAAA', 'AAAAAQAAAAIAAAADAAAABgAAAAAAAAAAbmgm1V2dg5V1mq1elMcG1txjSYKZ9wEgoSBaeW8UiFoAAAAXSHbk4AAAAAIAAAAHAAAABwAAAAAAAAAAAAAAAAEAAAAAAAAAAAAAAQAAAHlr0n8AAAAAAAAAAAAAAAAAAAAAAAAAAAEAAAAGAAAAAAAAAABuaCbVXZ2DlXWarV6UxwbW3GNJgpn3ASChIFp5bxSIWgAAABdIduTgAAAAAgAAAAgAAAAHAAAAAAAAAAAAAAAAAQAAAAAAAAAAAAABAAAAeWvSfwAAAAAAAAAAAAAAAAAAAAAAAAAAAQAAAAcAAAADAAAABgAAAAAAAAAAbmgm1V2dg5V1mq1elMcG1txjSYKZ9wEgoSBaeW8UiFoAAAAXSHbk4AAAAAIAAAAIAAAABwAAAAAAAAAAAAAAAAEAAAAAAAAAAAAAAQAAAHlr0n8AAAAAAAAAAAAAAAAAAAAAAAAAAAEAAAAGAAAAAAAAAABuaCbVXZ2DlXWarV6UxwbW3GNJgpn3ASChIFp5bxSIWgAAABdIduTgAAAAAgAAAAgAAAAIAAAAAAAAAAAAAAAAAQAAAAAAAAAAAAABAAAAeWvSfwAAAAAAAAAAAAAAAAAAAAAAAAAAAwAAAAYAAAABAAAAAG5oJtVdnYOVdZqtXpTHBtbcY0mCmfcBIKEgWnlvFIhaAAAAAUJUQwAAAAAAtbgXR6E7oDL0LQ+wYSC9zXvXVT3xiPiYuSb1DvmQLe8AAAAN+EdYAH//////////AAAAAQAAAAEAAAAFAX/3AAAAAAAAAAAAAAAAAAAAAAAAAAABAAAABgAAAAEAAAAAbmgm1V2dg5V1mq1elMcG1txjSYKZ9wEgoSBaeW8UiFoAAAABQlRDAAAAAAC1uBdHoTugMvQtD7BhIL3Ne9dVPfGI+Ji5JvUO+ZAt7wAAAA34R1gAf/////////8AAAABAAAAAQAAAHlr0n8AAAAAAAAAAAAAAAAAAAAAAAAAAAMAAAAGAAAAAQAAAABuaCbVXZ2DlXWarV6UxwbW3GNJgpn3ASChIFp5bxSIWgAAAAFVU0QAAAAAALW4F0ehO6Ay9C0PsGEgvc1711U98Yj4mLkm9Q75kC3vAAAAC6Q7dAB//////////wAAAAEAAAABAAAAAAAAAAAAAAAC1y06AAAAAAAAAAAAAAAAAQAAAAYAAAABAAAAAG5oJtVdnYOVdZqtXpTHBtbcY0mCmfcBIKEgWnlvFIhaAAAAAVVTRAAAAAAAtbgXR6E7oDL0LQ+wYSC9zXvXVT3xiPiYuSb1DvmQLe8AAAALpDt0AH//////////AAAAAQAAAAEAAAAAAAAAAAAAAAUrOR4AAAAAAAAAAAAAAAAAAAAABgAAAAIAAAAAbmgm1V2dg5V1mq1elMcG1txjSYKZ9wEgoSBaeW8UiFoAAAAAAAAADAAAAAFVU0QAAAAAALW4F0ehO6Ay9C0PsGEgvc1711U98Yj4mLkm9Q75kC3vAAAAAUJUQwAAAAAAtbgXR6E7oDL0LQ+wYSC9zXvXVT3xiPiYuSb1DvmQLe8AAAACVAvkAAAAADIAAAABAAAAAAAAAAAAAAAA');


--
-- Data for Name: upgradehistory; Type: TABLE DATA; Schema: public; Owner: -
--

INSERT INTO upgradehistory VALUES (2, 1, 'AAAAAQAAAAo=', 'AAAAAA==');
INSERT INTO upgradehistory VALUES (2, 2, 'AAAAAwAAJxA=', 'AAAAAA==');


--
-- Name: accountdata accountdata_pkey; Type: CONSTRAINT; Schema: public; Owner: -
--

ALTER TABLE ONLY accountdata
    ADD CONSTRAINT accountdata_pkey PRIMARY KEY (accountid, dataname);


--
-- Name: accounts accounts_pkey; Type: CONSTRAINT; Schema: public; Owner: -
--

ALTER TABLE ONLY accounts
    ADD CONSTRAINT accounts_pkey PRIMARY KEY (accountid);


--
-- Name: ban ban_pkey; Type: CONSTRAINT; Schema: public; Owner: -
--

ALTER TABLE ONLY ban
    ADD CONSTRAINT ban_pkey PRIMARY KEY (nodeid);


--
-- Name: ledgerheaders ledgerheaders_ledgerseq_key; Type: CONSTRAINT; Schema: public; Owner: -
--

ALTER TABLE ONLY ledgerheaders
    ADD CONSTRAINT ledgerheaders_ledgerseq_key UNIQUE (ledgerseq);


--
-- Name: ledgerheaders ledgerheaders_pkey; Type: CONSTRAINT; Schema: public; Owner: -
--

ALTER TABLE ONLY ledgerheaders
    ADD CONSTRAINT ledgerheaders_pkey PRIMARY KEY (ledgerhash);


--
-- Name: offers offers_pkey; Type: CONSTRAINT; Schema: public; Owner: -
--

ALTER TABLE ONLY offers
    ADD CONSTRAINT offers_pkey PRIMARY KEY (offerid);


--
-- Name: peers peers_pkey; Type: CONSTRAINT; Schema: public; Owner: -
--

ALTER TABLE ONLY peers
    ADD CONSTRAINT peers_pkey PRIMARY KEY (ip, port);


--
-- Name: publishqueue publishqueue_pkey; Type: CONSTRAINT; Schema: public; Owner: -
--

ALTER TABLE ONLY publishqueue
    ADD CONSTRAINT publishqueue_pkey PRIMARY KEY (ledger);


--
-- Name: pubsub pubsub_pkey; Type: CONSTRAINT; Schema: public; Owner: -
--

ALTER TABLE ONLY pubsub
    ADD CONSTRAINT pubsub_pkey PRIMARY KEY (resid);


--
-- Name: scpquorums scpquorums_pkey; Type: CONSTRAINT; Schema: public; Owner: -
--

ALTER TABLE ONLY scpquorums
    ADD CONSTRAINT scpquorums_pkey PRIMARY KEY (qsethash);


--
-- Name: signers signers_pkey; Type: CONSTRAINT; Schema: public; Owner: -
--

ALTER TABLE ONLY signers
    ADD CONSTRAINT signers_pkey PRIMARY KEY (accountid, publickey);


--
-- Name: storestate storestate_pkey; Type: CONSTRAINT; Schema: public; Owner: -
--

ALTER TABLE ONLY storestate
    ADD CONSTRAINT storestate_pkey PRIMARY KEY (statename);


--
-- Name: trustlines trustlines_pkey; Type: CONSTRAINT; Schema: public; Owner: -
--

ALTER TABLE ONLY trustlines
    ADD CONSTRAINT trustlines_pkey PRIMARY KEY (accountid, issuer, assetcode);


--
-- Name: txfeehistory txfeehistory_pkey; Type: CONSTRAINT; Schema: public; Owner: -
--

ALTER TABLE ONLY txfeehistory
    ADD CONSTRAINT txfeehistory_pkey PRIMARY KEY (ledgerseq, txindex);


--
-- Name: txhistory txhistory_pkey; Type: CONSTRAINT; Schema: public; Owner: -
--

ALTER TABLE ONLY txhistory
    ADD CONSTRAINT txhistory_pkey PRIMARY KEY (ledgerseq, txindex);


--
-- Name: upgradehistory upgradehistory_pkey; Type: CONSTRAINT; Schema: public; Owner: -
--

ALTER TABLE ONLY upgradehistory
    ADD CONSTRAINT upgradehistory_pkey PRIMARY KEY (ledgerseq, upgradeindex);


--
-- Name: accountbalances; Type: INDEX; Schema: public; Owner: -
--

CREATE INDEX accountbalances ON accounts USING btree (balance) WHERE (balance >= 1000000000);


--
-- Name: buyingissuerindex; Type: INDEX; Schema: public; Owner: -
--

CREATE INDEX buyingissuerindex ON offers USING btree (buyingissuer);


--
-- Name: histbyseq; Type: INDEX; Schema: public; Owner: -
--

CREATE INDEX histbyseq ON txhistory USING btree (ledgerseq);


--
-- Name: histfeebyseq; Type: INDEX; Schema: public; Owner: -
--

CREATE INDEX histfeebyseq ON txfeehistory USING btree (ledgerseq);


--
-- Name: ledgersbyseq; Type: INDEX; Schema: public; Owner: -
--

CREATE INDEX ledgersbyseq ON ledgerheaders USING btree (ledgerseq);


--
-- Name: priceindex; Type: INDEX; Schema: public; Owner: -
--

CREATE INDEX priceindex ON offers USING btree (price);


--
-- Name: scpenvsbyseq; Type: INDEX; Schema: public; Owner: -
--

CREATE INDEX scpenvsbyseq ON scphistory USING btree (ledgerseq);


--
-- Name: scpquorumsbyseq; Type: INDEX; Schema: public; Owner: -
--

CREATE INDEX scpquorumsbyseq ON scpquorums USING btree (lastledgerseq);


--
-- Name: sellingissuerindex; Type: INDEX; Schema: public; Owner: -
--

CREATE INDEX sellingissuerindex ON offers USING btree (sellingissuer);


--
-- Name: signersaccount; Type: INDEX; Schema: public; Owner: -
--

CREATE INDEX signersaccount ON signers USING btree (accountid);


--
-- Name: upgradehistbyseq; Type: INDEX; Schema: public; Owner: -
--

CREATE INDEX upgradehistbyseq ON upgradehistory USING btree (ledgerseq);


--
-- PostgreSQL database dump complete
--

