--
-- PostgreSQL database dump
--

-- Dumped from database version 9.6.3
-- Dumped by pg_dump version 9.6.3

SET statement_timeout = 0;
SET lock_timeout = 0;
SET client_encoding = 'UTF8';
SET standard_conforming_strings = on;
SET check_function_bodies = false;
SET client_min_messages = warning;

SET search_path = public, pg_catalog;

ALTER TABLE IF EXISTS ONLY public.history_trades DROP CONSTRAINT IF EXISTS history_trades_counter_asset_id_fkey;
ALTER TABLE IF EXISTS ONLY public.history_trades DROP CONSTRAINT IF EXISTS history_trades_counter_account_id_fkey;
ALTER TABLE IF EXISTS ONLY public.history_trades DROP CONSTRAINT IF EXISTS history_trades_base_asset_id_fkey;
ALTER TABLE IF EXISTS ONLY public.history_trades DROP CONSTRAINT IF EXISTS history_trades_base_account_id_fkey;
ALTER TABLE IF EXISTS ONLY public.asset_stats DROP CONSTRAINT IF EXISTS asset_stats_id_fkey;
DROP INDEX IF EXISTS public.trade_effects_by_order_book;
DROP INDEX IF EXISTS public.index_history_transactions_on_id;
DROP INDEX IF EXISTS public.index_history_operations_on_type;
DROP INDEX IF EXISTS public.index_history_operations_on_transaction_id;
DROP INDEX IF EXISTS public.index_history_operations_on_id;
DROP INDEX IF EXISTS public.index_history_ledgers_on_sequence;
DROP INDEX IF EXISTS public.index_history_ledgers_on_previous_ledger_hash;
DROP INDEX IF EXISTS public.index_history_ledgers_on_ledger_hash;
DROP INDEX IF EXISTS public.index_history_ledgers_on_importer_version;
DROP INDEX IF EXISTS public.index_history_ledgers_on_id;
DROP INDEX IF EXISTS public.index_history_ledgers_on_closed_at;
DROP INDEX IF EXISTS public.index_history_effects_on_type;
DROP INDEX IF EXISTS public.index_history_accounts_on_id;
DROP INDEX IF EXISTS public.index_history_accounts_on_address;
DROP INDEX IF EXISTS public.htrd_time_lookup;
DROP INDEX IF EXISTS public.htrd_pid;
DROP INDEX IF EXISTS public.htrd_pair_time_lookup;
DROP INDEX IF EXISTS public.htrd_counter_lookup;
DROP INDEX IF EXISTS public.htrd_by_offer;
DROP INDEX IF EXISTS public.htp_by_htid;
DROP INDEX IF EXISTS public.hs_transaction_by_id;
DROP INDEX IF EXISTS public.hs_ledger_by_id;
DROP INDEX IF EXISTS public.hop_by_hoid;
DROP INDEX IF EXISTS public.hist_tx_p_id;
DROP INDEX IF EXISTS public.hist_op_p_id;
DROP INDEX IF EXISTS public.hist_e_id;
DROP INDEX IF EXISTS public.hist_e_by_order;
DROP INDEX IF EXISTS public.by_ledger;
DROP INDEX IF EXISTS public.by_hash;
DROP INDEX IF EXISTS public.by_account;
DROP INDEX IF EXISTS public.asset_by_issuer;
DROP INDEX IF EXISTS public.asset_by_code;
ALTER TABLE IF EXISTS ONLY public.history_transaction_participants DROP CONSTRAINT IF EXISTS history_transaction_participants_pkey;
ALTER TABLE IF EXISTS ONLY public.history_operation_participants DROP CONSTRAINT IF EXISTS history_operation_participants_pkey;
ALTER TABLE IF EXISTS ONLY public.history_assets DROP CONSTRAINT IF EXISTS history_assets_pkey;
ALTER TABLE IF EXISTS ONLY public.history_assets DROP CONSTRAINT IF EXISTS history_assets_asset_code_asset_type_asset_issuer_key;
ALTER TABLE IF EXISTS ONLY public.gorp_migrations DROP CONSTRAINT IF EXISTS gorp_migrations_pkey;
ALTER TABLE IF EXISTS ONLY public.asset_stats DROP CONSTRAINT IF EXISTS asset_stats_pkey;
ALTER TABLE IF EXISTS public.history_transaction_participants ALTER COLUMN id DROP DEFAULT;
ALTER TABLE IF EXISTS public.history_operation_participants ALTER COLUMN id DROP DEFAULT;
ALTER TABLE IF EXISTS public.history_assets ALTER COLUMN id DROP DEFAULT;
DROP TABLE IF EXISTS public.history_transactions;
DROP SEQUENCE IF EXISTS public.history_transaction_participants_id_seq;
DROP TABLE IF EXISTS public.history_transaction_participants;
DROP TABLE IF EXISTS public.history_trades;
DROP TABLE IF EXISTS public.history_operations;
DROP SEQUENCE IF EXISTS public.history_operation_participants_id_seq;
DROP TABLE IF EXISTS public.history_operation_participants;
DROP TABLE IF EXISTS public.history_ledgers;
DROP TABLE IF EXISTS public.history_effects;
DROP SEQUENCE IF EXISTS public.history_assets_id_seq;
DROP TABLE IF EXISTS public.history_assets;
DROP TABLE IF EXISTS public.history_accounts;
DROP SEQUENCE IF EXISTS public.history_accounts_id_seq;
DROP TABLE IF EXISTS public.gorp_migrations;
DROP TABLE IF EXISTS public.asset_stats;
DROP AGGREGATE IF EXISTS public.last(anyelement);
DROP AGGREGATE IF EXISTS public.first(anyelement);
DROP FUNCTION IF EXISTS public.last_agg(anyelement, anyelement);
DROP FUNCTION IF EXISTS public.first_agg(anyelement, anyelement);
DROP EXTENSION IF EXISTS plpgsql;
DROP SCHEMA IF EXISTS public;
--
-- Name: public; Type: SCHEMA; Schema: -; Owner: -
--

CREATE SCHEMA public;


--
-- Name: SCHEMA public; Type: COMMENT; Schema: -; Owner: -
--

COMMENT ON SCHEMA public IS 'standard public schema';


--
-- Name: plpgsql; Type: EXTENSION; Schema: -; Owner: -
--

CREATE EXTENSION IF NOT EXISTS plpgsql WITH SCHEMA pg_catalog;


--
-- Name: EXTENSION plpgsql; Type: COMMENT; Schema: -; Owner: -
--

COMMENT ON EXTENSION plpgsql IS 'PL/pgSQL procedural language';


SET search_path = public, pg_catalog;

--
-- Name: first_agg(anyelement, anyelement); Type: FUNCTION; Schema: public; Owner: -
--

CREATE FUNCTION first_agg(anyelement, anyelement) RETURNS anyelement
    LANGUAGE sql IMMUTABLE STRICT
    AS $_$ SELECT $1 $_$;


--
-- Name: last_agg(anyelement, anyelement); Type: FUNCTION; Schema: public; Owner: -
--

CREATE FUNCTION last_agg(anyelement, anyelement) RETURNS anyelement
    LANGUAGE sql IMMUTABLE STRICT
    AS $_$ SELECT $2 $_$;


--
-- Name: first(anyelement); Type: AGGREGATE; Schema: public; Owner: -
--

CREATE AGGREGATE first(anyelement) (
    SFUNC = first_agg,
    STYPE = anyelement
);


--
-- Name: last(anyelement); Type: AGGREGATE; Schema: public; Owner: -
--

CREATE AGGREGATE last(anyelement) (
    SFUNC = last_agg,
    STYPE = anyelement
);


SET default_tablespace = '';

SET default_with_oids = false;

--
-- Name: asset_stats; Type: TABLE; Schema: public; Owner: -
--

CREATE TABLE asset_stats (
    id bigint NOT NULL,
    amount bigint NOT NULL,
    num_accounts integer NOT NULL,
    flags smallint NOT NULL,
    toml character varying(64) NOT NULL
);


--
-- Name: gorp_migrations; Type: TABLE; Schema: public; Owner: -
--

CREATE TABLE gorp_migrations (
    id text NOT NULL,
    applied_at timestamp with time zone
);


--
-- Name: history_accounts_id_seq; Type: SEQUENCE; Schema: public; Owner: -
--

CREATE SEQUENCE history_accounts_id_seq
    START WITH 1
    INCREMENT BY 1
    NO MINVALUE
    NO MAXVALUE
    CACHE 1;


--
-- Name: history_accounts; Type: TABLE; Schema: public; Owner: -
--

CREATE TABLE history_accounts (
    id bigint DEFAULT nextval('history_accounts_id_seq'::regclass) NOT NULL,
    address character varying(64)
);


--
-- Name: history_assets; Type: TABLE; Schema: public; Owner: -
--

CREATE TABLE history_assets (
    id integer NOT NULL,
    asset_type character varying(64) NOT NULL,
    asset_code character varying(12) NOT NULL,
    asset_issuer character varying(56) NOT NULL
);


--
-- Name: history_assets_id_seq; Type: SEQUENCE; Schema: public; Owner: -
--

CREATE SEQUENCE history_assets_id_seq
    START WITH 1
    INCREMENT BY 1
    NO MINVALUE
    NO MAXVALUE
    CACHE 1;


--
-- Name: history_assets_id_seq; Type: SEQUENCE OWNED BY; Schema: public; Owner: -
--

ALTER SEQUENCE history_assets_id_seq OWNED BY history_assets.id;


--
-- Name: history_effects; Type: TABLE; Schema: public; Owner: -
--

CREATE TABLE history_effects (
    history_account_id bigint NOT NULL,
    history_operation_id bigint NOT NULL,
    "order" integer NOT NULL,
    type integer NOT NULL,
    details jsonb
);


--
-- Name: history_ledgers; Type: TABLE; Schema: public; Owner: -
--

CREATE TABLE history_ledgers (
    sequence integer NOT NULL,
    ledger_hash character varying(64) NOT NULL,
    previous_ledger_hash character varying(64),
    transaction_count integer DEFAULT 0 NOT NULL,
    operation_count integer DEFAULT 0 NOT NULL,
    closed_at timestamp without time zone NOT NULL,
    created_at timestamp without time zone,
    updated_at timestamp without time zone,
    id bigint,
    importer_version integer DEFAULT 1 NOT NULL,
    total_coins bigint NOT NULL,
    fee_pool bigint NOT NULL,
    base_fee integer NOT NULL,
    base_reserve integer NOT NULL,
    max_tx_set_size integer NOT NULL,
    protocol_version integer DEFAULT 0 NOT NULL,
    ledger_header text
);


--
-- Name: history_operation_participants; Type: TABLE; Schema: public; Owner: -
--

CREATE TABLE history_operation_participants (
    id integer NOT NULL,
    history_operation_id bigint NOT NULL,
    history_account_id bigint NOT NULL
);


--
-- Name: history_operation_participants_id_seq; Type: SEQUENCE; Schema: public; Owner: -
--

CREATE SEQUENCE history_operation_participants_id_seq
    START WITH 1
    INCREMENT BY 1
    NO MINVALUE
    NO MAXVALUE
    CACHE 1;


--
-- Name: history_operation_participants_id_seq; Type: SEQUENCE OWNED BY; Schema: public; Owner: -
--

ALTER SEQUENCE history_operation_participants_id_seq OWNED BY history_operation_participants.id;


--
-- Name: history_operations; Type: TABLE; Schema: public; Owner: -
--

CREATE TABLE history_operations (
    id bigint NOT NULL,
    transaction_id bigint NOT NULL,
    application_order integer NOT NULL,
    type integer NOT NULL,
    details jsonb,
    source_account character varying(64) DEFAULT ''::character varying NOT NULL
);


--
-- Name: history_trades; Type: TABLE; Schema: public; Owner: -
--

CREATE TABLE history_trades (
    history_operation_id bigint NOT NULL,
    "order" integer NOT NULL,
    ledger_closed_at timestamp without time zone NOT NULL,
    offer_id bigint NOT NULL,
    base_account_id bigint NOT NULL,
    base_asset_id bigint NOT NULL,
    base_amount bigint NOT NULL,
    counter_account_id bigint NOT NULL,
    counter_asset_id bigint NOT NULL,
    counter_amount bigint NOT NULL,
    base_is_seller boolean,
    CONSTRAINT history_trades_base_amount_check CHECK ((base_amount > 0)),
    CONSTRAINT history_trades_check CHECK ((base_asset_id < counter_asset_id)),
    CONSTRAINT history_trades_counter_amount_check CHECK ((counter_amount > 0))
);


--
-- Name: history_transaction_participants; Type: TABLE; Schema: public; Owner: -
--

CREATE TABLE history_transaction_participants (
    id integer NOT NULL,
    history_transaction_id bigint NOT NULL,
    history_account_id bigint NOT NULL
);


--
-- Name: history_transaction_participants_id_seq; Type: SEQUENCE; Schema: public; Owner: -
--

CREATE SEQUENCE history_transaction_participants_id_seq
    START WITH 1
    INCREMENT BY 1
    NO MINVALUE
    NO MAXVALUE
    CACHE 1;


--
-- Name: history_transaction_participants_id_seq; Type: SEQUENCE OWNED BY; Schema: public; Owner: -
--

ALTER SEQUENCE history_transaction_participants_id_seq OWNED BY history_transaction_participants.id;


--
-- Name: history_transactions; Type: TABLE; Schema: public; Owner: -
--

CREATE TABLE history_transactions (
    transaction_hash character varying(64) NOT NULL,
    ledger_sequence integer NOT NULL,
    application_order integer NOT NULL,
    account character varying(64) NOT NULL,
    account_sequence bigint NOT NULL,
    fee_paid integer NOT NULL,
    operation_count integer NOT NULL,
    created_at timestamp without time zone,
    updated_at timestamp without time zone,
    id bigint,
    tx_envelope text NOT NULL,
    tx_result text NOT NULL,
    tx_meta text NOT NULL,
    tx_fee_meta text NOT NULL,
    signatures character varying(96)[] DEFAULT '{}'::character varying[] NOT NULL,
    memo_type character varying DEFAULT 'none'::character varying NOT NULL,
    memo character varying,
    time_bounds int8range
);


--
-- Name: history_assets id; Type: DEFAULT; Schema: public; Owner: -
--

ALTER TABLE ONLY history_assets ALTER COLUMN id SET DEFAULT nextval('history_assets_id_seq'::regclass);


--
-- Name: history_operation_participants id; Type: DEFAULT; Schema: public; Owner: -
--

ALTER TABLE ONLY history_operation_participants ALTER COLUMN id SET DEFAULT nextval('history_operation_participants_id_seq'::regclass);


--
-- Name: history_transaction_participants id; Type: DEFAULT; Schema: public; Owner: -
--

ALTER TABLE ONLY history_transaction_participants ALTER COLUMN id SET DEFAULT nextval('history_transaction_participants_id_seq'::regclass);


--
-- Data for Name: asset_stats; Type: TABLE DATA; Schema: public; Owner: -
--

INSERT INTO asset_stats VALUES (1, 50000000000, 2, 0, '');
INSERT INTO asset_stats VALUES (2, 50000000000, 1, 0, '');
INSERT INTO asset_stats VALUES (3, 50000000000, 1, 0, '');
INSERT INTO asset_stats VALUES (4, 50000000000, 1, 0, '');
INSERT INTO asset_stats VALUES (5, 50000000000, 1, 0, '');
INSERT INTO asset_stats VALUES (6, 50000000000, 2, 0, '');
INSERT INTO asset_stats VALUES (7, 50000000000, 1, 0, '');
INSERT INTO asset_stats VALUES (8, 50000000000, 1, 0, '');


--
-- Data for Name: gorp_migrations; Type: TABLE DATA; Schema: public; Owner: -
--

INSERT INTO gorp_migrations VALUES ('1_initial_schema.sql', '2017-12-15 13:25:00.27835-06');
INSERT INTO gorp_migrations VALUES ('2_index_participants_by_toid.sql', '2017-12-15 13:25:00.284847-06');
INSERT INTO gorp_migrations VALUES ('3_use_sequence_in_history_accounts.sql', '2017-12-15 13:25:00.287761-06');
INSERT INTO gorp_migrations VALUES ('4_add_protocol_version.sql', '2017-12-15 13:25:00.296332-06');
INSERT INTO gorp_migrations VALUES ('5_create_trades_table.sql', '2017-12-15 13:25:00.303579-06');
INSERT INTO gorp_migrations VALUES ('6_create_assets_table.sql', '2017-12-15 13:25:00.308494-06');
INSERT INTO gorp_migrations VALUES ('7_modify_trades_table.sql', '2017-12-15 13:25:00.315896-06');
INSERT INTO gorp_migrations VALUES ('8_add_aggregators.sql', '2017-12-15 13:25:00.317593-06');
INSERT INTO gorp_migrations VALUES ('8_create_asset_stats_table.sql', '2017-12-15 13:25:00.322275-06');
INSERT INTO gorp_migrations VALUES ('9_add_header_xdr.sql', '2017-12-15 13:25:00.324723-06');


--
-- Data for Name: history_accounts; Type: TABLE DATA; Schema: public; Owner: -
--

INSERT INTO history_accounts VALUES (1, 'GBRPYHIL2CI3FNQ4BXLFMNDLFJUNPU2HY3ZMFSHONUCEOASW7QC7OX2H');
INSERT INTO history_accounts VALUES (2, 'GDSBCQO34HWPGUGQSP3QBFEXVTSR2PW46UIGTHVWGWJGQKH3AFNHXHXN');
INSERT INTO history_accounts VALUES (3, 'GARSFJNXJIHO6ULUBK3DBYKVSIZE7SC72S5DYBCHU7DKL22UXKVD7MXP');
INSERT INTO history_accounts VALUES (4, 'GAEDTJ4PPEFVW5XV2S7LUXBEHNQMX5Q2GM562RJGOQG7GVCE5H3HIB4V');
INSERT INTO history_accounts VALUES (5, 'GA2NC4ZOXMXLVQAQQ5IQKJX47M3PKBQV2N5UV5Z4OXLQJ3CKMBA2O2YL');


--
-- Name: history_accounts_id_seq; Type: SEQUENCE SET; Schema: public; Owner: -
--

SELECT pg_catalog.setval('history_accounts_id_seq', 5, true);


--
-- Data for Name: history_assets; Type: TABLE DATA; Schema: public; Owner: -
--

INSERT INTO history_assets VALUES (1, 'credit_alphanum4', 'EUR', 'GDSBCQO34HWPGUGQSP3QBFEXVTSR2PW46UIGTHVWGWJGQKH3AFNHXHXN');
INSERT INTO history_assets VALUES (2, 'credit_alphanum4', '31', 'GDSBCQO34HWPGUGQSP3QBFEXVTSR2PW46UIGTHVWGWJGQKH3AFNHXHXN');
INSERT INTO history_assets VALUES (3, 'credit_alphanum4', '33', 'GDSBCQO34HWPGUGQSP3QBFEXVTSR2PW46UIGTHVWGWJGQKH3AFNHXHXN');
INSERT INTO history_assets VALUES (4, 'credit_alphanum4', '22', 'GDSBCQO34HWPGUGQSP3QBFEXVTSR2PW46UIGTHVWGWJGQKH3AFNHXHXN');
INSERT INTO history_assets VALUES (5, 'credit_alphanum4', '32', 'GDSBCQO34HWPGUGQSP3QBFEXVTSR2PW46UIGTHVWGWJGQKH3AFNHXHXN');
INSERT INTO history_assets VALUES (6, 'credit_alphanum4', 'USD', 'GDSBCQO34HWPGUGQSP3QBFEXVTSR2PW46UIGTHVWGWJGQKH3AFNHXHXN');
INSERT INTO history_assets VALUES (7, 'credit_alphanum4', '1', 'GDSBCQO34HWPGUGQSP3QBFEXVTSR2PW46UIGTHVWGWJGQKH3AFNHXHXN');
INSERT INTO history_assets VALUES (8, 'credit_alphanum4', '21', 'GDSBCQO34HWPGUGQSP3QBFEXVTSR2PW46UIGTHVWGWJGQKH3AFNHXHXN');


--
-- Name: history_assets_id_seq; Type: SEQUENCE SET; Schema: public; Owner: -
--

SELECT pg_catalog.setval('history_assets_id_seq', 8, true);


--
-- Data for Name: history_effects; Type: TABLE DATA; Schema: public; Owner: -
--

INSERT INTO history_effects VALUES (2, 8589938689, 1, 0, '{"starting_balance": "1000.0000000"}');
INSERT INTO history_effects VALUES (1, 8589938689, 2, 3, '{"amount": "1000.0000000", "asset_type": "native"}');
INSERT INTO history_effects VALUES (2, 8589938689, 3, 10, '{"weight": 1, "public_key": "GDSBCQO34HWPGUGQSP3QBFEXVTSR2PW46UIGTHVWGWJGQKH3AFNHXHXN"}');
INSERT INTO history_effects VALUES (3, 8589942785, 1, 0, '{"starting_balance": "1000.0000000"}');
INSERT INTO history_effects VALUES (1, 8589942785, 2, 3, '{"amount": "1000.0000000", "asset_type": "native"}');
INSERT INTO history_effects VALUES (3, 8589942785, 3, 10, '{"weight": 1, "public_key": "GARSFJNXJIHO6ULUBK3DBYKVSIZE7SC72S5DYBCHU7DKL22UXKVD7MXP"}');
INSERT INTO history_effects VALUES (4, 8589946881, 1, 0, '{"starting_balance": "1000.0000000"}');
INSERT INTO history_effects VALUES (1, 8589946881, 2, 3, '{"amount": "1000.0000000", "asset_type": "native"}');
INSERT INTO history_effects VALUES (4, 8589946881, 3, 10, '{"weight": 1, "public_key": "GAEDTJ4PPEFVW5XV2S7LUXBEHNQMX5Q2GM562RJGOQG7GVCE5H3HIB4V"}');
INSERT INTO history_effects VALUES (5, 8589950977, 1, 0, '{"starting_balance": "1000.0000000"}');
INSERT INTO history_effects VALUES (1, 8589950977, 2, 3, '{"amount": "1000.0000000", "asset_type": "native"}');
INSERT INTO history_effects VALUES (5, 8589950977, 3, 10, '{"weight": 1, "public_key": "GA2NC4ZOXMXLVQAQQ5IQKJX47M3PKBQV2N5UV5Z4OXLQJ3CKMBA2O2YL"}');
INSERT INTO history_effects VALUES (3, 12884905985, 1, 20, '{"limit": "922337203685.4775807", "asset_code": "USD", "asset_type": "credit_alphanum4", "asset_issuer": "GDSBCQO34HWPGUGQSP3QBFEXVTSR2PW46UIGTHVWGWJGQKH3AFNHXHXN"}');
INSERT INTO history_effects VALUES (4, 12884910081, 1, 20, '{"limit": "922337203685.4775807", "asset_code": "EUR", "asset_type": "credit_alphanum4", "asset_issuer": "GDSBCQO34HWPGUGQSP3QBFEXVTSR2PW46UIGTHVWGWJGQKH3AFNHXHXN"}');
INSERT INTO history_effects VALUES (5, 12884914177, 1, 20, '{"limit": "922337203685.4775807", "asset_code": "USD", "asset_type": "credit_alphanum4", "asset_issuer": "GDSBCQO34HWPGUGQSP3QBFEXVTSR2PW46UIGTHVWGWJGQKH3AFNHXHXN"}');
INSERT INTO history_effects VALUES (5, 12884918273, 1, 20, '{"limit": "922337203685.4775807", "asset_code": "EUR", "asset_type": "credit_alphanum4", "asset_issuer": "GDSBCQO34HWPGUGQSP3QBFEXVTSR2PW46UIGTHVWGWJGQKH3AFNHXHXN"}');
INSERT INTO history_effects VALUES (5, 12884922369, 1, 20, '{"limit": "922337203685.4775807", "asset_code": "1", "asset_type": "credit_alphanum4", "asset_issuer": "GDSBCQO34HWPGUGQSP3QBFEXVTSR2PW46UIGTHVWGWJGQKH3AFNHXHXN"}');
INSERT INTO history_effects VALUES (5, 12884926465, 1, 20, '{"limit": "922337203685.4775807", "asset_code": "21", "asset_type": "credit_alphanum4", "asset_issuer": "GDSBCQO34HWPGUGQSP3QBFEXVTSR2PW46UIGTHVWGWJGQKH3AFNHXHXN"}');
INSERT INTO history_effects VALUES (5, 12884930561, 1, 20, '{"limit": "922337203685.4775807", "asset_code": "22", "asset_type": "credit_alphanum4", "asset_issuer": "GDSBCQO34HWPGUGQSP3QBFEXVTSR2PW46UIGTHVWGWJGQKH3AFNHXHXN"}');
INSERT INTO history_effects VALUES (5, 12884934657, 1, 20, '{"limit": "922337203685.4775807", "asset_code": "31", "asset_type": "credit_alphanum4", "asset_issuer": "GDSBCQO34HWPGUGQSP3QBFEXVTSR2PW46UIGTHVWGWJGQKH3AFNHXHXN"}');
INSERT INTO history_effects VALUES (5, 12884938753, 1, 20, '{"limit": "922337203685.4775807", "asset_code": "32", "asset_type": "credit_alphanum4", "asset_issuer": "GDSBCQO34HWPGUGQSP3QBFEXVTSR2PW46UIGTHVWGWJGQKH3AFNHXHXN"}');
INSERT INTO history_effects VALUES (5, 12884942849, 1, 20, '{"limit": "922337203685.4775807", "asset_code": "33", "asset_type": "credit_alphanum4", "asset_issuer": "GDSBCQO34HWPGUGQSP3QBFEXVTSR2PW46UIGTHVWGWJGQKH3AFNHXHXN"}');
INSERT INTO history_effects VALUES (3, 17179873281, 1, 2, '{"amount": "5000.0000000", "asset_code": "USD", "asset_type": "credit_alphanum4", "asset_issuer": "GDSBCQO34HWPGUGQSP3QBFEXVTSR2PW46UIGTHVWGWJGQKH3AFNHXHXN"}');
INSERT INTO history_effects VALUES (2, 17179873281, 2, 3, '{"amount": "5000.0000000", "asset_code": "USD", "asset_type": "credit_alphanum4", "asset_issuer": "GDSBCQO34HWPGUGQSP3QBFEXVTSR2PW46UIGTHVWGWJGQKH3AFNHXHXN"}');
INSERT INTO history_effects VALUES (5, 17179877377, 1, 2, '{"amount": "5000.0000000", "asset_code": "EUR", "asset_type": "credit_alphanum4", "asset_issuer": "GDSBCQO34HWPGUGQSP3QBFEXVTSR2PW46UIGTHVWGWJGQKH3AFNHXHXN"}');
INSERT INTO history_effects VALUES (2, 17179877377, 2, 3, '{"amount": "5000.0000000", "asset_code": "EUR", "asset_type": "credit_alphanum4", "asset_issuer": "GDSBCQO34HWPGUGQSP3QBFEXVTSR2PW46UIGTHVWGWJGQKH3AFNHXHXN"}');
INSERT INTO history_effects VALUES (5, 17179881473, 1, 2, '{"amount": "5000.0000000", "asset_code": "1", "asset_type": "credit_alphanum4", "asset_issuer": "GDSBCQO34HWPGUGQSP3QBFEXVTSR2PW46UIGTHVWGWJGQKH3AFNHXHXN"}');
INSERT INTO history_effects VALUES (2, 17179881473, 2, 3, '{"amount": "5000.0000000", "asset_code": "1", "asset_type": "credit_alphanum4", "asset_issuer": "GDSBCQO34HWPGUGQSP3QBFEXVTSR2PW46UIGTHVWGWJGQKH3AFNHXHXN"}');
INSERT INTO history_effects VALUES (5, 17179885569, 1, 2, '{"amount": "5000.0000000", "asset_code": "21", "asset_type": "credit_alphanum4", "asset_issuer": "GDSBCQO34HWPGUGQSP3QBFEXVTSR2PW46UIGTHVWGWJGQKH3AFNHXHXN"}');
INSERT INTO history_effects VALUES (2, 17179885569, 2, 3, '{"amount": "5000.0000000", "asset_code": "21", "asset_type": "credit_alphanum4", "asset_issuer": "GDSBCQO34HWPGUGQSP3QBFEXVTSR2PW46UIGTHVWGWJGQKH3AFNHXHXN"}');
INSERT INTO history_effects VALUES (5, 17179889665, 1, 2, '{"amount": "5000.0000000", "asset_code": "22", "asset_type": "credit_alphanum4", "asset_issuer": "GDSBCQO34HWPGUGQSP3QBFEXVTSR2PW46UIGTHVWGWJGQKH3AFNHXHXN"}');
INSERT INTO history_effects VALUES (2, 17179889665, 2, 3, '{"amount": "5000.0000000", "asset_code": "22", "asset_type": "credit_alphanum4", "asset_issuer": "GDSBCQO34HWPGUGQSP3QBFEXVTSR2PW46UIGTHVWGWJGQKH3AFNHXHXN"}');
INSERT INTO history_effects VALUES (5, 17179893761, 1, 2, '{"amount": "5000.0000000", "asset_code": "31", "asset_type": "credit_alphanum4", "asset_issuer": "GDSBCQO34HWPGUGQSP3QBFEXVTSR2PW46UIGTHVWGWJGQKH3AFNHXHXN"}');
INSERT INTO history_effects VALUES (2, 17179893761, 2, 3, '{"amount": "5000.0000000", "asset_code": "31", "asset_type": "credit_alphanum4", "asset_issuer": "GDSBCQO34HWPGUGQSP3QBFEXVTSR2PW46UIGTHVWGWJGQKH3AFNHXHXN"}');
INSERT INTO history_effects VALUES (5, 17179897857, 1, 2, '{"amount": "5000.0000000", "asset_code": "32", "asset_type": "credit_alphanum4", "asset_issuer": "GDSBCQO34HWPGUGQSP3QBFEXVTSR2PW46UIGTHVWGWJGQKH3AFNHXHXN"}');
INSERT INTO history_effects VALUES (2, 17179897857, 2, 3, '{"amount": "5000.0000000", "asset_code": "32", "asset_type": "credit_alphanum4", "asset_issuer": "GDSBCQO34HWPGUGQSP3QBFEXVTSR2PW46UIGTHVWGWJGQKH3AFNHXHXN"}');
INSERT INTO history_effects VALUES (5, 17179901953, 1, 2, '{"amount": "5000.0000000", "asset_code": "33", "asset_type": "credit_alphanum4", "asset_issuer": "GDSBCQO34HWPGUGQSP3QBFEXVTSR2PW46UIGTHVWGWJGQKH3AFNHXHXN"}');
INSERT INTO history_effects VALUES (2, 17179901953, 2, 3, '{"amount": "5000.0000000", "asset_code": "33", "asset_type": "credit_alphanum4", "asset_issuer": "GDSBCQO34HWPGUGQSP3QBFEXVTSR2PW46UIGTHVWGWJGQKH3AFNHXHXN"}');


--
-- Data for Name: history_ledgers; Type: TABLE DATA; Schema: public; Owner: -
--

INSERT INTO history_ledgers VALUES (1, '63d98f536ee68d1b27b5b89f23af5311b7569a24faf1403ad0b52b633b07be99', NULL, 0, 0, '1970-01-01 00:00:00', '2017-12-15 22:08:00.105611', '2017-12-15 22:08:00.105611', 4294967296, 11, 1000000000000000000, 0, 100, 100000000, 100, 0, 'AAAAAAAAAAAAAAAAAAAAAAAAAAAAAAAAAAAAAAAAAAAAAAAAAAAAAAAAAAAAAAAAAAAAAAAAAAAAAAAAAAAAAAAAAAAAAAAAAAAAAAAAAAAAAAAAAAAAAAAAAAAAAAAAAAAAAAAAAAAAAAAAAAAAAAAAAABXKi4y/ySKB7DnD9H20xjB+s0gtswIwz1XdSWYaBJaFgAAAAEN4Lazp2QAAAAAAAAAAAAAAAAAAAAAAAAAAAAAAAAAZAX14QAAAABkAAAAAAAAAAAAAAAAAAAAAAAAAAAAAAAAAAAAAAAAAAAAAAAAAAAAAAAAAAAAAAAAAAAAAAAAAAAAAAAAAAAAAAAAAAAAAAAAAAAAAAAAAAAAAAAAAAAAAAAAAAAAAAAAAAAAAAAAAAAAAAAAAAAAAAAAAAAAAAAAAAAAAAAAAAAAAAAA');
INSERT INTO history_ledgers VALUES (2, '025a89c92f9036ef1b9bbeca8272515621ed651e19ef4030073b48e06551f95f', '63d98f536ee68d1b27b5b89f23af5311b7569a24faf1403ad0b52b633b07be99', 4, 4, '2017-12-15 22:07:57', '2017-12-15 22:08:00.111593', '2017-12-15 22:08:00.111593', 8589934592, 11, 1000000000000000000, 400, 100, 100000000, 10000, 9, 'AAAACWPZj1Nu5o0bJ7W4nyOvUxG3Vpok+vFAOtC1K2M7B76ZoFq33IYHWwlGYaJaMCjNeUfVmDLRL+zWmVJgMUZn8ukAAAAAWjRHvQAAAAIAAAAIAAAAAQAAAAkAAAAIAAAAAwAAJxAAAAAABtT+dvrMtMze04+pfz4Iczf0b9AofJVgLkcJjLI5W+k/9xmtxf4VqYFxmBloSznBjUkBjmidBKRttDyNWuQnWAAAAAIN4Lazp2QAAAAAAAAAAAGQAAAAAAAAAAAAAAAAAAAAZAX14QAAACcQAAAAAAAAAAAAAAAAAAAAAAAAAAAAAAAAAAAAAAAAAAAAAAAAAAAAAAAAAAAAAAAAAAAAAAAAAAAAAAAAAAAAAAAAAAAAAAAAAAAAAAAAAAAAAAAAAAAAAAAAAAAAAAAAAAAAAAAAAAAAAAAAAAAAAAAAAAAAAAAAAAAAAAAAAAAAAAAA');
INSERT INTO history_ledgers VALUES (3, '28f1a3c06f1ad7e47467cc9bfb58b895b11e889c1b6486d1c67e37ba0d4e18da', '025a89c92f9036ef1b9bbeca8272515621ed651e19ef4030073b48e06551f95f', 10, 10, '2017-12-15 22:07:58', '2017-12-15 22:08:00.143428', '2017-12-15 22:08:00.143429', 12884901888, 11, 1000000000000000000, 1400, 100, 100000000, 10000, 9, 'AAAACQJaickvkDbvG5u+yoJyUVYh7WUeGe9AMAc7SOBlUflf2PyVoGOdRJnrGDgvi6CKtQ5GWs6yuuHsZkZ4u0nAyPsAAAAAWjRHvgAAAAAAAAAAyTFNwQ1kuM9up+prNo5OnPncB2hOcewR6WhZzAEwO6jdai8xNBvPyS8Dow/hW9tAvPZiSziLqxJNnGcJDk6puAAAAAMN4Lazp2QAAAAAAAAAAAV4AAAAAAAAAAAAAAAAAAAAZAX14QAAACcQAAAAAAAAAAAAAAAAAAAAAAAAAAAAAAAAAAAAAAAAAAAAAAAAAAAAAAAAAAAAAAAAAAAAAAAAAAAAAAAAAAAAAAAAAAAAAAAAAAAAAAAAAAAAAAAAAAAAAAAAAAAAAAAAAAAAAAAAAAAAAAAAAAAAAAAAAAAAAAAAAAAAAAAAAAAAAAAA');
INSERT INTO history_ledgers VALUES (4, '7ddb5c55bee077731a4a4dd778e77c40bde2ed4269f983c0e4aac3f8d6ca851c', '28f1a3c06f1ad7e47467cc9bfb58b895b11e889c1b6486d1c67e37ba0d4e18da', 8, 8, '2017-12-15 22:07:59', '2017-12-15 22:08:00.177289', '2017-12-15 22:08:00.177289', 17179869184, 11, 1000000000000000000, 2200, 100, 100000000, 10000, 9, 'AAAACSjxo8BvGtfkdGfMm/tYuJWxHoicG2SG0cZ+N7oNThjaLTOeS6U1OzKUrul4Chlr46BB5rcbyEhrgKfsleX70Q0AAAAAWjRHvwAAAAAAAAAA8+IeycxQU782PpfLw48z19/NsgcbSScIBi4tGKRQOHHrpkN5XFClSqgIgQP1B9EUKRb8GTRBvazn/XzdHnS2xAAAAAQN4Lazp2QAAAAAAAAAAAiYAAAAAAAAAAAAAAAAAAAAZAX14QAAACcQAAAAAAAAAAAAAAAAAAAAAAAAAAAAAAAAAAAAAAAAAAAAAAAAAAAAAAAAAAAAAAAAAAAAAAAAAAAAAAAAAAAAAAAAAAAAAAAAAAAAAAAAAAAAAAAAAAAAAAAAAAAAAAAAAAAAAAAAAAAAAAAAAAAAAAAAAAAAAAAAAAAAAAAAAAAAAAAA');
INSERT INTO history_ledgers VALUES (5, 'cfdb9ee2bbf7cc4a82c632262b810f1038f217955acf5eb30be026f71b66ab7a', '7ddb5c55bee077731a4a4dd778e77c40bde2ed4269f983c0e4aac3f8d6ca851c', 13, 13, '2017-12-15 22:08:00', '2017-12-15 22:08:00.216632', '2017-12-15 22:08:00.216632', 21474836480, 11, 1000000000000000000, 3500, 100, 100000000, 10000, 9, 'AAAACX3bXFW+4HdzGkpN13jnfEC94u1CafmDwOSqw/jWyoUcr0IauAyTM789O3gHtUNO7nYv6Xtexs8hTGO6Ec+EFQUAAAAAWjRHwAAAAAAAAAAAYZgZwEtERID4EtN+vY6Ozz2y8A82mO2qoilhvcJtKhwKAfoJUM5isS1+PD5IK6qIvhKkhDyhU8OPTKbaa2DoMgAAAAUN4Lazp2QAAAAAAAAAAA2sAAAAAAAAAAAAAAANAAAAZAX14QAAACcQAAAAAAAAAAAAAAAAAAAAAAAAAAAAAAAAAAAAAAAAAAAAAAAAAAAAAAAAAAAAAAAAAAAAAAAAAAAAAAAAAAAAAAAAAAAAAAAAAAAAAAAAAAAAAAAAAAAAAAAAAAAAAAAAAAAAAAAAAAAAAAAAAAAAAAAAAAAAAAAAAAAAAAAAAAAAAAAA');


--
-- Data for Name: history_operation_participants; Type: TABLE DATA; Schema: public; Owner: -
--

INSERT INTO history_operation_participants VALUES (1, 8589938689, 1);
INSERT INTO history_operation_participants VALUES (2, 8589938689, 2);
INSERT INTO history_operation_participants VALUES (3, 8589942785, 3);
INSERT INTO history_operation_participants VALUES (4, 8589942785, 1);
INSERT INTO history_operation_participants VALUES (5, 8589946881, 1);
INSERT INTO history_operation_participants VALUES (6, 8589946881, 4);
INSERT INTO history_operation_participants VALUES (7, 8589950977, 5);
INSERT INTO history_operation_participants VALUES (8, 8589950977, 1);
INSERT INTO history_operation_participants VALUES (9, 12884905985, 3);
INSERT INTO history_operation_participants VALUES (10, 12884910081, 4);
INSERT INTO history_operation_participants VALUES (11, 12884914177, 5);
INSERT INTO history_operation_participants VALUES (12, 12884918273, 5);
INSERT INTO history_operation_participants VALUES (13, 12884922369, 5);
INSERT INTO history_operation_participants VALUES (14, 12884926465, 5);
INSERT INTO history_operation_participants VALUES (15, 12884930561, 5);
INSERT INTO history_operation_participants VALUES (16, 12884934657, 5);
INSERT INTO history_operation_participants VALUES (17, 12884938753, 5);
INSERT INTO history_operation_participants VALUES (18, 12884942849, 5);
INSERT INTO history_operation_participants VALUES (19, 17179873281, 2);
INSERT INTO history_operation_participants VALUES (20, 17179873281, 3);
INSERT INTO history_operation_participants VALUES (21, 17179877377, 2);
INSERT INTO history_operation_participants VALUES (22, 17179877377, 5);
INSERT INTO history_operation_participants VALUES (23, 17179881473, 2);
INSERT INTO history_operation_participants VALUES (24, 17179881473, 5);
INSERT INTO history_operation_participants VALUES (25, 17179885569, 2);
INSERT INTO history_operation_participants VALUES (26, 17179885569, 5);
INSERT INTO history_operation_participants VALUES (27, 17179889665, 5);
INSERT INTO history_operation_participants VALUES (28, 17179889665, 2);
INSERT INTO history_operation_participants VALUES (29, 17179893761, 2);
INSERT INTO history_operation_participants VALUES (30, 17179893761, 5);
INSERT INTO history_operation_participants VALUES (31, 17179897857, 2);
INSERT INTO history_operation_participants VALUES (32, 17179897857, 5);
INSERT INTO history_operation_participants VALUES (33, 17179901953, 2);
INSERT INTO history_operation_participants VALUES (34, 17179901953, 5);
INSERT INTO history_operation_participants VALUES (35, 21474840577, 5);
INSERT INTO history_operation_participants VALUES (36, 21474844673, 2);
INSERT INTO history_operation_participants VALUES (37, 21474848769, 5);
INSERT INTO history_operation_participants VALUES (38, 21474852865, 2);
INSERT INTO history_operation_participants VALUES (39, 21474856961, 5);
INSERT INTO history_operation_participants VALUES (40, 21474861057, 2);
INSERT INTO history_operation_participants VALUES (41, 21474865153, 5);
INSERT INTO history_operation_participants VALUES (42, 21474869249, 5);
INSERT INTO history_operation_participants VALUES (43, 21474873345, 5);
INSERT INTO history_operation_participants VALUES (44, 21474877441, 5);
INSERT INTO history_operation_participants VALUES (45, 21474881537, 5);
INSERT INTO history_operation_participants VALUES (46, 21474885633, 5);
INSERT INTO history_operation_participants VALUES (47, 21474889729, 5);


--
-- Name: history_operation_participants_id_seq; Type: SEQUENCE SET; Schema: public; Owner: -
--

SELECT pg_catalog.setval('history_operation_participants_id_seq', 47, true);


--
-- Data for Name: history_operations; Type: TABLE DATA; Schema: public; Owner: -
--

INSERT INTO history_operations VALUES (8589938689, 8589938688, 1, 0, '{"funder": "GBRPYHIL2CI3FNQ4BXLFMNDLFJUNPU2HY3ZMFSHONUCEOASW7QC7OX2H", "account": "GDSBCQO34HWPGUGQSP3QBFEXVTSR2PW46UIGTHVWGWJGQKH3AFNHXHXN", "starting_balance": "1000.0000000"}', 'GBRPYHIL2CI3FNQ4BXLFMNDLFJUNPU2HY3ZMFSHONUCEOASW7QC7OX2H');
INSERT INTO history_operations VALUES (8589942785, 8589942784, 1, 0, '{"funder": "GBRPYHIL2CI3FNQ4BXLFMNDLFJUNPU2HY3ZMFSHONUCEOASW7QC7OX2H", "account": "GARSFJNXJIHO6ULUBK3DBYKVSIZE7SC72S5DYBCHU7DKL22UXKVD7MXP", "starting_balance": "1000.0000000"}', 'GBRPYHIL2CI3FNQ4BXLFMNDLFJUNPU2HY3ZMFSHONUCEOASW7QC7OX2H');
INSERT INTO history_operations VALUES (8589946881, 8589946880, 1, 0, '{"funder": "GBRPYHIL2CI3FNQ4BXLFMNDLFJUNPU2HY3ZMFSHONUCEOASW7QC7OX2H", "account": "GAEDTJ4PPEFVW5XV2S7LUXBEHNQMX5Q2GM562RJGOQG7GVCE5H3HIB4V", "starting_balance": "1000.0000000"}', 'GBRPYHIL2CI3FNQ4BXLFMNDLFJUNPU2HY3ZMFSHONUCEOASW7QC7OX2H');
INSERT INTO history_operations VALUES (8589950977, 8589950976, 1, 0, '{"funder": "GBRPYHIL2CI3FNQ4BXLFMNDLFJUNPU2HY3ZMFSHONUCEOASW7QC7OX2H", "account": "GA2NC4ZOXMXLVQAQQ5IQKJX47M3PKBQV2N5UV5Z4OXLQJ3CKMBA2O2YL", "starting_balance": "1000.0000000"}', 'GBRPYHIL2CI3FNQ4BXLFMNDLFJUNPU2HY3ZMFSHONUCEOASW7QC7OX2H');
INSERT INTO history_operations VALUES (12884905985, 12884905984, 1, 6, '{"limit": "922337203685.4775807", "trustee": "GDSBCQO34HWPGUGQSP3QBFEXVTSR2PW46UIGTHVWGWJGQKH3AFNHXHXN", "trustor": "GARSFJNXJIHO6ULUBK3DBYKVSIZE7SC72S5DYBCHU7DKL22UXKVD7MXP", "asset_code": "USD", "asset_type": "credit_alphanum4", "asset_issuer": "GDSBCQO34HWPGUGQSP3QBFEXVTSR2PW46UIGTHVWGWJGQKH3AFNHXHXN"}', 'GARSFJNXJIHO6ULUBK3DBYKVSIZE7SC72S5DYBCHU7DKL22UXKVD7MXP');
INSERT INTO history_operations VALUES (12884910081, 12884910080, 1, 6, '{"limit": "922337203685.4775807", "trustee": "GDSBCQO34HWPGUGQSP3QBFEXVTSR2PW46UIGTHVWGWJGQKH3AFNHXHXN", "trustor": "GAEDTJ4PPEFVW5XV2S7LUXBEHNQMX5Q2GM562RJGOQG7GVCE5H3HIB4V", "asset_code": "EUR", "asset_type": "credit_alphanum4", "asset_issuer": "GDSBCQO34HWPGUGQSP3QBFEXVTSR2PW46UIGTHVWGWJGQKH3AFNHXHXN"}', 'GAEDTJ4PPEFVW5XV2S7LUXBEHNQMX5Q2GM562RJGOQG7GVCE5H3HIB4V');
INSERT INTO history_operations VALUES (12884914177, 12884914176, 1, 6, '{"limit": "922337203685.4775807", "trustee": "GDSBCQO34HWPGUGQSP3QBFEXVTSR2PW46UIGTHVWGWJGQKH3AFNHXHXN", "trustor": "GA2NC4ZOXMXLVQAQQ5IQKJX47M3PKBQV2N5UV5Z4OXLQJ3CKMBA2O2YL", "asset_code": "USD", "asset_type": "credit_alphanum4", "asset_issuer": "GDSBCQO34HWPGUGQSP3QBFEXVTSR2PW46UIGTHVWGWJGQKH3AFNHXHXN"}', 'GA2NC4ZOXMXLVQAQQ5IQKJX47M3PKBQV2N5UV5Z4OXLQJ3CKMBA2O2YL');
INSERT INTO history_operations VALUES (12884918273, 12884918272, 1, 6, '{"limit": "922337203685.4775807", "trustee": "GDSBCQO34HWPGUGQSP3QBFEXVTSR2PW46UIGTHVWGWJGQKH3AFNHXHXN", "trustor": "GA2NC4ZOXMXLVQAQQ5IQKJX47M3PKBQV2N5UV5Z4OXLQJ3CKMBA2O2YL", "asset_code": "EUR", "asset_type": "credit_alphanum4", "asset_issuer": "GDSBCQO34HWPGUGQSP3QBFEXVTSR2PW46UIGTHVWGWJGQKH3AFNHXHXN"}', 'GA2NC4ZOXMXLVQAQQ5IQKJX47M3PKBQV2N5UV5Z4OXLQJ3CKMBA2O2YL');
INSERT INTO history_operations VALUES (12884922369, 12884922368, 1, 6, '{"limit": "922337203685.4775807", "trustee": "GDSBCQO34HWPGUGQSP3QBFEXVTSR2PW46UIGTHVWGWJGQKH3AFNHXHXN", "trustor": "GA2NC4ZOXMXLVQAQQ5IQKJX47M3PKBQV2N5UV5Z4OXLQJ3CKMBA2O2YL", "asset_code": "1", "asset_type": "credit_alphanum4", "asset_issuer": "GDSBCQO34HWPGUGQSP3QBFEXVTSR2PW46UIGTHVWGWJGQKH3AFNHXHXN"}', 'GA2NC4ZOXMXLVQAQQ5IQKJX47M3PKBQV2N5UV5Z4OXLQJ3CKMBA2O2YL');
INSERT INTO history_operations VALUES (12884926465, 12884926464, 1, 6, '{"limit": "922337203685.4775807", "trustee": "GDSBCQO34HWPGUGQSP3QBFEXVTSR2PW46UIGTHVWGWJGQKH3AFNHXHXN", "trustor": "GA2NC4ZOXMXLVQAQQ5IQKJX47M3PKBQV2N5UV5Z4OXLQJ3CKMBA2O2YL", "asset_code": "21", "asset_type": "credit_alphanum4", "asset_issuer": "GDSBCQO34HWPGUGQSP3QBFEXVTSR2PW46UIGTHVWGWJGQKH3AFNHXHXN"}', 'GA2NC4ZOXMXLVQAQQ5IQKJX47M3PKBQV2N5UV5Z4OXLQJ3CKMBA2O2YL');
INSERT INTO history_operations VALUES (12884930561, 12884930560, 1, 6, '{"limit": "922337203685.4775807", "trustee": "GDSBCQO34HWPGUGQSP3QBFEXVTSR2PW46UIGTHVWGWJGQKH3AFNHXHXN", "trustor": "GA2NC4ZOXMXLVQAQQ5IQKJX47M3PKBQV2N5UV5Z4OXLQJ3CKMBA2O2YL", "asset_code": "22", "asset_type": "credit_alphanum4", "asset_issuer": "GDSBCQO34HWPGUGQSP3QBFEXVTSR2PW46UIGTHVWGWJGQKH3AFNHXHXN"}', 'GA2NC4ZOXMXLVQAQQ5IQKJX47M3PKBQV2N5UV5Z4OXLQJ3CKMBA2O2YL');
INSERT INTO history_operations VALUES (12884934657, 12884934656, 1, 6, '{"limit": "922337203685.4775807", "trustee": "GDSBCQO34HWPGUGQSP3QBFEXVTSR2PW46UIGTHVWGWJGQKH3AFNHXHXN", "trustor": "GA2NC4ZOXMXLVQAQQ5IQKJX47M3PKBQV2N5UV5Z4OXLQJ3CKMBA2O2YL", "asset_code": "31", "asset_type": "credit_alphanum4", "asset_issuer": "GDSBCQO34HWPGUGQSP3QBFEXVTSR2PW46UIGTHVWGWJGQKH3AFNHXHXN"}', 'GA2NC4ZOXMXLVQAQQ5IQKJX47M3PKBQV2N5UV5Z4OXLQJ3CKMBA2O2YL');
INSERT INTO history_operations VALUES (12884938753, 12884938752, 1, 6, '{"limit": "922337203685.4775807", "trustee": "GDSBCQO34HWPGUGQSP3QBFEXVTSR2PW46UIGTHVWGWJGQKH3AFNHXHXN", "trustor": "GA2NC4ZOXMXLVQAQQ5IQKJX47M3PKBQV2N5UV5Z4OXLQJ3CKMBA2O2YL", "asset_code": "32", "asset_type": "credit_alphanum4", "asset_issuer": "GDSBCQO34HWPGUGQSP3QBFEXVTSR2PW46UIGTHVWGWJGQKH3AFNHXHXN"}', 'GA2NC4ZOXMXLVQAQQ5IQKJX47M3PKBQV2N5UV5Z4OXLQJ3CKMBA2O2YL');
INSERT INTO history_operations VALUES (12884942849, 12884942848, 1, 6, '{"limit": "922337203685.4775807", "trustee": "GDSBCQO34HWPGUGQSP3QBFEXVTSR2PW46UIGTHVWGWJGQKH3AFNHXHXN", "trustor": "GA2NC4ZOXMXLVQAQQ5IQKJX47M3PKBQV2N5UV5Z4OXLQJ3CKMBA2O2YL", "asset_code": "33", "asset_type": "credit_alphanum4", "asset_issuer": "GDSBCQO34HWPGUGQSP3QBFEXVTSR2PW46UIGTHVWGWJGQKH3AFNHXHXN"}', 'GA2NC4ZOXMXLVQAQQ5IQKJX47M3PKBQV2N5UV5Z4OXLQJ3CKMBA2O2YL');
INSERT INTO history_operations VALUES (17179873281, 17179873280, 1, 1, '{"to": "GARSFJNXJIHO6ULUBK3DBYKVSIZE7SC72S5DYBCHU7DKL22UXKVD7MXP", "from": "GDSBCQO34HWPGUGQSP3QBFEXVTSR2PW46UIGTHVWGWJGQKH3AFNHXHXN", "amount": "5000.0000000", "asset_code": "USD", "asset_type": "credit_alphanum4", "asset_issuer": "GDSBCQO34HWPGUGQSP3QBFEXVTSR2PW46UIGTHVWGWJGQKH3AFNHXHXN"}', 'GDSBCQO34HWPGUGQSP3QBFEXVTSR2PW46UIGTHVWGWJGQKH3AFNHXHXN');
INSERT INTO history_operations VALUES (17179877377, 17179877376, 1, 1, '{"to": "GA2NC4ZOXMXLVQAQQ5IQKJX47M3PKBQV2N5UV5Z4OXLQJ3CKMBA2O2YL", "from": "GDSBCQO34HWPGUGQSP3QBFEXVTSR2PW46UIGTHVWGWJGQKH3AFNHXHXN", "amount": "5000.0000000", "asset_code": "EUR", "asset_type": "credit_alphanum4", "asset_issuer": "GDSBCQO34HWPGUGQSP3QBFEXVTSR2PW46UIGTHVWGWJGQKH3AFNHXHXN"}', 'GDSBCQO34HWPGUGQSP3QBFEXVTSR2PW46UIGTHVWGWJGQKH3AFNHXHXN');
INSERT INTO history_operations VALUES (17179881473, 17179881472, 1, 1, '{"to": "GA2NC4ZOXMXLVQAQQ5IQKJX47M3PKBQV2N5UV5Z4OXLQJ3CKMBA2O2YL", "from": "GDSBCQO34HWPGUGQSP3QBFEXVTSR2PW46UIGTHVWGWJGQKH3AFNHXHXN", "amount": "5000.0000000", "asset_code": "1", "asset_type": "credit_alphanum4", "asset_issuer": "GDSBCQO34HWPGUGQSP3QBFEXVTSR2PW46UIGTHVWGWJGQKH3AFNHXHXN"}', 'GDSBCQO34HWPGUGQSP3QBFEXVTSR2PW46UIGTHVWGWJGQKH3AFNHXHXN');
INSERT INTO history_operations VALUES (17179885569, 17179885568, 1, 1, '{"to": "GA2NC4ZOXMXLVQAQQ5IQKJX47M3PKBQV2N5UV5Z4OXLQJ3CKMBA2O2YL", "from": "GDSBCQO34HWPGUGQSP3QBFEXVTSR2PW46UIGTHVWGWJGQKH3AFNHXHXN", "amount": "5000.0000000", "asset_code": "21", "asset_type": "credit_alphanum4", "asset_issuer": "GDSBCQO34HWPGUGQSP3QBFEXVTSR2PW46UIGTHVWGWJGQKH3AFNHXHXN"}', 'GDSBCQO34HWPGUGQSP3QBFEXVTSR2PW46UIGTHVWGWJGQKH3AFNHXHXN');
INSERT INTO history_operations VALUES (17179889665, 17179889664, 1, 1, '{"to": "GA2NC4ZOXMXLVQAQQ5IQKJX47M3PKBQV2N5UV5Z4OXLQJ3CKMBA2O2YL", "from": "GDSBCQO34HWPGUGQSP3QBFEXVTSR2PW46UIGTHVWGWJGQKH3AFNHXHXN", "amount": "5000.0000000", "asset_code": "22", "asset_type": "credit_alphanum4", "asset_issuer": "GDSBCQO34HWPGUGQSP3QBFEXVTSR2PW46UIGTHVWGWJGQKH3AFNHXHXN"}', 'GDSBCQO34HWPGUGQSP3QBFEXVTSR2PW46UIGTHVWGWJGQKH3AFNHXHXN');
INSERT INTO history_operations VALUES (17179893761, 17179893760, 1, 1, '{"to": "GA2NC4ZOXMXLVQAQQ5IQKJX47M3PKBQV2N5UV5Z4OXLQJ3CKMBA2O2YL", "from": "GDSBCQO34HWPGUGQSP3QBFEXVTSR2PW46UIGTHVWGWJGQKH3AFNHXHXN", "amount": "5000.0000000", "asset_code": "31", "asset_type": "credit_alphanum4", "asset_issuer": "GDSBCQO34HWPGUGQSP3QBFEXVTSR2PW46UIGTHVWGWJGQKH3AFNHXHXN"}', 'GDSBCQO34HWPGUGQSP3QBFEXVTSR2PW46UIGTHVWGWJGQKH3AFNHXHXN');
INSERT INTO history_operations VALUES (17179897857, 17179897856, 1, 1, '{"to": "GA2NC4ZOXMXLVQAQQ5IQKJX47M3PKBQV2N5UV5Z4OXLQJ3CKMBA2O2YL", "from": "GDSBCQO34HWPGUGQSP3QBFEXVTSR2PW46UIGTHVWGWJGQKH3AFNHXHXN", "amount": "5000.0000000", "asset_code": "32", "asset_type": "credit_alphanum4", "asset_issuer": "GDSBCQO34HWPGUGQSP3QBFEXVTSR2PW46UIGTHVWGWJGQKH3AFNHXHXN"}', 'GDSBCQO34HWPGUGQSP3QBFEXVTSR2PW46UIGTHVWGWJGQKH3AFNHXHXN');
INSERT INTO history_operations VALUES (17179901953, 17179901952, 1, 1, '{"to": "GA2NC4ZOXMXLVQAQQ5IQKJX47M3PKBQV2N5UV5Z4OXLQJ3CKMBA2O2YL", "from": "GDSBCQO34HWPGUGQSP3QBFEXVTSR2PW46UIGTHVWGWJGQKH3AFNHXHXN", "amount": "5000.0000000", "asset_code": "33", "asset_type": "credit_alphanum4", "asset_issuer": "GDSBCQO34HWPGUGQSP3QBFEXVTSR2PW46UIGTHVWGWJGQKH3AFNHXHXN"}', 'GDSBCQO34HWPGUGQSP3QBFEXVTSR2PW46UIGTHVWGWJGQKH3AFNHXHXN');
INSERT INTO history_operations VALUES (21474840577, 21474840576, 1, 3, '{"price": "0.5000000", "amount": "10.0000000", "price_r": {"d": 2, "n": 1}, "offer_id": 0, "buying_asset_code": "USD", "buying_asset_type": "credit_alphanum4", "selling_asset_code": "EUR", "selling_asset_type": "credit_alphanum4", "buying_asset_issuer": "GDSBCQO34HWPGUGQSP3QBFEXVTSR2PW46UIGTHVWGWJGQKH3AFNHXHXN", "selling_asset_issuer": "GDSBCQO34HWPGUGQSP3QBFEXVTSR2PW46UIGTHVWGWJGQKH3AFNHXHXN"}', 'GA2NC4ZOXMXLVQAQQ5IQKJX47M3PKBQV2N5UV5Z4OXLQJ3CKMBA2O2YL');
INSERT INTO history_operations VALUES (21474844673, 21474844672, 1, 3, '{"price": "1.0000000", "amount": "10.0000000", "price_r": {"d": 1, "n": 1}, "offer_id": 0, "buying_asset_code": "USD", "buying_asset_type": "credit_alphanum4", "selling_asset_code": "EUR", "selling_asset_type": "credit_alphanum4", "buying_asset_issuer": "GDSBCQO34HWPGUGQSP3QBFEXVTSR2PW46UIGTHVWGWJGQKH3AFNHXHXN", "selling_asset_issuer": "GDSBCQO34HWPGUGQSP3QBFEXVTSR2PW46UIGTHVWGWJGQKH3AFNHXHXN"}', 'GDSBCQO34HWPGUGQSP3QBFEXVTSR2PW46UIGTHVWGWJGQKH3AFNHXHXN');
INSERT INTO history_operations VALUES (21474848769, 21474848768, 1, 3, '{"price": "1.0000000", "amount": "20.0000000", "price_r": {"d": 1, "n": 1}, "offer_id": 0, "buying_asset_code": "USD", "buying_asset_type": "credit_alphanum4", "selling_asset_code": "1", "selling_asset_type": "credit_alphanum4", "buying_asset_issuer": "GDSBCQO34HWPGUGQSP3QBFEXVTSR2PW46UIGTHVWGWJGQKH3AFNHXHXN", "selling_asset_issuer": "GDSBCQO34HWPGUGQSP3QBFEXVTSR2PW46UIGTHVWGWJGQKH3AFNHXHXN"}', 'GA2NC4ZOXMXLVQAQQ5IQKJX47M3PKBQV2N5UV5Z4OXLQJ3CKMBA2O2YL');
INSERT INTO history_operations VALUES (21474852865, 21474852864, 1, 3, '{"price": "0.5000000", "amount": "10.0000000", "price_r": {"d": 2, "n": 1}, "offer_id": 0, "buying_asset_code": "USD", "buying_asset_type": "credit_alphanum4", "selling_asset_code": "EUR", "selling_asset_type": "credit_alphanum4", "buying_asset_issuer": "GDSBCQO34HWPGUGQSP3QBFEXVTSR2PW46UIGTHVWGWJGQKH3AFNHXHXN", "selling_asset_issuer": "GDSBCQO34HWPGUGQSP3QBFEXVTSR2PW46UIGTHVWGWJGQKH3AFNHXHXN"}', 'GDSBCQO34HWPGUGQSP3QBFEXVTSR2PW46UIGTHVWGWJGQKH3AFNHXHXN');
INSERT INTO history_operations VALUES (21474856961, 21474856960, 1, 3, '{"price": "1.0000000", "amount": "20.0000000", "price_r": {"d": 1, "n": 1}, "offer_id": 0, "buying_asset_code": "1", "buying_asset_type": "credit_alphanum4", "selling_asset_code": "EUR", "selling_asset_type": "credit_alphanum4", "buying_asset_issuer": "GDSBCQO34HWPGUGQSP3QBFEXVTSR2PW46UIGTHVWGWJGQKH3AFNHXHXN", "selling_asset_issuer": "GDSBCQO34HWPGUGQSP3QBFEXVTSR2PW46UIGTHVWGWJGQKH3AFNHXHXN"}', 'GA2NC4ZOXMXLVQAQQ5IQKJX47M3PKBQV2N5UV5Z4OXLQJ3CKMBA2O2YL');
INSERT INTO history_operations VALUES (21474861057, 21474861056, 1, 3, '{"price": "0.1000000", "amount": "1000.0000000", "price_r": {"d": 10, "n": 1}, "offer_id": 0, "buying_asset_code": "USD", "buying_asset_type": "credit_alphanum4", "selling_asset_type": "native", "buying_asset_issuer": "GDSBCQO34HWPGUGQSP3QBFEXVTSR2PW46UIGTHVWGWJGQKH3AFNHXHXN"}', 'GDSBCQO34HWPGUGQSP3QBFEXVTSR2PW46UIGTHVWGWJGQKH3AFNHXHXN');
INSERT INTO history_operations VALUES (21474865153, 21474865152, 1, 3, '{"price": "1.0000000", "amount": "30.0000000", "price_r": {"d": 1, "n": 1}, "offer_id": 0, "buying_asset_code": "USD", "buying_asset_type": "credit_alphanum4", "selling_asset_code": "21", "selling_asset_type": "credit_alphanum4", "buying_asset_issuer": "GDSBCQO34HWPGUGQSP3QBFEXVTSR2PW46UIGTHVWGWJGQKH3AFNHXHXN", "selling_asset_issuer": "GDSBCQO34HWPGUGQSP3QBFEXVTSR2PW46UIGTHVWGWJGQKH3AFNHXHXN"}', 'GA2NC4ZOXMXLVQAQQ5IQKJX47M3PKBQV2N5UV5Z4OXLQJ3CKMBA2O2YL');
INSERT INTO history_operations VALUES (21474869249, 21474869248, 1, 3, '{"price": "1.0000000", "amount": "30.0000000", "price_r": {"d": 1, "n": 1}, "offer_id": 0, "buying_asset_code": "21", "buying_asset_type": "credit_alphanum4", "selling_asset_code": "22", "selling_asset_type": "credit_alphanum4", "buying_asset_issuer": "GDSBCQO34HWPGUGQSP3QBFEXVTSR2PW46UIGTHVWGWJGQKH3AFNHXHXN", "selling_asset_issuer": "GDSBCQO34HWPGUGQSP3QBFEXVTSR2PW46UIGTHVWGWJGQKH3AFNHXHXN"}', 'GA2NC4ZOXMXLVQAQQ5IQKJX47M3PKBQV2N5UV5Z4OXLQJ3CKMBA2O2YL');
INSERT INTO history_operations VALUES (21474873345, 21474873344, 1, 3, '{"price": "1.0000000", "amount": "30.0000000", "price_r": {"d": 1, "n": 1}, "offer_id": 0, "buying_asset_code": "22", "buying_asset_type": "credit_alphanum4", "selling_asset_code": "EUR", "selling_asset_type": "credit_alphanum4", "buying_asset_issuer": "GDSBCQO34HWPGUGQSP3QBFEXVTSR2PW46UIGTHVWGWJGQKH3AFNHXHXN", "selling_asset_issuer": "GDSBCQO34HWPGUGQSP3QBFEXVTSR2PW46UIGTHVWGWJGQKH3AFNHXHXN"}', 'GA2NC4ZOXMXLVQAQQ5IQKJX47M3PKBQV2N5UV5Z4OXLQJ3CKMBA2O2YL');
INSERT INTO history_operations VALUES (21474877441, 21474877440, 1, 3, '{"price": "2.0000000", "amount": "40.0000000", "price_r": {"d": 1, "n": 2}, "offer_id": 0, "buying_asset_code": "USD", "buying_asset_type": "credit_alphanum4", "selling_asset_code": "31", "selling_asset_type": "credit_alphanum4", "buying_asset_issuer": "GDSBCQO34HWPGUGQSP3QBFEXVTSR2PW46UIGTHVWGWJGQKH3AFNHXHXN", "selling_asset_issuer": "GDSBCQO34HWPGUGQSP3QBFEXVTSR2PW46UIGTHVWGWJGQKH3AFNHXHXN"}', 'GA2NC4ZOXMXLVQAQQ5IQKJX47M3PKBQV2N5UV5Z4OXLQJ3CKMBA2O2YL');
INSERT INTO history_operations VALUES (21474881537, 21474881536, 1, 3, '{"price": "2.0000000", "amount": "40.0000000", "price_r": {"d": 1, "n": 2}, "offer_id": 0, "buying_asset_code": "31", "buying_asset_type": "credit_alphanum4", "selling_asset_code": "32", "selling_asset_type": "credit_alphanum4", "buying_asset_issuer": "GDSBCQO34HWPGUGQSP3QBFEXVTSR2PW46UIGTHVWGWJGQKH3AFNHXHXN", "selling_asset_issuer": "GDSBCQO34HWPGUGQSP3QBFEXVTSR2PW46UIGTHVWGWJGQKH3AFNHXHXN"}', 'GA2NC4ZOXMXLVQAQQ5IQKJX47M3PKBQV2N5UV5Z4OXLQJ3CKMBA2O2YL');
INSERT INTO history_operations VALUES (21474885633, 21474885632, 1, 3, '{"price": "2.0000000", "amount": "40.0000000", "price_r": {"d": 1, "n": 2}, "offer_id": 0, "buying_asset_code": "32", "buying_asset_type": "credit_alphanum4", "selling_asset_code": "33", "selling_asset_type": "credit_alphanum4", "buying_asset_issuer": "GDSBCQO34HWPGUGQSP3QBFEXVTSR2PW46UIGTHVWGWJGQKH3AFNHXHXN", "selling_asset_issuer": "GDSBCQO34HWPGUGQSP3QBFEXVTSR2PW46UIGTHVWGWJGQKH3AFNHXHXN"}', 'GA2NC4ZOXMXLVQAQQ5IQKJX47M3PKBQV2N5UV5Z4OXLQJ3CKMBA2O2YL');
INSERT INTO history_operations VALUES (21474889729, 21474889728, 1, 3, '{"price": "2.0000000", "amount": "40.0000000", "price_r": {"d": 1, "n": 2}, "offer_id": 0, "buying_asset_code": "33", "buying_asset_type": "credit_alphanum4", "selling_asset_code": "EUR", "selling_asset_type": "credit_alphanum4", "buying_asset_issuer": "GDSBCQO34HWPGUGQSP3QBFEXVTSR2PW46UIGTHVWGWJGQKH3AFNHXHXN", "selling_asset_issuer": "GDSBCQO34HWPGUGQSP3QBFEXVTSR2PW46UIGTHVWGWJGQKH3AFNHXHXN"}', 'GA2NC4ZOXMXLVQAQQ5IQKJX47M3PKBQV2N5UV5Z4OXLQJ3CKMBA2O2YL');


--
-- Data for Name: history_trades; Type: TABLE DATA; Schema: public; Owner: -
--



--
-- Data for Name: history_transaction_participants; Type: TABLE DATA; Schema: public; Owner: -
--

INSERT INTO history_transaction_participants VALUES (1, 8589938688, 1);
INSERT INTO history_transaction_participants VALUES (2, 8589938688, 2);
INSERT INTO history_transaction_participants VALUES (3, 8589942784, 1);
INSERT INTO history_transaction_participants VALUES (4, 8589942784, 3);
INSERT INTO history_transaction_participants VALUES (5, 8589946880, 1);
INSERT INTO history_transaction_participants VALUES (6, 8589946880, 4);
INSERT INTO history_transaction_participants VALUES (7, 8589950976, 1);
INSERT INTO history_transaction_participants VALUES (8, 8589950976, 5);
INSERT INTO history_transaction_participants VALUES (9, 12884905984, 3);
INSERT INTO history_transaction_participants VALUES (10, 12884910080, 4);
INSERT INTO history_transaction_participants VALUES (11, 12884914176, 5);
INSERT INTO history_transaction_participants VALUES (12, 12884918272, 5);
INSERT INTO history_transaction_participants VALUES (13, 12884922368, 5);
INSERT INTO history_transaction_participants VALUES (14, 12884926464, 5);
INSERT INTO history_transaction_participants VALUES (15, 12884930560, 5);
INSERT INTO history_transaction_participants VALUES (16, 12884934656, 5);
INSERT INTO history_transaction_participants VALUES (17, 12884938752, 5);
INSERT INTO history_transaction_participants VALUES (18, 12884942848, 5);
INSERT INTO history_transaction_participants VALUES (19, 17179873280, 2);
INSERT INTO history_transaction_participants VALUES (20, 17179873280, 3);
INSERT INTO history_transaction_participants VALUES (21, 17179877376, 2);
INSERT INTO history_transaction_participants VALUES (22, 17179877376, 5);
INSERT INTO history_transaction_participants VALUES (23, 17179881472, 2);
INSERT INTO history_transaction_participants VALUES (24, 17179881472, 5);
INSERT INTO history_transaction_participants VALUES (25, 17179885568, 2);
INSERT INTO history_transaction_participants VALUES (26, 17179885568, 5);
INSERT INTO history_transaction_participants VALUES (27, 17179889664, 5);
INSERT INTO history_transaction_participants VALUES (28, 17179889664, 2);
INSERT INTO history_transaction_participants VALUES (29, 17179893760, 2);
INSERT INTO history_transaction_participants VALUES (30, 17179893760, 5);
INSERT INTO history_transaction_participants VALUES (31, 17179897856, 2);
INSERT INTO history_transaction_participants VALUES (32, 17179897856, 5);
INSERT INTO history_transaction_participants VALUES (33, 17179901952, 2);
INSERT INTO history_transaction_participants VALUES (34, 17179901952, 5);
INSERT INTO history_transaction_participants VALUES (35, 21474840576, 5);
INSERT INTO history_transaction_participants VALUES (36, 21474844672, 2);
INSERT INTO history_transaction_participants VALUES (37, 21474848768, 5);
INSERT INTO history_transaction_participants VALUES (38, 21474852864, 2);
INSERT INTO history_transaction_participants VALUES (39, 21474856960, 5);
INSERT INTO history_transaction_participants VALUES (40, 21474861056, 2);
INSERT INTO history_transaction_participants VALUES (41, 21474865152, 5);
INSERT INTO history_transaction_participants VALUES (42, 21474869248, 5);
INSERT INTO history_transaction_participants VALUES (43, 21474873344, 5);
INSERT INTO history_transaction_participants VALUES (44, 21474877440, 5);
INSERT INTO history_transaction_participants VALUES (45, 21474881536, 5);
INSERT INTO history_transaction_participants VALUES (46, 21474885632, 5);
INSERT INTO history_transaction_participants VALUES (47, 21474889728, 5);


--
-- Name: history_transaction_participants_id_seq; Type: SEQUENCE SET; Schema: public; Owner: -
--

SELECT pg_catalog.setval('history_transaction_participants_id_seq', 47, true);


--
-- Data for Name: history_transactions; Type: TABLE DATA; Schema: public; Owner: -
--

INSERT INTO history_transactions VALUES ('9ff6b71bba6b24c8afc6ca53b12702566d40e9c8abf9b8439e9a3b08300e4188', 2, 1, 'GBRPYHIL2CI3FNQ4BXLFMNDLFJUNPU2HY3ZMFSHONUCEOASW7QC7OX2H', 1, 100, 1, '2017-12-15 22:08:00.112071', '2017-12-15 22:08:00.112071', 8589938688, 'AAAAAGL8HQvQkbK2HA3WVjRrKmjX00fG8sLI7m0ERwJW/AX3AAAAZAAAAAAAAAABAAAAAAAAAAAAAAABAAAAAAAAAAAAAAAA5BFB2+Hs81DQk/cAlJes5R0+3PUQaZ62NZJoKPsBWnsAAAACVAvkAAAAAAAAAAABVvwF9wAAAEC96/+BcbMflvMQfFAQTbAKGu+6BR1M6SG/KVzTJSlIY8ovSVywuthk9dOW9jm23siTiIZE0IAl84wK83gnAcEK', 'AAAAAAAAAGQAAAAAAAAAAQAAAAAAAAAAAAAAAAAAAAA=', 'AAAAAAAAAAEAAAACAAAAAAAAAAIAAAAAAAAAAOQRQdvh7PNQ0JP3AJSXrOUdPtz1EGmetjWSaCj7AVp7AAAAAlQL5AAAAAACAAAAAAAAAAAAAAAAAAAAAAAAAAABAAAAAAAAAAAAAAAAAAAAAAAAAQAAAAIAAAAAAAAAAGL8HQvQkbK2HA3WVjRrKmjX00fG8sLI7m0ERwJW/AX3DeC2sVNYGnAAAAAAAAAABAAAAAAAAAAAAAAAAAAAAAABAAAAAAAAAAAAAAAAAAAA', 'AAAAAgAAAAMAAAABAAAAAAAAAABi/B0L0JGythwN1lY0aypo19NHxvLCyO5tBEcCVvwF9w3gtrOnZAAAAAAAAAAAAAAAAAAAAAAAAAAAAAAAAAAAAQAAAAAAAAAAAAAAAAAAAAAAAAEAAAACAAAAAAAAAABi/B0L0JGythwN1lY0aypo19NHxvLCyO5tBEcCVvwF9w3gtrOnY/+cAAAAAAAAAAEAAAAAAAAAAAAAAAAAAAAAAQAAAAAAAAAAAAAAAAAAAA==', '{vev/gXGzH5bzEHxQEE2wChrvugUdTOkhvylc0yUpSGPKL0lcsLrYZPXTlvY5tt7Ik4iGRNCAJfOMCvN4JwHBCg==}', 'none', NULL, NULL);
INSERT INTO history_transactions VALUES ('afc983f7f88809442fc616c1ce425b6c8cf6d8f7493b33ff6a809003a845ec16', 2, 2, 'GBRPYHIL2CI3FNQ4BXLFMNDLFJUNPU2HY3ZMFSHONUCEOASW7QC7OX2H', 2, 100, 1, '2017-12-15 22:08:00.11938', '2017-12-15 22:08:00.11938', 8589942784, 'AAAAAGL8HQvQkbK2HA3WVjRrKmjX00fG8sLI7m0ERwJW/AX3AAAAZAAAAAAAAAACAAAAAAAAAAAAAAABAAAAAAAAAAAAAAAAIyKlt0oO71F0CrYw4VWSMk/IX9S6PARHp8al61S6qj8AAAACVAvkAAAAAAAAAAABVvwF9wAAAECXh9/+55FmQjeMx9IMQfBn42fYY1fKAT/gb+e7P3jdSMCKiKhwoxj1bub733a2XuxPETpe79uzatzm8/KI0asI', 'AAAAAAAAAGQAAAAAAAAAAQAAAAAAAAAAAAAAAAAAAAA=', 'AAAAAAAAAAEAAAACAAAAAAAAAAIAAAAAAAAAACMipbdKDu9RdAq2MOFVkjJPyF/UujwER6fGpetUuqo/AAAAAlQL5AAAAAACAAAAAAAAAAAAAAAAAAAAAAAAAAABAAAAAAAAAAAAAAAAAAAAAAAAAQAAAAIAAAAAAAAAAGL8HQvQkbK2HA3WVjRrKmjX00fG8sLI7m0ERwJW/AX3DeC2rv9MNnAAAAAAAAAABAAAAAAAAAAAAAAAAAAAAAABAAAAAAAAAAAAAAAAAAAA', 'AAAAAgAAAAMAAAACAAAAAAAAAABi/B0L0JGythwN1lY0aypo19NHxvLCyO5tBEcCVvwF9w3gtrOnY/+cAAAAAAAAAAEAAAAAAAAAAAAAAAAAAAAAAQAAAAAAAAAAAAAAAAAAAAAAAAEAAAACAAAAAAAAAABi/B0L0JGythwN1lY0aypo19NHxvLCyO5tBEcCVvwF9w3gtrOnY/84AAAAAAAAAAIAAAAAAAAAAAAAAAAAAAAAAQAAAAAAAAAAAAAAAAAAAA==', '{l4ff/ueRZkI3jMfSDEHwZ+Nn2GNXygE/4G/nuz943UjAioiocKMY9W7m+992tl7sTxE6Xu/bs2rc5vPyiNGrCA==}', 'none', NULL, NULL);
INSERT INTO history_transactions VALUES ('5c71f1b198a9be6b1c7e36737bb3e32c7f258530573bc11f20827d0913ba1433', 2, 3, 'GBRPYHIL2CI3FNQ4BXLFMNDLFJUNPU2HY3ZMFSHONUCEOASW7QC7OX2H', 3, 100, 1, '2017-12-15 22:08:00.123081', '2017-12-15 22:08:00.123081', 8589946880, 'AAAAAGL8HQvQkbK2HA3WVjRrKmjX00fG8sLI7m0ERwJW/AX3AAAAZAAAAAAAAAADAAAAAAAAAAAAAAABAAAAAAAAAAAAAAAACDmnj3kLW3b11L66XCQ7YMv2GjM77UUmdA3zVETp9nQAAAACVAvkAAAAAAAAAAABVvwF9wAAAEBdnUBKCV3HlHOqp5iNLsP8auaNCvxDeBp+0C+lwPYUNrzRALQRDJDWuKfExmsRrEnW8LKJbMdeW9ilLaEc2lAO', 'AAAAAAAAAGQAAAAAAAAAAQAAAAAAAAAAAAAAAAAAAAA=', 'AAAAAAAAAAEAAAACAAAAAAAAAAIAAAAAAAAAAAg5p495C1t29dS+ulwkO2DL9hozO+1FJnQN81RE6fZ0AAAAAlQL5AAAAAACAAAAAAAAAAAAAAAAAAAAAAAAAAABAAAAAAAAAAAAAAAAAAAAAAAAAQAAAAIAAAAAAAAAAGL8HQvQkbK2HA3WVjRrKmjX00fG8sLI7m0ERwJW/AX3DeC2rKtAUnAAAAAAAAAABAAAAAAAAAAAAAAAAAAAAAABAAAAAAAAAAAAAAAAAAAA', 'AAAAAgAAAAMAAAACAAAAAAAAAABi/B0L0JGythwN1lY0aypo19NHxvLCyO5tBEcCVvwF9w3gtrOnY/84AAAAAAAAAAIAAAAAAAAAAAAAAAAAAAAAAQAAAAAAAAAAAAAAAAAAAAAAAAEAAAACAAAAAAAAAABi/B0L0JGythwN1lY0aypo19NHxvLCyO5tBEcCVvwF9w3gtrOnY/7UAAAAAAAAAAMAAAAAAAAAAAAAAAAAAAAAAQAAAAAAAAAAAAAAAAAAAA==', '{XZ1ASgldx5RzqqeYjS7D/GrmjQr8Q3gaftAvpcD2FDa80QC0EQyQ1rinxMZrEaxJ1vCyiWzHXlvYpS2hHNpQDg==}', 'none', NULL, NULL);
INSERT INTO history_transactions VALUES ('06445dc688fc2e583567e4a4940440d87cf4877a57af306ece7c64f1f061def4', 2, 4, 'GBRPYHIL2CI3FNQ4BXLFMNDLFJUNPU2HY3ZMFSHONUCEOASW7QC7OX2H', 4, 100, 1, '2017-12-15 22:08:00.12668', '2017-12-15 22:08:00.12668', 8589950976, 'AAAAAGL8HQvQkbK2HA3WVjRrKmjX00fG8sLI7m0ERwJW/AX3AAAAZAAAAAAAAAAEAAAAAAAAAAAAAAABAAAAAAAAAAAAAAAANNFzLrsuusAQh1EFJvz7NvUGFdN7Svc8ddcE7EpgQacAAAACVAvkAAAAAAAAAAABVvwF9wAAAEAfH3XJo+xZ8adtaA2PZZ3T0kM57CXfxGl+JItnC6nP9LziLQMKgl1EEhuiPqfjn14KK5WfEv0E0op5BJFAkd8O', 'AAAAAAAAAGQAAAAAAAAAAQAAAAAAAAAAAAAAAAAAAAA=', 'AAAAAAAAAAEAAAACAAAAAAAAAAIAAAAAAAAAADTRcy67LrrAEIdRBSb8+zb1BhXTe0r3PHXXBOxKYEGnAAAAAlQL5AAAAAACAAAAAAAAAAAAAAAAAAAAAAAAAAABAAAAAAAAAAAAAAAAAAAAAAAAAQAAAAIAAAAAAAAAAGL8HQvQkbK2HA3WVjRrKmjX00fG8sLI7m0ERwJW/AX3DeC2qlc0bnAAAAAAAAAABAAAAAAAAAAAAAAAAAAAAAABAAAAAAAAAAAAAAAAAAAA', 'AAAAAgAAAAMAAAACAAAAAAAAAABi/B0L0JGythwN1lY0aypo19NHxvLCyO5tBEcCVvwF9w3gtrOnY/7UAAAAAAAAAAMAAAAAAAAAAAAAAAAAAAAAAQAAAAAAAAAAAAAAAAAAAAAAAAEAAAACAAAAAAAAAABi/B0L0JGythwN1lY0aypo19NHxvLCyO5tBEcCVvwF9w3gtrOnY/5wAAAAAAAAAAQAAAAAAAAAAAAAAAAAAAAAAQAAAAAAAAAAAAAAAAAAAA==', '{Hx91yaPsWfGnbWgNj2Wd09JDOewl38RpfiSLZwupz/S84i0DCoJdRBIboj6n459eCiuVnxL9BNKKeQSRQJHfDg==}', 'none', NULL, NULL);
INSERT INTO history_transactions VALUES ('563ab1cf87e65377e015813499a6027081e63177a9ef35a0c5e0c0c2a5a918f7', 3, 1, 'GARSFJNXJIHO6ULUBK3DBYKVSIZE7SC72S5DYBCHU7DKL22UXKVD7MXP', 8589934593, 100, 1, '2017-12-15 22:08:00.144009', '2017-12-15 22:08:00.144009', 12884905984, 'AAAAACMipbdKDu9RdAq2MOFVkjJPyF/UujwER6fGpetUuqo/AAAAZAAAAAIAAAABAAAAAAAAAAAAAAABAAAAAAAAAAYAAAABVVNEAAAAAADkEUHb4ezzUNCT9wCUl6zlHT7c9RBpnrY1kmgo+wFae3//////////AAAAAAAAAAFUuqo/AAAAQKblh64EFK4tp2+xohOkNaSdfMFDId/y4nop7dVmZRsbe4f/eVCpUrKQCRWLJ4bXzMpPTOTsjHRIxOa8WekP+ww=', 'AAAAAAAAAGQAAAAAAAAAAQAAAAAAAAAGAAAAAAAAAAA=', 'AAAAAAAAAAEAAAADAAAAAAAAAAMAAAABAAAAACMipbdKDu9RdAq2MOFVkjJPyF/UujwER6fGpetUuqo/AAAAAVVTRAAAAAAA5BFB2+Hs81DQk/cAlJes5R0+3PUQaZ62NZJoKPsBWnsAAAAAAAAAAH//////////AAAAAQAAAAAAAAAAAAAAAwAAAAMAAAAAAAAAACMipbdKDu9RdAq2MOFVkjJPyF/UujwER6fGpetUuqo/AAAAAlQL45wAAAACAAAAAQAAAAAAAAAAAAAAAAAAAAABAAAAAAAAAAAAAAAAAAAAAAAAAQAAAAMAAAAAAAAAACMipbdKDu9RdAq2MOFVkjJPyF/UujwER6fGpetUuqo/AAAAAlQL45wAAAACAAAAAQAAAAEAAAAAAAAAAAAAAAABAAAAAAAAAAAAAAAAAAAA', 'AAAAAgAAAAMAAAACAAAAAAAAAAAjIqW3Sg7vUXQKtjDhVZIyT8hf1Lo8BEenxqXrVLqqPwAAAAJUC+QAAAAAAgAAAAAAAAAAAAAAAAAAAAAAAAAAAQAAAAAAAAAAAAAAAAAAAAAAAAEAAAADAAAAAAAAAAAjIqW3Sg7vUXQKtjDhVZIyT8hf1Lo8BEenxqXrVLqqPwAAAAJUC+OcAAAAAgAAAAEAAAAAAAAAAAAAAAAAAAAAAQAAAAAAAAAAAAAAAAAAAA==', '{puWHrgQUri2nb7GiE6Q1pJ18wUMh3/Lieint1WZlGxt7h/95UKlSspAJFYsnhtfMyk9M5OyMdEjE5rxZ6Q/7DA==}', 'none', NULL, NULL);
INSERT INTO history_transactions VALUES ('cdb0ce2cef61c5cab6566c1c65c5bc632f943b2bd43cfdd80984a66994cb7484', 3, 2, 'GAEDTJ4PPEFVW5XV2S7LUXBEHNQMX5Q2GM562RJGOQG7GVCE5H3HIB4V', 8589934593, 100, 1, '2017-12-15 22:08:00.146414', '2017-12-15 22:08:00.146414', 12884910080, 'AAAAAAg5p495C1t29dS+ulwkO2DL9hozO+1FJnQN81RE6fZ0AAAAZAAAAAIAAAABAAAAAAAAAAAAAAABAAAAAAAAAAYAAAABRVVSAAAAAADkEUHb4ezzUNCT9wCUl6zlHT7c9RBpnrY1kmgo+wFae3//////////AAAAAAAAAAFE6fZ0AAAAQNSm/BIxP9LwabXoBKigrTG85o/PUp6VOWh/ne6mMaT5hvehDUvbRHQghJ/SZTDfjD+FPPjbe3nzcJEun1EX4g0=', 'AAAAAAAAAGQAAAAAAAAAAQAAAAAAAAAGAAAAAAAAAAA=', 'AAAAAAAAAAEAAAADAAAAAAAAAAMAAAABAAAAAAg5p495C1t29dS+ulwkO2DL9hozO+1FJnQN81RE6fZ0AAAAAUVVUgAAAAAA5BFB2+Hs81DQk/cAlJes5R0+3PUQaZ62NZJoKPsBWnsAAAAAAAAAAH//////////AAAAAQAAAAAAAAAAAAAAAwAAAAMAAAAAAAAAAAg5p495C1t29dS+ulwkO2DL9hozO+1FJnQN81RE6fZ0AAAAAlQL45wAAAACAAAAAQAAAAAAAAAAAAAAAAAAAAABAAAAAAAAAAAAAAAAAAAAAAAAAQAAAAMAAAAAAAAAAAg5p495C1t29dS+ulwkO2DL9hozO+1FJnQN81RE6fZ0AAAAAlQL45wAAAACAAAAAQAAAAEAAAAAAAAAAAAAAAABAAAAAAAAAAAAAAAAAAAA', 'AAAAAgAAAAMAAAACAAAAAAAAAAAIOaePeQtbdvXUvrpcJDtgy/YaMzvtRSZ0DfNUROn2dAAAAAJUC+QAAAAAAgAAAAAAAAAAAAAAAAAAAAAAAAAAAQAAAAAAAAAAAAAAAAAAAAAAAAEAAAADAAAAAAAAAAAIOaePeQtbdvXUvrpcJDtgy/YaMzvtRSZ0DfNUROn2dAAAAAJUC+OcAAAAAgAAAAEAAAAAAAAAAAAAAAAAAAAAAQAAAAAAAAAAAAAAAAAAAA==', '{1Kb8EjE/0vBptegEqKCtMbzmj89SnpU5aH+d7qYxpPmG96ENS9tEdCCEn9JlMN+MP4U8+Nt7efNwkS6fURfiDQ==}', 'none', NULL, NULL);
INSERT INTO history_transactions VALUES ('d76450086b21a849e31a168577a9c112a913c3317a3f0c1a80c6cb43e16cf348', 3, 3, 'GA2NC4ZOXMXLVQAQQ5IQKJX47M3PKBQV2N5UV5Z4OXLQJ3CKMBA2O2YL', 8589934593, 100, 1, '2017-12-15 22:08:00.14842', '2017-12-15 22:08:00.14842', 12884914176, 'AAAAADTRcy67LrrAEIdRBSb8+zb1BhXTe0r3PHXXBOxKYEGnAAAAZAAAAAIAAAABAAAAAAAAAAAAAAABAAAAAAAAAAYAAAABVVNEAAAAAADkEUHb4ezzUNCT9wCUl6zlHT7c9RBpnrY1kmgo+wFae3//////////AAAAAAAAAAFKYEGnAAAAQC0FIi0RCGDQ0EuuBT5Kg2XxzHxLXRrCxYGj+hY7/sB2Y+JtWyWRjlq3DYL4ajSFE8Na1KKm42oM/gjZUx+1PQU=', 'AAAAAAAAAGQAAAAAAAAAAQAAAAAAAAAGAAAAAAAAAAA=', 'AAAAAAAAAAEAAAADAAAAAAAAAAMAAAABAAAAADTRcy67LrrAEIdRBSb8+zb1BhXTe0r3PHXXBOxKYEGnAAAAAVVTRAAAAAAA5BFB2+Hs81DQk/cAlJes5R0+3PUQaZ62NZJoKPsBWnsAAAAAAAAAAH//////////AAAAAQAAAAAAAAAAAAAAAwAAAAMAAAAAAAAAADTRcy67LrrAEIdRBSb8+zb1BhXTe0r3PHXXBOxKYEGnAAAAAlQL4OAAAAACAAAACAAAAAAAAAAAAAAAAAAAAAABAAAAAAAAAAAAAAAAAAAAAAAAAQAAAAMAAAAAAAAAADTRcy67LrrAEIdRBSb8+zb1BhXTe0r3PHXXBOxKYEGnAAAAAlQL4OAAAAACAAAACAAAAAEAAAAAAAAAAAAAAAABAAAAAAAAAAAAAAAAAAAA', 'AAAAAgAAAAMAAAACAAAAAAAAAAA00XMuuy66wBCHUQUm/Ps29QYV03tK9zx11wTsSmBBpwAAAAJUC+QAAAAAAgAAAAAAAAAAAAAAAAAAAAAAAAAAAQAAAAAAAAAAAAAAAAAAAAAAAAEAAAADAAAAAAAAAAA00XMuuy66wBCHUQUm/Ps29QYV03tK9zx11wTsSmBBpwAAAAJUC+OcAAAAAgAAAAEAAAAAAAAAAAAAAAAAAAAAAQAAAAAAAAAAAAAAAAAAAA==', '{LQUiLREIYNDQS64FPkqDZfHMfEtdGsLFgaP6Fjv+wHZj4m1bJZGOWrcNgvhqNIUTw1rUoqbjagz+CNlTH7U9BQ==}', 'none', NULL, NULL);
INSERT INTO history_transactions VALUES ('ffe9db595b5e8be4d54b738e78652704dd96ad8729bc6b6adc17c300162f2c98', 3, 4, 'GA2NC4ZOXMXLVQAQQ5IQKJX47M3PKBQV2N5UV5Z4OXLQJ3CKMBA2O2YL', 8589934594, 100, 1, '2017-12-15 22:08:00.150903', '2017-12-15 22:08:00.150903', 12884918272, 'AAAAADTRcy67LrrAEIdRBSb8+zb1BhXTe0r3PHXXBOxKYEGnAAAAZAAAAAIAAAACAAAAAAAAAAAAAAABAAAAAAAAAAYAAAABRVVSAAAAAADkEUHb4ezzUNCT9wCUl6zlHT7c9RBpnrY1kmgo+wFae3//////////AAAAAAAAAAFKYEGnAAAAQNdoCZqF5REF4OZCu65uUph5WUYmUKAcNCwgaJe4Mbakx92kViEe9kaJ13EhVOP7U+yjno/L1v1wpTaTa7YDiAc=', 'AAAAAAAAAGQAAAAAAAAAAQAAAAAAAAAGAAAAAAAAAAA=', 'AAAAAAAAAAEAAAADAAAAAAAAAAMAAAABAAAAADTRcy67LrrAEIdRBSb8+zb1BhXTe0r3PHXXBOxKYEGnAAAAAUVVUgAAAAAA5BFB2+Hs81DQk/cAlJes5R0+3PUQaZ62NZJoKPsBWnsAAAAAAAAAAH//////////AAAAAQAAAAAAAAAAAAAAAwAAAAMAAAAAAAAAADTRcy67LrrAEIdRBSb8+zb1BhXTe0r3PHXXBOxKYEGnAAAAAlQL4OAAAAACAAAACAAAAAEAAAAAAAAAAAAAAAABAAAAAAAAAAAAAAAAAAAAAAAAAQAAAAMAAAAAAAAAADTRcy67LrrAEIdRBSb8+zb1BhXTe0r3PHXXBOxKYEGnAAAAAlQL4OAAAAACAAAACAAAAAIAAAAAAAAAAAAAAAABAAAAAAAAAAAAAAAAAAAA', 'AAAAAgAAAAMAAAADAAAAAAAAAAA00XMuuy66wBCHUQUm/Ps29QYV03tK9zx11wTsSmBBpwAAAAJUC+OcAAAAAgAAAAEAAAAAAAAAAAAAAAAAAAAAAQAAAAAAAAAAAAAAAAAAAAAAAAEAAAADAAAAAAAAAAA00XMuuy66wBCHUQUm/Ps29QYV03tK9zx11wTsSmBBpwAAAAJUC+M4AAAAAgAAAAIAAAAAAAAAAAAAAAAAAAAAAQAAAAAAAAAAAAAAAAAAAA==', '{12gJmoXlEQXg5kK7rm5SmHlZRiZQoBw0LCBol7gxtqTH3aRWIR72RonXcSFU4/tT7KOej8vW/XClNpNrtgOIBw==}', 'none', NULL, NULL);
INSERT INTO history_transactions VALUES ('1a1dc052649f98314a12a17911d3868523d7806887d49a52749221b17cd713ce', 3, 5, 'GA2NC4ZOXMXLVQAQQ5IQKJX47M3PKBQV2N5UV5Z4OXLQJ3CKMBA2O2YL', 8589934595, 100, 1, '2017-12-15 22:08:00.152853', '2017-12-15 22:08:00.152853', 12884922368, 'AAAAADTRcy67LrrAEIdRBSb8+zb1BhXTe0r3PHXXBOxKYEGnAAAAZAAAAAIAAAADAAAAAAAAAAAAAAABAAAAAAAAAAYAAAABMQAAAAAAAADkEUHb4ezzUNCT9wCUl6zlHT7c9RBpnrY1kmgo+wFae3//////////AAAAAAAAAAFKYEGnAAAAQMXWsXqylJxEXU0J+7PHlS/xBkw6/LXU23Q3sv7ew9z8KZZJbFEqDgrh340V57e/Xo1CIOdcRWHYpSZ0YZf5jg0=', 'AAAAAAAAAGQAAAAAAAAAAQAAAAAAAAAGAAAAAAAAAAA=', 'AAAAAAAAAAEAAAADAAAAAAAAAAMAAAABAAAAADTRcy67LrrAEIdRBSb8+zb1BhXTe0r3PHXXBOxKYEGnAAAAATEAAAAAAAAA5BFB2+Hs81DQk/cAlJes5R0+3PUQaZ62NZJoKPsBWnsAAAAAAAAAAH//////////AAAAAQAAAAAAAAAAAAAAAwAAAAMAAAAAAAAAADTRcy67LrrAEIdRBSb8+zb1BhXTe0r3PHXXBOxKYEGnAAAAAlQL4OAAAAACAAAACAAAAAIAAAAAAAAAAAAAAAABAAAAAAAAAAAAAAAAAAAAAAAAAQAAAAMAAAAAAAAAADTRcy67LrrAEIdRBSb8+zb1BhXTe0r3PHXXBOxKYEGnAAAAAlQL4OAAAAACAAAACAAAAAMAAAAAAAAAAAAAAAABAAAAAAAAAAAAAAAAAAAA', 'AAAAAgAAAAMAAAADAAAAAAAAAAA00XMuuy66wBCHUQUm/Ps29QYV03tK9zx11wTsSmBBpwAAAAJUC+M4AAAAAgAAAAIAAAAAAAAAAAAAAAAAAAAAAQAAAAAAAAAAAAAAAAAAAAAAAAEAAAADAAAAAAAAAAA00XMuuy66wBCHUQUm/Ps29QYV03tK9zx11wTsSmBBpwAAAAJUC+LUAAAAAgAAAAMAAAAAAAAAAAAAAAAAAAAAAQAAAAAAAAAAAAAAAAAAAA==', '{xdaxerKUnERdTQn7s8eVL/EGTDr8tdTbdDey/t7D3PwplklsUSoOCuHfjRXnt79ejUIg51xFYdilJnRhl/mODQ==}', 'none', NULL, NULL);
INSERT INTO history_transactions VALUES ('6bfdfd3aeff0f617532caf59ee28fe60b7c20ffa6574e08beecda9a890d8f2b2', 3, 6, 'GA2NC4ZOXMXLVQAQQ5IQKJX47M3PKBQV2N5UV5Z4OXLQJ3CKMBA2O2YL', 8589934596, 100, 1, '2017-12-15 22:08:00.154649', '2017-12-15 22:08:00.154649', 12884926464, 'AAAAADTRcy67LrrAEIdRBSb8+zb1BhXTe0r3PHXXBOxKYEGnAAAAZAAAAAIAAAAEAAAAAAAAAAAAAAABAAAAAAAAAAYAAAABMjEAAAAAAADkEUHb4ezzUNCT9wCUl6zlHT7c9RBpnrY1kmgo+wFae3//////////AAAAAAAAAAFKYEGnAAAAQI7tUQkz1Dedybs2Y9fYkjeZMkPxYJyQ21NNYmdl4rV3nI+pu3ymAiPtqrLWk21sXWSh8//1rx4sXH0aG+faQQ0=', 'AAAAAAAAAGQAAAAAAAAAAQAAAAAAAAAGAAAAAAAAAAA=', 'AAAAAAAAAAEAAAADAAAAAAAAAAMAAAABAAAAADTRcy67LrrAEIdRBSb8+zb1BhXTe0r3PHXXBOxKYEGnAAAAATIxAAAAAAAA5BFB2+Hs81DQk/cAlJes5R0+3PUQaZ62NZJoKPsBWnsAAAAAAAAAAH//////////AAAAAQAAAAAAAAAAAAAAAwAAAAMAAAAAAAAAADTRcy67LrrAEIdRBSb8+zb1BhXTe0r3PHXXBOxKYEGnAAAAAlQL4OAAAAACAAAACAAAAAMAAAAAAAAAAAAAAAABAAAAAAAAAAAAAAAAAAAAAAAAAQAAAAMAAAAAAAAAADTRcy67LrrAEIdRBSb8+zb1BhXTe0r3PHXXBOxKYEGnAAAAAlQL4OAAAAACAAAACAAAAAQAAAAAAAAAAAAAAAABAAAAAAAAAAAAAAAAAAAA', 'AAAAAgAAAAMAAAADAAAAAAAAAAA00XMuuy66wBCHUQUm/Ps29QYV03tK9zx11wTsSmBBpwAAAAJUC+LUAAAAAgAAAAMAAAAAAAAAAAAAAAAAAAAAAQAAAAAAAAAAAAAAAAAAAAAAAAEAAAADAAAAAAAAAAA00XMuuy66wBCHUQUm/Ps29QYV03tK9zx11wTsSmBBpwAAAAJUC+JwAAAAAgAAAAQAAAAAAAAAAAAAAAAAAAAAAQAAAAAAAAAAAAAAAAAAAA==', '{ju1RCTPUN53JuzZj19iSN5kyQ/FgnJDbU01iZ2XitXecj6m7fKYCI+2qstaTbWxdZKHz//WvHixcfRob59pBDQ==}', 'none', NULL, NULL);
INSERT INTO history_transactions VALUES ('b48686858ee595141fb7d5d9999d5d40b78cacc4e27092e48824c8a0ac01370e', 3, 7, 'GA2NC4ZOXMXLVQAQQ5IQKJX47M3PKBQV2N5UV5Z4OXLQJ3CKMBA2O2YL', 8589934597, 100, 1, '2017-12-15 22:08:00.157008', '2017-12-15 22:08:00.157008', 12884930560, 'AAAAADTRcy67LrrAEIdRBSb8+zb1BhXTe0r3PHXXBOxKYEGnAAAAZAAAAAIAAAAFAAAAAAAAAAAAAAABAAAAAAAAAAYAAAABMjIAAAAAAADkEUHb4ezzUNCT9wCUl6zlHT7c9RBpnrY1kmgo+wFae3//////////AAAAAAAAAAFKYEGnAAAAQKacYiD/dSVGNuCAcHUal15ITf0UzHebfNWNudVk5DPvnxFMOqXBkxAVOyVqqXKslFAtco/hI9WNB5yaf2i8eQU=', 'AAAAAAAAAGQAAAAAAAAAAQAAAAAAAAAGAAAAAAAAAAA=', 'AAAAAAAAAAEAAAADAAAAAAAAAAMAAAABAAAAADTRcy67LrrAEIdRBSb8+zb1BhXTe0r3PHXXBOxKYEGnAAAAATIyAAAAAAAA5BFB2+Hs81DQk/cAlJes5R0+3PUQaZ62NZJoKPsBWnsAAAAAAAAAAH//////////AAAAAQAAAAAAAAAAAAAAAwAAAAMAAAAAAAAAADTRcy67LrrAEIdRBSb8+zb1BhXTe0r3PHXXBOxKYEGnAAAAAlQL4OAAAAACAAAACAAAAAQAAAAAAAAAAAAAAAABAAAAAAAAAAAAAAAAAAAAAAAAAQAAAAMAAAAAAAAAADTRcy67LrrAEIdRBSb8+zb1BhXTe0r3PHXXBOxKYEGnAAAAAlQL4OAAAAACAAAACAAAAAUAAAAAAAAAAAAAAAABAAAAAAAAAAAAAAAAAAAA', 'AAAAAgAAAAMAAAADAAAAAAAAAAA00XMuuy66wBCHUQUm/Ps29QYV03tK9zx11wTsSmBBpwAAAAJUC+JwAAAAAgAAAAQAAAAAAAAAAAAAAAAAAAAAAQAAAAAAAAAAAAAAAAAAAAAAAAEAAAADAAAAAAAAAAA00XMuuy66wBCHUQUm/Ps29QYV03tK9zx11wTsSmBBpwAAAAJUC+IMAAAAAgAAAAUAAAAAAAAAAAAAAAAAAAAAAQAAAAAAAAAAAAAAAAAAAA==', '{ppxiIP91JUY24IBwdRqXXkhN/RTMd5t81Y251WTkM++fEUw6pcGTEBU7JWqpcqyUUC1yj+Ej1Y0HnJp/aLx5BQ==}', 'none', NULL, NULL);
INSERT INTO history_transactions VALUES ('e6315711266014d425b16b339bba063ad1b8d8823b5dfb8cd3399644754be459', 3, 8, 'GA2NC4ZOXMXLVQAQQ5IQKJX47M3PKBQV2N5UV5Z4OXLQJ3CKMBA2O2YL', 8589934598, 100, 1, '2017-12-15 22:08:00.158951', '2017-12-15 22:08:00.158951', 12884934656, 'AAAAADTRcy67LrrAEIdRBSb8+zb1BhXTe0r3PHXXBOxKYEGnAAAAZAAAAAIAAAAGAAAAAAAAAAAAAAABAAAAAAAAAAYAAAABMzEAAAAAAADkEUHb4ezzUNCT9wCUl6zlHT7c9RBpnrY1kmgo+wFae3//////////AAAAAAAAAAFKYEGnAAAAQI84TOk9J4ISBmnHAPy5KLkGnho/BjBWrZuYFB9I/6Z6QI9B25/mQw0EUOxBoX6X9q74a48TpIrf6n9LgonC8ws=', 'AAAAAAAAAGQAAAAAAAAAAQAAAAAAAAAGAAAAAAAAAAA=', 'AAAAAAAAAAEAAAADAAAAAAAAAAMAAAABAAAAADTRcy67LrrAEIdRBSb8+zb1BhXTe0r3PHXXBOxKYEGnAAAAATMxAAAAAAAA5BFB2+Hs81DQk/cAlJes5R0+3PUQaZ62NZJoKPsBWnsAAAAAAAAAAH//////////AAAAAQAAAAAAAAAAAAAAAwAAAAMAAAAAAAAAADTRcy67LrrAEIdRBSb8+zb1BhXTe0r3PHXXBOxKYEGnAAAAAlQL4OAAAAACAAAACAAAAAUAAAAAAAAAAAAAAAABAAAAAAAAAAAAAAAAAAAAAAAAAQAAAAMAAAAAAAAAADTRcy67LrrAEIdRBSb8+zb1BhXTe0r3PHXXBOxKYEGnAAAAAlQL4OAAAAACAAAACAAAAAYAAAAAAAAAAAAAAAABAAAAAAAAAAAAAAAAAAAA', 'AAAAAgAAAAMAAAADAAAAAAAAAAA00XMuuy66wBCHUQUm/Ps29QYV03tK9zx11wTsSmBBpwAAAAJUC+IMAAAAAgAAAAUAAAAAAAAAAAAAAAAAAAAAAQAAAAAAAAAAAAAAAAAAAAAAAAEAAAADAAAAAAAAAAA00XMuuy66wBCHUQUm/Ps29QYV03tK9zx11wTsSmBBpwAAAAJUC+GoAAAAAgAAAAYAAAAAAAAAAAAAAAAAAAAAAQAAAAAAAAAAAAAAAAAAAA==', '{jzhM6T0nghIGaccA/LkouQaeGj8GMFatm5gUH0j/pnpAj0Hbn+ZDDQRQ7EGhfpf2rvhrjxOkit/qf0uCicLzCw==}', 'none', NULL, NULL);
INSERT INTO history_transactions VALUES ('344a58add4f45245924cef37386866e0fd10f38f797615551c59fc0b5521e517', 3, 9, 'GA2NC4ZOXMXLVQAQQ5IQKJX47M3PKBQV2N5UV5Z4OXLQJ3CKMBA2O2YL', 8589934599, 100, 1, '2017-12-15 22:08:00.161581', '2017-12-15 22:08:00.161581', 12884938752, 'AAAAADTRcy67LrrAEIdRBSb8+zb1BhXTe0r3PHXXBOxKYEGnAAAAZAAAAAIAAAAHAAAAAAAAAAAAAAABAAAAAAAAAAYAAAABMzIAAAAAAADkEUHb4ezzUNCT9wCUl6zlHT7c9RBpnrY1kmgo+wFae3//////////AAAAAAAAAAFKYEGnAAAAQIYa/VDKchzI2ce0Hi7EZejOglDpZLsh3oLRGRkitrOM6zm9hJSZEfPZGPY/9+b14+fNnAyiHXGuVJK2ybiTJgU=', 'AAAAAAAAAGQAAAAAAAAAAQAAAAAAAAAGAAAAAAAAAAA=', 'AAAAAAAAAAEAAAADAAAAAAAAAAMAAAABAAAAADTRcy67LrrAEIdRBSb8+zb1BhXTe0r3PHXXBOxKYEGnAAAAATMyAAAAAAAA5BFB2+Hs81DQk/cAlJes5R0+3PUQaZ62NZJoKPsBWnsAAAAAAAAAAH//////////AAAAAQAAAAAAAAAAAAAAAwAAAAMAAAAAAAAAADTRcy67LrrAEIdRBSb8+zb1BhXTe0r3PHXXBOxKYEGnAAAAAlQL4OAAAAACAAAACAAAAAYAAAAAAAAAAAAAAAABAAAAAAAAAAAAAAAAAAAAAAAAAQAAAAMAAAAAAAAAADTRcy67LrrAEIdRBSb8+zb1BhXTe0r3PHXXBOxKYEGnAAAAAlQL4OAAAAACAAAACAAAAAcAAAAAAAAAAAAAAAABAAAAAAAAAAAAAAAAAAAA', 'AAAAAgAAAAMAAAADAAAAAAAAAAA00XMuuy66wBCHUQUm/Ps29QYV03tK9zx11wTsSmBBpwAAAAJUC+GoAAAAAgAAAAYAAAAAAAAAAAAAAAAAAAAAAQAAAAAAAAAAAAAAAAAAAAAAAAEAAAADAAAAAAAAAAA00XMuuy66wBCHUQUm/Ps29QYV03tK9zx11wTsSmBBpwAAAAJUC+FEAAAAAgAAAAcAAAAAAAAAAAAAAAAAAAAAAQAAAAAAAAAAAAAAAAAAAA==', '{hhr9UMpyHMjZx7QeLsRl6M6CUOlkuyHegtEZGSK2s4zrOb2ElJkR89kY9j/35vXj582cDKIdca5UkrbJuJMmBQ==}', 'none', NULL, NULL);
INSERT INTO history_transactions VALUES ('254f4bd646c27c730501f50bf5c9543b3510c10f8b39152b74a75cd78ec5aa7a', 3, 10, 'GA2NC4ZOXMXLVQAQQ5IQKJX47M3PKBQV2N5UV5Z4OXLQJ3CKMBA2O2YL', 8589934600, 100, 1, '2017-12-15 22:08:00.163705', '2017-12-15 22:08:00.163705', 12884942848, 'AAAAADTRcy67LrrAEIdRBSb8+zb1BhXTe0r3PHXXBOxKYEGnAAAAZAAAAAIAAAAIAAAAAAAAAAAAAAABAAAAAAAAAAYAAAABMzMAAAAAAADkEUHb4ezzUNCT9wCUl6zlHT7c9RBpnrY1kmgo+wFae3//////////AAAAAAAAAAFKYEGnAAAAQKAZjNrWsdz1Pve6US/r4vC01x+rDl62xDI2NxieKesGxMS+yIs4Rn39O6iWlApGqGJ5LlC7QRidIVWIaF8V6gA=', 'AAAAAAAAAGQAAAAAAAAAAQAAAAAAAAAGAAAAAAAAAAA=', 'AAAAAAAAAAEAAAADAAAAAAAAAAMAAAABAAAAADTRcy67LrrAEIdRBSb8+zb1BhXTe0r3PHXXBOxKYEGnAAAAATMzAAAAAAAA5BFB2+Hs81DQk/cAlJes5R0+3PUQaZ62NZJoKPsBWnsAAAAAAAAAAH//////////AAAAAQAAAAAAAAAAAAAAAwAAAAMAAAAAAAAAADTRcy67LrrAEIdRBSb8+zb1BhXTe0r3PHXXBOxKYEGnAAAAAlQL4OAAAAACAAAACAAAAAcAAAAAAAAAAAAAAAABAAAAAAAAAAAAAAAAAAAAAAAAAQAAAAMAAAAAAAAAADTRcy67LrrAEIdRBSb8+zb1BhXTe0r3PHXXBOxKYEGnAAAAAlQL4OAAAAACAAAACAAAAAgAAAAAAAAAAAAAAAABAAAAAAAAAAAAAAAAAAAA', 'AAAAAgAAAAMAAAADAAAAAAAAAAA00XMuuy66wBCHUQUm/Ps29QYV03tK9zx11wTsSmBBpwAAAAJUC+FEAAAAAgAAAAcAAAAAAAAAAAAAAAAAAAAAAQAAAAAAAAAAAAAAAAAAAAAAAAEAAAADAAAAAAAAAAA00XMuuy66wBCHUQUm/Ps29QYV03tK9zx11wTsSmBBpwAAAAJUC+DgAAAAAgAAAAgAAAAAAAAAAAAAAAAAAAAAAQAAAAAAAAAAAAAAAAAAAA==', '{oBmM2tax3PU+97pRL+vi8LTXH6sOXrbEMjY3GJ4p6wbExL7IizhGff07qJaUCkaoYnkuULtBGJ0hVYhoXxXqAA==}', 'none', NULL, NULL);
INSERT INTO history_transactions VALUES ('a3fc459ac9baa9c327254ae6eb182fb60dd597ac3761159393de1564f59efa77', 4, 1, 'GDSBCQO34HWPGUGQSP3QBFEXVTSR2PW46UIGTHVWGWJGQKH3AFNHXHXN', 8589934593, 100, 1, '2017-12-15 22:08:00.17781', '2017-12-15 22:08:00.17781', 17179873280, 'AAAAAOQRQdvh7PNQ0JP3AJSXrOUdPtz1EGmetjWSaCj7AVp7AAAAZAAAAAIAAAABAAAAAAAAAAAAAAABAAAAAAAAAAEAAAAAIyKlt0oO71F0CrYw4VWSMk/IX9S6PARHp8al61S6qj8AAAABVVNEAAAAAADkEUHb4ezzUNCT9wCUl6zlHT7c9RBpnrY1kmgo+wFaewAAAAukO3QAAAAAAAAAAAH7AVp7AAAAQB0rZ3swcCS/5dUtKqTdrBYxUjI6b9C0K9bdynGsnTMDO4wLsV8IOjO+ZrSBXt9FUQHlTKgHRE5ydrNL2f4eRQM=', 'AAAAAAAAAGQAAAAAAAAAAQAAAAAAAAABAAAAAAAAAAA=', 'AAAAAAAAAAEAAAACAAAAAwAAAAMAAAABAAAAACMipbdKDu9RdAq2MOFVkjJPyF/UujwER6fGpetUuqo/AAAAAVVTRAAAAAAA5BFB2+Hs81DQk/cAlJes5R0+3PUQaZ62NZJoKPsBWnsAAAAAAAAAAH//////////AAAAAQAAAAAAAAAAAAAAAQAAAAQAAAABAAAAACMipbdKDu9RdAq2MOFVkjJPyF/UujwER6fGpetUuqo/AAAAAVVTRAAAAAAA5BFB2+Hs81DQk/cAlJes5R0+3PUQaZ62NZJoKPsBWnsAAAALpDt0AH//////////AAAAAQAAAAAAAAAA', 'AAAAAgAAAAMAAAACAAAAAAAAAADkEUHb4ezzUNCT9wCUl6zlHT7c9RBpnrY1kmgo+wFaewAAAAJUC+QAAAAAAgAAAAAAAAAAAAAAAAAAAAAAAAAAAQAAAAAAAAAAAAAAAAAAAAAAAAEAAAAEAAAAAAAAAADkEUHb4ezzUNCT9wCUl6zlHT7c9RBpnrY1kmgo+wFaewAAAAJUC+OcAAAAAgAAAAEAAAAAAAAAAAAAAAAAAAAAAQAAAAAAAAAAAAAAAAAAAA==', '{HStnezBwJL/l1S0qpN2sFjFSMjpv0LQr1t3KcaydMwM7jAuxXwg6M75mtIFe30VRAeVMqAdETnJ2s0vZ/h5FAw==}', 'none', NULL, NULL);
INSERT INTO history_transactions VALUES ('9dc1746a8a1fae0abf8756d189c3d421bb5b5a0d5c0f8a3834da6d6aae8311c7', 4, 2, 'GDSBCQO34HWPGUGQSP3QBFEXVTSR2PW46UIGTHVWGWJGQKH3AFNHXHXN', 8589934594, 100, 1, '2017-12-15 22:08:00.181324', '2017-12-15 22:08:00.181325', 17179877376, 'AAAAAOQRQdvh7PNQ0JP3AJSXrOUdPtz1EGmetjWSaCj7AVp7AAAAZAAAAAIAAAACAAAAAAAAAAAAAAABAAAAAAAAAAEAAAAANNFzLrsuusAQh1EFJvz7NvUGFdN7Svc8ddcE7EpgQacAAAABRVVSAAAAAADkEUHb4ezzUNCT9wCUl6zlHT7c9RBpnrY1kmgo+wFaewAAAAukO3QAAAAAAAAAAAH7AVp7AAAAQC5RCYrBzLMJMo9N+MYClr/hpgXNaLNAOBtG59qk+qyavtT5Euhsa+X+ukdhYkJrWJ+Hh4ngX/1WO1SpE8q/Bws=', 'AAAAAAAAAGQAAAAAAAAAAQAAAAAAAAABAAAAAAAAAAA=', 'AAAAAAAAAAEAAAACAAAAAwAAAAMAAAABAAAAADTRcy67LrrAEIdRBSb8+zb1BhXTe0r3PHXXBOxKYEGnAAAAAUVVUgAAAAAA5BFB2+Hs81DQk/cAlJes5R0+3PUQaZ62NZJoKPsBWnsAAAAAAAAAAH//////////AAAAAQAAAAAAAAAAAAAAAQAAAAQAAAABAAAAADTRcy67LrrAEIdRBSb8+zb1BhXTe0r3PHXXBOxKYEGnAAAAAUVVUgAAAAAA5BFB2+Hs81DQk/cAlJes5R0+3PUQaZ62NZJoKPsBWnsAAAALpDt0AH//////////AAAAAQAAAAAAAAAA', 'AAAAAgAAAAMAAAAEAAAAAAAAAADkEUHb4ezzUNCT9wCUl6zlHT7c9RBpnrY1kmgo+wFaewAAAAJUC+OcAAAAAgAAAAEAAAAAAAAAAAAAAAAAAAAAAQAAAAAAAAAAAAAAAAAAAAAAAAEAAAAEAAAAAAAAAADkEUHb4ezzUNCT9wCUl6zlHT7c9RBpnrY1kmgo+wFaewAAAAJUC+M4AAAAAgAAAAIAAAAAAAAAAAAAAAAAAAAAAQAAAAAAAAAAAAAAAAAAAA==', '{LlEJisHMswkyj034xgKWv+GmBc1os0A4G0bn2qT6rJq+1PkS6Gxr5f66R2FiQmtYn4eHieBf/VY7VKkTyr8HCw==}', 'none', NULL, NULL);
INSERT INTO history_transactions VALUES ('335970f27c1141c865b9a77189ffe71591d13c49c8d62d57239228562bc43cf2', 4, 3, 'GDSBCQO34HWPGUGQSP3QBFEXVTSR2PW46UIGTHVWGWJGQKH3AFNHXHXN', 8589934595, 100, 1, '2017-12-15 22:08:00.184554', '2017-12-15 22:08:00.184554', 17179881472, 'AAAAAOQRQdvh7PNQ0JP3AJSXrOUdPtz1EGmetjWSaCj7AVp7AAAAZAAAAAIAAAADAAAAAAAAAAAAAAABAAAAAAAAAAEAAAAANNFzLrsuusAQh1EFJvz7NvUGFdN7Svc8ddcE7EpgQacAAAABMQAAAAAAAADkEUHb4ezzUNCT9wCUl6zlHT7c9RBpnrY1kmgo+wFaewAAAAukO3QAAAAAAAAAAAH7AVp7AAAAQJwPDiB+yuKFlFstdLMotpJlApsm34y8aJSlr1PjJEUi6fz6FucRMktKYHhJMINqUGzzm0qEwHesc6Uo1wwRygc=', 'AAAAAAAAAGQAAAAAAAAAAQAAAAAAAAABAAAAAAAAAAA=', 'AAAAAAAAAAEAAAACAAAAAwAAAAMAAAABAAAAADTRcy67LrrAEIdRBSb8+zb1BhXTe0r3PHXXBOxKYEGnAAAAATEAAAAAAAAA5BFB2+Hs81DQk/cAlJes5R0+3PUQaZ62NZJoKPsBWnsAAAAAAAAAAH//////////AAAAAQAAAAAAAAAAAAAAAQAAAAQAAAABAAAAADTRcy67LrrAEIdRBSb8+zb1BhXTe0r3PHXXBOxKYEGnAAAAATEAAAAAAAAA5BFB2+Hs81DQk/cAlJes5R0+3PUQaZ62NZJoKPsBWnsAAAALpDt0AH//////////AAAAAQAAAAAAAAAA', 'AAAAAgAAAAMAAAAEAAAAAAAAAADkEUHb4ezzUNCT9wCUl6zlHT7c9RBpnrY1kmgo+wFaewAAAAJUC+M4AAAAAgAAAAIAAAAAAAAAAAAAAAAAAAAAAQAAAAAAAAAAAAAAAAAAAAAAAAEAAAAEAAAAAAAAAADkEUHb4ezzUNCT9wCUl6zlHT7c9RBpnrY1kmgo+wFaewAAAAJUC+LUAAAAAgAAAAMAAAAAAAAAAAAAAAAAAAAAAQAAAAAAAAAAAAAAAAAAAA==', '{nA8OIH7K4oWUWy10syi2kmUCmybfjLxolKWvU+MkRSLp/PoW5xEyS0pgeEkwg2pQbPObSoTAd6xzpSjXDBHKBw==}', 'none', NULL, NULL);
INSERT INTO history_transactions VALUES ('63fd31091c6a3333a8ee23297c255e1d899a275519c48defd3ce0708a904c12b', 4, 4, 'GDSBCQO34HWPGUGQSP3QBFEXVTSR2PW46UIGTHVWGWJGQKH3AFNHXHXN', 8589934596, 100, 1, '2017-12-15 22:08:00.188175', '2017-12-15 22:08:00.188175', 17179885568, 'AAAAAOQRQdvh7PNQ0JP3AJSXrOUdPtz1EGmetjWSaCj7AVp7AAAAZAAAAAIAAAAEAAAAAAAAAAAAAAABAAAAAAAAAAEAAAAANNFzLrsuusAQh1EFJvz7NvUGFdN7Svc8ddcE7EpgQacAAAABMjEAAAAAAADkEUHb4ezzUNCT9wCUl6zlHT7c9RBpnrY1kmgo+wFaewAAAAukO3QAAAAAAAAAAAH7AVp7AAAAQBqkEspJ7xLLBgXnC77mo+US4DBjZsB89rAXQO3zmcyH5qEc4nf/D4DMS8R1nHf8c8staaUV3/S1dpr8AR93CQA=', 'AAAAAAAAAGQAAAAAAAAAAQAAAAAAAAABAAAAAAAAAAA=', 'AAAAAAAAAAEAAAACAAAAAwAAAAMAAAABAAAAADTRcy67LrrAEIdRBSb8+zb1BhXTe0r3PHXXBOxKYEGnAAAAATIxAAAAAAAA5BFB2+Hs81DQk/cAlJes5R0+3PUQaZ62NZJoKPsBWnsAAAAAAAAAAH//////////AAAAAQAAAAAAAAAAAAAAAQAAAAQAAAABAAAAADTRcy67LrrAEIdRBSb8+zb1BhXTe0r3PHXXBOxKYEGnAAAAATIxAAAAAAAA5BFB2+Hs81DQk/cAlJes5R0+3PUQaZ62NZJoKPsBWnsAAAALpDt0AH//////////AAAAAQAAAAAAAAAA', 'AAAAAgAAAAMAAAAEAAAAAAAAAADkEUHb4ezzUNCT9wCUl6zlHT7c9RBpnrY1kmgo+wFaewAAAAJUC+LUAAAAAgAAAAMAAAAAAAAAAAAAAAAAAAAAAQAAAAAAAAAAAAAAAAAAAAAAAAEAAAAEAAAAAAAAAADkEUHb4ezzUNCT9wCUl6zlHT7c9RBpnrY1kmgo+wFaewAAAAJUC+JwAAAAAgAAAAQAAAAAAAAAAAAAAAAAAAAAAQAAAAAAAAAAAAAAAAAAAA==', '{GqQSyknvEssGBecLvuaj5RLgMGNmwHz2sBdA7fOZzIfmoRzid/8PgMxLxHWcd/xzyy1ppRXf9LV2mvwBH3cJAA==}', 'none', NULL, NULL);
INSERT INTO history_transactions VALUES ('9b28e1c8e857b0efd958c70c36d777f36e053d4f0d2073d3276c18cfc85f9249', 4, 5, 'GDSBCQO34HWPGUGQSP3QBFEXVTSR2PW46UIGTHVWGWJGQKH3AFNHXHXN', 8589934597, 100, 1, '2017-12-15 22:08:00.192294', '2017-12-15 22:08:00.192294', 17179889664, 'AAAAAOQRQdvh7PNQ0JP3AJSXrOUdPtz1EGmetjWSaCj7AVp7AAAAZAAAAAIAAAAFAAAAAAAAAAAAAAABAAAAAAAAAAEAAAAANNFzLrsuusAQh1EFJvz7NvUGFdN7Svc8ddcE7EpgQacAAAABMjIAAAAAAADkEUHb4ezzUNCT9wCUl6zlHT7c9RBpnrY1kmgo+wFaewAAAAukO3QAAAAAAAAAAAH7AVp7AAAAQPtRQAtUfiEmaZWw4ux/nbuh8y8NoG8mBwPEyFcqXHD2+/LrQ5TA6OUcovIB48cu5wlE8S23KIfYK4nE1clR+gw=', 'AAAAAAAAAGQAAAAAAAAAAQAAAAAAAAABAAAAAAAAAAA=', 'AAAAAAAAAAEAAAACAAAAAwAAAAMAAAABAAAAADTRcy67LrrAEIdRBSb8+zb1BhXTe0r3PHXXBOxKYEGnAAAAATIyAAAAAAAA5BFB2+Hs81DQk/cAlJes5R0+3PUQaZ62NZJoKPsBWnsAAAAAAAAAAH//////////AAAAAQAAAAAAAAAAAAAAAQAAAAQAAAABAAAAADTRcy67LrrAEIdRBSb8+zb1BhXTe0r3PHXXBOxKYEGnAAAAATIyAAAAAAAA5BFB2+Hs81DQk/cAlJes5R0+3PUQaZ62NZJoKPsBWnsAAAALpDt0AH//////////AAAAAQAAAAAAAAAA', 'AAAAAgAAAAMAAAAEAAAAAAAAAADkEUHb4ezzUNCT9wCUl6zlHT7c9RBpnrY1kmgo+wFaewAAAAJUC+JwAAAAAgAAAAQAAAAAAAAAAAAAAAAAAAAAAQAAAAAAAAAAAAAAAAAAAAAAAAEAAAAEAAAAAAAAAADkEUHb4ezzUNCT9wCUl6zlHT7c9RBpnrY1kmgo+wFaewAAAAJUC+IMAAAAAgAAAAUAAAAAAAAAAAAAAAAAAAAAAQAAAAAAAAAAAAAAAAAAAA==', '{+1FAC1R+ISZplbDi7H+du6HzLw2gbyYHA8TIVypccPb78utDlMDo5Ryi8gHjxy7nCUTxLbcoh9gricTVyVH6DA==}', 'none', NULL, NULL);
INSERT INTO history_transactions VALUES ('8208aa13fc4d71b7ae079072b3a3af1bfd8806ba6fd354d3fcbd127b7c0fe232', 4, 6, 'GDSBCQO34HWPGUGQSP3QBFEXVTSR2PW46UIGTHVWGWJGQKH3AFNHXHXN', 8589934598, 100, 1, '2017-12-15 22:08:00.195747', '2017-12-15 22:08:00.195747', 17179893760, 'AAAAAOQRQdvh7PNQ0JP3AJSXrOUdPtz1EGmetjWSaCj7AVp7AAAAZAAAAAIAAAAGAAAAAAAAAAAAAAABAAAAAAAAAAEAAAAANNFzLrsuusAQh1EFJvz7NvUGFdN7Svc8ddcE7EpgQacAAAABMzEAAAAAAADkEUHb4ezzUNCT9wCUl6zlHT7c9RBpnrY1kmgo+wFaewAAAAukO3QAAAAAAAAAAAH7AVp7AAAAQMzLClp/m92NuPEoN1e7F87rGGHpCoXCIrw8t9cd8tC3ukKYQViHyj2F/X0Mu83o/ooo5cXpxLyn9IbZZXt+CgU=', 'AAAAAAAAAGQAAAAAAAAAAQAAAAAAAAABAAAAAAAAAAA=', 'AAAAAAAAAAEAAAACAAAAAwAAAAMAAAABAAAAADTRcy67LrrAEIdRBSb8+zb1BhXTe0r3PHXXBOxKYEGnAAAAATMxAAAAAAAA5BFB2+Hs81DQk/cAlJes5R0+3PUQaZ62NZJoKPsBWnsAAAAAAAAAAH//////////AAAAAQAAAAAAAAAAAAAAAQAAAAQAAAABAAAAADTRcy67LrrAEIdRBSb8+zb1BhXTe0r3PHXXBOxKYEGnAAAAATMxAAAAAAAA5BFB2+Hs81DQk/cAlJes5R0+3PUQaZ62NZJoKPsBWnsAAAALpDt0AH//////////AAAAAQAAAAAAAAAA', 'AAAAAgAAAAMAAAAEAAAAAAAAAADkEUHb4ezzUNCT9wCUl6zlHT7c9RBpnrY1kmgo+wFaewAAAAJUC+IMAAAAAgAAAAUAAAAAAAAAAAAAAAAAAAAAAQAAAAAAAAAAAAAAAAAAAAAAAAEAAAAEAAAAAAAAAADkEUHb4ezzUNCT9wCUl6zlHT7c9RBpnrY1kmgo+wFaewAAAAJUC+GoAAAAAgAAAAYAAAAAAAAAAAAAAAAAAAAAAQAAAAAAAAAAAAAAAAAAAA==', '{zMsKWn+b3Y248Sg3V7sXzusYYekKhcIivDy31x3y0Le6QphBWIfKPYX9fQy7zej+iijlxenEvKf0htlle34KBQ==}', 'none', NULL, NULL);
INSERT INTO history_transactions VALUES ('7c663b4fe86794c57b4f3d718b5048be1aa1e084e52f3468dd470829a057cfeb', 4, 7, 'GDSBCQO34HWPGUGQSP3QBFEXVTSR2PW46UIGTHVWGWJGQKH3AFNHXHXN', 8589934599, 100, 1, '2017-12-15 22:08:00.198902', '2017-12-15 22:08:00.198902', 17179897856, 'AAAAAOQRQdvh7PNQ0JP3AJSXrOUdPtz1EGmetjWSaCj7AVp7AAAAZAAAAAIAAAAHAAAAAAAAAAAAAAABAAAAAAAAAAEAAAAANNFzLrsuusAQh1EFJvz7NvUGFdN7Svc8ddcE7EpgQacAAAABMzIAAAAAAADkEUHb4ezzUNCT9wCUl6zlHT7c9RBpnrY1kmgo+wFaewAAAAukO3QAAAAAAAAAAAH7AVp7AAAAQPYL/L7JhjheV0aToVoB98Iuwa4Z3rcSsuf4zY0ndS8v2fy1mDzGOuS4n0Fwdcdhzy77qOdmFV3kSsR75YqLawY=', 'AAAAAAAAAGQAAAAAAAAAAQAAAAAAAAABAAAAAAAAAAA=', 'AAAAAAAAAAEAAAACAAAAAwAAAAMAAAABAAAAADTRcy67LrrAEIdRBSb8+zb1BhXTe0r3PHXXBOxKYEGnAAAAATMyAAAAAAAA5BFB2+Hs81DQk/cAlJes5R0+3PUQaZ62NZJoKPsBWnsAAAAAAAAAAH//////////AAAAAQAAAAAAAAAAAAAAAQAAAAQAAAABAAAAADTRcy67LrrAEIdRBSb8+zb1BhXTe0r3PHXXBOxKYEGnAAAAATMyAAAAAAAA5BFB2+Hs81DQk/cAlJes5R0+3PUQaZ62NZJoKPsBWnsAAAALpDt0AH//////////AAAAAQAAAAAAAAAA', 'AAAAAgAAAAMAAAAEAAAAAAAAAADkEUHb4ezzUNCT9wCUl6zlHT7c9RBpnrY1kmgo+wFaewAAAAJUC+GoAAAAAgAAAAYAAAAAAAAAAAAAAAAAAAAAAQAAAAAAAAAAAAAAAAAAAAAAAAEAAAAEAAAAAAAAAADkEUHb4ezzUNCT9wCUl6zlHT7c9RBpnrY1kmgo+wFaewAAAAJUC+FEAAAAAgAAAAcAAAAAAAAAAAAAAAAAAAAAAQAAAAAAAAAAAAAAAAAAAA==', '{9gv8vsmGOF5XRpOhWgH3wi7BrhnetxKy5/jNjSd1Ly/Z/LWYPMY65LifQXB1x2HPLvuo52YVXeRKxHvliotrBg==}', 'none', NULL, NULL);
INSERT INTO history_transactions VALUES ('57d54e294ca2d6206226a8950976bbec3852a05f977c895b68510e329ed1cf9b', 4, 8, 'GDSBCQO34HWPGUGQSP3QBFEXVTSR2PW46UIGTHVWGWJGQKH3AFNHXHXN', 8589934600, 100, 1, '2017-12-15 22:08:00.203083', '2017-12-15 22:08:00.203083', 17179901952, 'AAAAAOQRQdvh7PNQ0JP3AJSXrOUdPtz1EGmetjWSaCj7AVp7AAAAZAAAAAIAAAAIAAAAAAAAAAAAAAABAAAAAAAAAAEAAAAANNFzLrsuusAQh1EFJvz7NvUGFdN7Svc8ddcE7EpgQacAAAABMzMAAAAAAADkEUHb4ezzUNCT9wCUl6zlHT7c9RBpnrY1kmgo+wFaewAAAAukO3QAAAAAAAAAAAH7AVp7AAAAQDZLOY+f8aVbrWmcdsUz5KDWGikLBfYEESNyeF/4BlFppWpejMrS36byCy2yScN9zEhx5dZgVumSfp/bthUYbwM=', 'AAAAAAAAAGQAAAAAAAAAAQAAAAAAAAABAAAAAAAAAAA=', 'AAAAAAAAAAEAAAACAAAAAwAAAAMAAAABAAAAADTRcy67LrrAEIdRBSb8+zb1BhXTe0r3PHXXBOxKYEGnAAAAATMzAAAAAAAA5BFB2+Hs81DQk/cAlJes5R0+3PUQaZ62NZJoKPsBWnsAAAAAAAAAAH//////////AAAAAQAAAAAAAAAAAAAAAQAAAAQAAAABAAAAADTRcy67LrrAEIdRBSb8+zb1BhXTe0r3PHXXBOxKYEGnAAAAATMzAAAAAAAA5BFB2+Hs81DQk/cAlJes5R0+3PUQaZ62NZJoKPsBWnsAAAALpDt0AH//////////AAAAAQAAAAAAAAAA', 'AAAAAgAAAAMAAAAEAAAAAAAAAADkEUHb4ezzUNCT9wCUl6zlHT7c9RBpnrY1kmgo+wFaewAAAAJUC+FEAAAAAgAAAAcAAAAAAAAAAAAAAAAAAAAAAQAAAAAAAAAAAAAAAAAAAAAAAAEAAAAEAAAAAAAAAADkEUHb4ezzUNCT9wCUl6zlHT7c9RBpnrY1kmgo+wFaewAAAAJUC+DgAAAAAgAAAAgAAAAAAAAAAAAAAAAAAAAAAQAAAAAAAAAAAAAAAAAAAA==', '{Nks5j5/xpVutaZx2xTPkoNYaKQsF9gQRI3J4X/gGUWmlal6MytLfpvILLbJJw33MSHHl1mBW6ZJ+n9u2FRhvAw==}', 'none', NULL, NULL);
INSERT INTO history_transactions VALUES ('a11c4e1aada500470b2f9519a3797f6cfb70f8a776869fbf4b4b516b4d2e8133', 5, 1, 'GA2NC4ZOXMXLVQAQQ5IQKJX47M3PKBQV2N5UV5Z4OXLQJ3CKMBA2O2YL', 8589934601, 100, 1, '2017-12-15 22:08:00.217035', '2017-12-15 22:08:00.217035', 21474840576, 'AAAAADTRcy67LrrAEIdRBSb8+zb1BhXTe0r3PHXXBOxKYEGnAAAAZAAAAAIAAAAJAAAAAAAAAAAAAAABAAAAAAAAAAMAAAABRVVSAAAAAADkEUHb4ezzUNCT9wCUl6zlHT7c9RBpnrY1kmgo+wFaewAAAAFVU0QAAAAAAOQRQdvh7PNQ0JP3AJSXrOUdPtz1EGmetjWSaCj7AVp7AAAAAAX14QAAAAABAAAAAgAAAAAAAAAAAAAAAAAAAAFKYEGnAAAAQHYMSNjb0f+r4Z0pfzyekxkzkV3nav7I9MIPXyPdlnPT0KM5l7Rp0aFsqFXJPACzggMqTJrWxY5k+HP6eCrG+Ag=', 'AAAAAAAAAGQAAAAAAAAAAQAAAAAAAAADAAAAAAAAAAAAAAAAAAAAADTRcy67LrrAEIdRBSb8+zb1BhXTe0r3PHXXBOxKYEGnAAAAAAAAAAEAAAABRVVSAAAAAADkEUHb4ezzUNCT9wCUl6zlHT7c9RBpnrY1kmgo+wFaewAAAAFVU0QAAAAAAOQRQdvh7PNQ0JP3AJSXrOUdPtz1EGmetjWSaCj7AVp7AAAAAAX14QAAAAABAAAAAgAAAAAAAAAAAAAAAA==', 'AAAAAAAAAAEAAAADAAAAAAAAAAUAAAACAAAAADTRcy67LrrAEIdRBSb8+zb1BhXTe0r3PHXXBOxKYEGnAAAAAAAAAAEAAAABRVVSAAAAAADkEUHb4ezzUNCT9wCUl6zlHT7c9RBpnrY1kmgo+wFaewAAAAFVU0QAAAAAAOQRQdvh7PNQ0JP3AJSXrOUdPtz1EGmetjWSaCj7AVp7AAAAAAX14QAAAAABAAAAAgAAAAAAAAAAAAAAAAAAAAMAAAAFAAAAAAAAAAA00XMuuy66wBCHUQUm/Ps29QYV03tK9zx11wTsSmBBpwAAAAJUC9z4AAAAAgAAABIAAAAIAAAAAAAAAAAAAAAAAQAAAAAAAAAAAAAAAAAAAAAAAAEAAAAFAAAAAAAAAAA00XMuuy66wBCHUQUm/Ps29QYV03tK9zx11wTsSmBBpwAAAAJUC9z4AAAAAgAAABIAAAAJAAAAAAAAAAAAAAAAAQAAAAAAAAAAAAAAAAAAAA==', 'AAAAAgAAAAMAAAADAAAAAAAAAAA00XMuuy66wBCHUQUm/Ps29QYV03tK9zx11wTsSmBBpwAAAAJUC+DgAAAAAgAAAAgAAAAIAAAAAAAAAAAAAAAAAQAAAAAAAAAAAAAAAAAAAAAAAAEAAAAFAAAAAAAAAAA00XMuuy66wBCHUQUm/Ps29QYV03tK9zx11wTsSmBBpwAAAAJUC+B8AAAAAgAAAAkAAAAIAAAAAAAAAAAAAAAAAQAAAAAAAAAAAAAAAAAAAA==', '{dgxI2NvR/6vhnSl/PJ6TGTORXedq/sj0wg9fI92Wc9PQozmXtGnRoWyoVck8ALOCAypMmtbFjmT4c/p4Ksb4CA==}', 'none', NULL, NULL);
INSERT INTO history_transactions VALUES ('b5e88105a360ca97acb39a2636f7cf5cdf7a901acd0d4be9c8091ba227e0452c', 5, 2, 'GDSBCQO34HWPGUGQSP3QBFEXVTSR2PW46UIGTHVWGWJGQKH3AFNHXHXN', 8589934601, 100, 1, '2017-12-15 22:08:00.218807', '2017-12-15 22:08:00.218807', 21474844672, 'AAAAAOQRQdvh7PNQ0JP3AJSXrOUdPtz1EGmetjWSaCj7AVp7AAAAZAAAAAIAAAAJAAAAAAAAAAAAAAABAAAAAAAAAAMAAAABRVVSAAAAAADkEUHb4ezzUNCT9wCUl6zlHT7c9RBpnrY1kmgo+wFaewAAAAFVU0QAAAAAAOQRQdvh7PNQ0JP3AJSXrOUdPtz1EGmetjWSaCj7AVp7AAAAAAX14QAAAAABAAAAAQAAAAAAAAAAAAAAAAAAAAH7AVp7AAAAQKYsEVsOUuHcbex7veV09JgjxkZyqr2FcMzTYGPS+DFi3FhbhKgQJQnhi+dGRrcbOexMx5umUBXRodtHpPVsNgE=', 'AAAAAAAAAGQAAAAAAAAAAQAAAAAAAAADAAAAAAAAAAAAAAAAAAAAAOQRQdvh7PNQ0JP3AJSXrOUdPtz1EGmetjWSaCj7AVp7AAAAAAAAAAIAAAABRVVSAAAAAADkEUHb4ezzUNCT9wCUl6zlHT7c9RBpnrY1kmgo+wFaewAAAAFVU0QAAAAAAOQRQdvh7PNQ0JP3AJSXrOUdPtz1EGmetjWSaCj7AVp7AAAAAAX14QAAAAABAAAAAQAAAAAAAAAAAAAAAA==', 'AAAAAAAAAAEAAAADAAAAAAAAAAUAAAACAAAAAOQRQdvh7PNQ0JP3AJSXrOUdPtz1EGmetjWSaCj7AVp7AAAAAAAAAAIAAAABRVVSAAAAAADkEUHb4ezzUNCT9wCUl6zlHT7c9RBpnrY1kmgo+wFaewAAAAFVU0QAAAAAAOQRQdvh7PNQ0JP3AJSXrOUdPtz1EGmetjWSaCj7AVp7AAAAAAX14QAAAAABAAAAAQAAAAAAAAAAAAAAAAAAAAMAAAAFAAAAAAAAAADkEUHb4ezzUNCT9wCUl6zlHT7c9RBpnrY1kmgo+wFaewAAAAJUC9+0AAAAAgAAAAsAAAAAAAAAAAAAAAAAAAAAAQAAAAAAAAAAAAAAAAAAAAAAAAEAAAAFAAAAAAAAAADkEUHb4ezzUNCT9wCUl6zlHT7c9RBpnrY1kmgo+wFaewAAAAJUC9+0AAAAAgAAAAsAAAABAAAAAAAAAAAAAAAAAQAAAAAAAAAAAAAAAAAAAA==', 'AAAAAgAAAAMAAAAEAAAAAAAAAADkEUHb4ezzUNCT9wCUl6zlHT7c9RBpnrY1kmgo+wFaewAAAAJUC+DgAAAAAgAAAAgAAAAAAAAAAAAAAAAAAAAAAQAAAAAAAAAAAAAAAAAAAAAAAAEAAAAFAAAAAAAAAADkEUHb4ezzUNCT9wCUl6zlHT7c9RBpnrY1kmgo+wFaewAAAAJUC+B8AAAAAgAAAAkAAAAAAAAAAAAAAAAAAAAAAQAAAAAAAAAAAAAAAAAAAA==', '{piwRWw5S4dxt7Hu95XT0mCPGRnKqvYVwzNNgY9L4MWLcWFuEqBAlCeGL50ZGtxs57EzHm6ZQFdGh20ek9Ww2AQ==}', 'none', NULL, NULL);
INSERT INTO history_transactions VALUES ('4781659c29cabdfdc55dd8d007ddd1540f6fb45f3b4ce648e45c32257e47c4a6', 5, 3, 'GA2NC4ZOXMXLVQAQQ5IQKJX47M3PKBQV2N5UV5Z4OXLQJ3CKMBA2O2YL', 8589934602, 100, 1, '2017-12-15 22:08:00.220639', '2017-12-15 22:08:00.220639', 21474848768, 'AAAAADTRcy67LrrAEIdRBSb8+zb1BhXTe0r3PHXXBOxKYEGnAAAAZAAAAAIAAAAKAAAAAAAAAAAAAAABAAAAAAAAAAMAAAABMQAAAAAAAADkEUHb4ezzUNCT9wCUl6zlHT7c9RBpnrY1kmgo+wFaewAAAAFVU0QAAAAAAOQRQdvh7PNQ0JP3AJSXrOUdPtz1EGmetjWSaCj7AVp7AAAAAAvrwgAAAAABAAAAAQAAAAAAAAAAAAAAAAAAAAFKYEGnAAAAQJ0o6N2Jk5+i0bkILbE3UTiUpyZvOJLNvARX5gYko0KCuad0n456Jm9Cqxr7seluIFSoNbxCJOrC54kyaTuO1Ak=', 'AAAAAAAAAGQAAAAAAAAAAQAAAAAAAAADAAAAAAAAAAAAAAAAAAAAADTRcy67LrrAEIdRBSb8+zb1BhXTe0r3PHXXBOxKYEGnAAAAAAAAAAMAAAABMQAAAAAAAADkEUHb4ezzUNCT9wCUl6zlHT7c9RBpnrY1kmgo+wFaewAAAAFVU0QAAAAAAOQRQdvh7PNQ0JP3AJSXrOUdPtz1EGmetjWSaCj7AVp7AAAAAAvrwgAAAAABAAAAAQAAAAAAAAAAAAAAAA==', 'AAAAAAAAAAEAAAADAAAAAAAAAAUAAAACAAAAADTRcy67LrrAEIdRBSb8+zb1BhXTe0r3PHXXBOxKYEGnAAAAAAAAAAMAAAABMQAAAAAAAADkEUHb4ezzUNCT9wCUl6zlHT7c9RBpnrY1kmgo+wFaewAAAAFVU0QAAAAAAOQRQdvh7PNQ0JP3AJSXrOUdPtz1EGmetjWSaCj7AVp7AAAAAAvrwgAAAAABAAAAAQAAAAAAAAAAAAAAAAAAAAMAAAAFAAAAAAAAAAA00XMuuy66wBCHUQUm/Ps29QYV03tK9zx11wTsSmBBpwAAAAJUC9z4AAAAAgAAABIAAAAJAAAAAAAAAAAAAAAAAQAAAAAAAAAAAAAAAAAAAAAAAAEAAAAFAAAAAAAAAAA00XMuuy66wBCHUQUm/Ps29QYV03tK9zx11wTsSmBBpwAAAAJUC9z4AAAAAgAAABIAAAAKAAAAAAAAAAAAAAAAAQAAAAAAAAAAAAAAAAAAAA==', 'AAAAAgAAAAMAAAAFAAAAAAAAAAA00XMuuy66wBCHUQUm/Ps29QYV03tK9zx11wTsSmBBpwAAAAJUC+B8AAAAAgAAAAkAAAAIAAAAAAAAAAAAAAAAAQAAAAAAAAAAAAAAAAAAAAAAAAEAAAAFAAAAAAAAAAA00XMuuy66wBCHUQUm/Ps29QYV03tK9zx11wTsSmBBpwAAAAJUC+AYAAAAAgAAAAoAAAAIAAAAAAAAAAAAAAAAAQAAAAAAAAAAAAAAAAAAAA==', '{nSjo3YmTn6LRuQgtsTdROJSnJm84ks28BFfmBiSjQoK5p3Sfjnomb0KrGvux6W4gVKg1vEIk6sLniTJpO47UCQ==}', 'none', NULL, NULL);
INSERT INTO history_transactions VALUES ('fac63542d996fcba0e6bcb723ca94b5a3b415b36e4eeac64c881dfd61d478fe7', 5, 4, 'GDSBCQO34HWPGUGQSP3QBFEXVTSR2PW46UIGTHVWGWJGQKH3AFNHXHXN', 8589934602, 100, 1, '2017-12-15 22:08:00.222152', '2017-12-15 22:08:00.222152', 21474852864, 'AAAAAOQRQdvh7PNQ0JP3AJSXrOUdPtz1EGmetjWSaCj7AVp7AAAAZAAAAAIAAAAKAAAAAAAAAAAAAAABAAAAAAAAAAMAAAABRVVSAAAAAADkEUHb4ezzUNCT9wCUl6zlHT7c9RBpnrY1kmgo+wFaewAAAAFVU0QAAAAAAOQRQdvh7PNQ0JP3AJSXrOUdPtz1EGmetjWSaCj7AVp7AAAAAAX14QAAAAABAAAAAgAAAAAAAAAAAAAAAAAAAAH7AVp7AAAAQDcsuEiZkPgFoOKVqaXf7q1n198y1BZNFYjn1vVH5bxadN9DKREt/ULptZ/3gDYD/fiw5VJIiJzGy+r8ZWYeDg4=', 'AAAAAAAAAGQAAAAAAAAAAQAAAAAAAAADAAAAAAAAAAAAAAAAAAAAAOQRQdvh7PNQ0JP3AJSXrOUdPtz1EGmetjWSaCj7AVp7AAAAAAAAAAQAAAABRVVSAAAAAADkEUHb4ezzUNCT9wCUl6zlHT7c9RBpnrY1kmgo+wFaewAAAAFVU0QAAAAAAOQRQdvh7PNQ0JP3AJSXrOUdPtz1EGmetjWSaCj7AVp7AAAAAAX14QAAAAABAAAAAgAAAAAAAAAAAAAAAA==', 'AAAAAAAAAAEAAAADAAAAAAAAAAUAAAACAAAAAOQRQdvh7PNQ0JP3AJSXrOUdPtz1EGmetjWSaCj7AVp7AAAAAAAAAAQAAAABRVVSAAAAAADkEUHb4ezzUNCT9wCUl6zlHT7c9RBpnrY1kmgo+wFaewAAAAFVU0QAAAAAAOQRQdvh7PNQ0JP3AJSXrOUdPtz1EGmetjWSaCj7AVp7AAAAAAX14QAAAAABAAAAAgAAAAAAAAAAAAAAAAAAAAMAAAAFAAAAAAAAAADkEUHb4ezzUNCT9wCUl6zlHT7c9RBpnrY1kmgo+wFaewAAAAJUC9+0AAAAAgAAAAsAAAABAAAAAAAAAAAAAAAAAQAAAAAAAAAAAAAAAAAAAAAAAAEAAAAFAAAAAAAAAADkEUHb4ezzUNCT9wCUl6zlHT7c9RBpnrY1kmgo+wFaewAAAAJUC9+0AAAAAgAAAAsAAAACAAAAAAAAAAAAAAAAAQAAAAAAAAAAAAAAAAAAAA==', 'AAAAAgAAAAMAAAAFAAAAAAAAAADkEUHb4ezzUNCT9wCUl6zlHT7c9RBpnrY1kmgo+wFaewAAAAJUC+B8AAAAAgAAAAkAAAAAAAAAAAAAAAAAAAAAAQAAAAAAAAAAAAAAAAAAAAAAAAEAAAAFAAAAAAAAAADkEUHb4ezzUNCT9wCUl6zlHT7c9RBpnrY1kmgo+wFaewAAAAJUC+AYAAAAAgAAAAoAAAAAAAAAAAAAAAAAAAAAAQAAAAAAAAAAAAAAAAAAAA==', '{Nyy4SJmQ+AWg4pWppd/urWfX3zLUFk0ViOfW9UflvFp030MpES39Qum1n/eANgP9+LDlUkiInMbL6vxlZh4ODg==}', 'none', NULL, NULL);
INSERT INTO history_transactions VALUES ('8915d7a8cc6be26c19195a736b535d5d7bba506f267267449787240bae9c1c80', 5, 5, 'GA2NC4ZOXMXLVQAQQ5IQKJX47M3PKBQV2N5UV5Z4OXLQJ3CKMBA2O2YL', 8589934603, 100, 1, '2017-12-15 22:08:00.22376', '2017-12-15 22:08:00.22376', 21474856960, 'AAAAADTRcy67LrrAEIdRBSb8+zb1BhXTe0r3PHXXBOxKYEGnAAAAZAAAAAIAAAALAAAAAAAAAAAAAAABAAAAAAAAAAMAAAABRVVSAAAAAADkEUHb4ezzUNCT9wCUl6zlHT7c9RBpnrY1kmgo+wFaewAAAAExAAAAAAAAAOQRQdvh7PNQ0JP3AJSXrOUdPtz1EGmetjWSaCj7AVp7AAAAAAvrwgAAAAABAAAAAQAAAAAAAAAAAAAAAAAAAAFKYEGnAAAAQNFl2eV/OTWdcSDTd/MytqUjZaSAXFEX1cRK1Ba5PUrHlxO4WdopI8D0KjJo195Xy85Dqx+iTCEM0Xr0/lGM6Qs=', 'AAAAAAAAAGQAAAAAAAAAAQAAAAAAAAADAAAAAAAAAAAAAAAAAAAAADTRcy67LrrAEIdRBSb8+zb1BhXTe0r3PHXXBOxKYEGnAAAAAAAAAAUAAAABRVVSAAAAAADkEUHb4ezzUNCT9wCUl6zlHT7c9RBpnrY1kmgo+wFaewAAAAExAAAAAAAAAOQRQdvh7PNQ0JP3AJSXrOUdPtz1EGmetjWSaCj7AVp7AAAAAAvrwgAAAAABAAAAAQAAAAAAAAAAAAAAAA==', 'AAAAAAAAAAEAAAADAAAAAAAAAAUAAAACAAAAADTRcy67LrrAEIdRBSb8+zb1BhXTe0r3PHXXBOxKYEGnAAAAAAAAAAUAAAABRVVSAAAAAADkEUHb4ezzUNCT9wCUl6zlHT7c9RBpnrY1kmgo+wFaewAAAAExAAAAAAAAAOQRQdvh7PNQ0JP3AJSXrOUdPtz1EGmetjWSaCj7AVp7AAAAAAvrwgAAAAABAAAAAQAAAAAAAAAAAAAAAAAAAAMAAAAFAAAAAAAAAAA00XMuuy66wBCHUQUm/Ps29QYV03tK9zx11wTsSmBBpwAAAAJUC9z4AAAAAgAAABIAAAAKAAAAAAAAAAAAAAAAAQAAAAAAAAAAAAAAAAAAAAAAAAEAAAAFAAAAAAAAAAA00XMuuy66wBCHUQUm/Ps29QYV03tK9zx11wTsSmBBpwAAAAJUC9z4AAAAAgAAABIAAAALAAAAAAAAAAAAAAAAAQAAAAAAAAAAAAAAAAAAAA==', 'AAAAAgAAAAMAAAAFAAAAAAAAAAA00XMuuy66wBCHUQUm/Ps29QYV03tK9zx11wTsSmBBpwAAAAJUC+AYAAAAAgAAAAoAAAAIAAAAAAAAAAAAAAAAAQAAAAAAAAAAAAAAAAAAAAAAAAEAAAAFAAAAAAAAAAA00XMuuy66wBCHUQUm/Ps29QYV03tK9zx11wTsSmBBpwAAAAJUC9+0AAAAAgAAAAsAAAAIAAAAAAAAAAAAAAAAAQAAAAAAAAAAAAAAAAAAAA==', '{0WXZ5X85NZ1xINN38zK2pSNlpIBcURfVxErUFrk9SseXE7hZ2ikjwPQqMmjX3lfLzkOrH6JMIQzRevT+UYzpCw==}', 'none', NULL, NULL);
INSERT INTO history_transactions VALUES ('0e12e13702a9573c885291f36b36561c288d8fc4d2f92dcf484132b6c8d408bf', 5, 6, 'GDSBCQO34HWPGUGQSP3QBFEXVTSR2PW46UIGTHVWGWJGQKH3AFNHXHXN', 8589934603, 100, 1, '2017-12-15 22:08:00.22536', '2017-12-15 22:08:00.22536', 21474861056, 'AAAAAOQRQdvh7PNQ0JP3AJSXrOUdPtz1EGmetjWSaCj7AVp7AAAAZAAAAAIAAAALAAAAAAAAAAAAAAABAAAAAAAAAAMAAAAAAAAAAVVTRAAAAAAA5BFB2+Hs81DQk/cAlJes5R0+3PUQaZ62NZJoKPsBWnsAAAACVAvkAAAAAAEAAAAKAAAAAAAAAAAAAAAAAAAAAfsBWnsAAABAcbF71a/Gjo9HpuNHsBpUkWKsdKnRvR737FyZoPnCBlCKHfCyvt/Ykg3PG1SStsWIpb9zUB/XZFjvgwi7F6zwBw==', 'AAAAAAAAAGQAAAAAAAAAAQAAAAAAAAADAAAAAAAAAAAAAAAAAAAAAOQRQdvh7PNQ0JP3AJSXrOUdPtz1EGmetjWSaCj7AVp7AAAAAAAAAAYAAAAAAAAAAVVTRAAAAAAA5BFB2+Hs81DQk/cAlJes5R0+3PUQaZ62NZJoKPsBWnsAAAACNj56tAAAAAEAAAAKAAAAAAAAAAAAAAAA', 'AAAAAAAAAAEAAAADAAAAAAAAAAUAAAACAAAAAOQRQdvh7PNQ0JP3AJSXrOUdPtz1EGmetjWSaCj7AVp7AAAAAAAAAAYAAAAAAAAAAVVTRAAAAAAA5BFB2+Hs81DQk/cAlJes5R0+3PUQaZ62NZJoKPsBWnsAAAACNj56tAAAAAEAAAAKAAAAAAAAAAAAAAAAAAAAAwAAAAUAAAAAAAAAAOQRQdvh7PNQ0JP3AJSXrOUdPtz1EGmetjWSaCj7AVp7AAAAAlQL37QAAAACAAAACwAAAAIAAAAAAAAAAAAAAAABAAAAAAAAAAAAAAAAAAAAAAAAAQAAAAUAAAAAAAAAAOQRQdvh7PNQ0JP3AJSXrOUdPtz1EGmetjWSaCj7AVp7AAAAAlQL37QAAAACAAAACwAAAAMAAAAAAAAAAAAAAAABAAAAAAAAAAAAAAAAAAAA', 'AAAAAgAAAAMAAAAFAAAAAAAAAADkEUHb4ezzUNCT9wCUl6zlHT7c9RBpnrY1kmgo+wFaewAAAAJUC+AYAAAAAgAAAAoAAAAAAAAAAAAAAAAAAAAAAQAAAAAAAAAAAAAAAAAAAAAAAAEAAAAFAAAAAAAAAADkEUHb4ezzUNCT9wCUl6zlHT7c9RBpnrY1kmgo+wFaewAAAAJUC9+0AAAAAgAAAAsAAAAAAAAAAAAAAAAAAAAAAQAAAAAAAAAAAAAAAAAAAA==', '{cbF71a/Gjo9HpuNHsBpUkWKsdKnRvR737FyZoPnCBlCKHfCyvt/Ykg3PG1SStsWIpb9zUB/XZFjvgwi7F6zwBw==}', 'none', NULL, NULL);
INSERT INTO history_transactions VALUES ('b9925fafee10dce3211337718217a7a0691ca60d9f67c56d9a3ec823acd0c95e', 5, 7, 'GA2NC4ZOXMXLVQAQQ5IQKJX47M3PKBQV2N5UV5Z4OXLQJ3CKMBA2O2YL', 8589934604, 100, 1, '2017-12-15 22:08:00.227276', '2017-12-15 22:08:00.227276', 21474865152, 'AAAAADTRcy67LrrAEIdRBSb8+zb1BhXTe0r3PHXXBOxKYEGnAAAAZAAAAAIAAAAMAAAAAAAAAAAAAAABAAAAAAAAAAMAAAABMjEAAAAAAADkEUHb4ezzUNCT9wCUl6zlHT7c9RBpnrY1kmgo+wFaewAAAAFVU0QAAAAAAOQRQdvh7PNQ0JP3AJSXrOUdPtz1EGmetjWSaCj7AVp7AAAAABHhowAAAAABAAAAAQAAAAAAAAAAAAAAAAAAAAFKYEGnAAAAQDT4gS9N8FQ4cyYjoOqFMhn3iEqPrUO8fcc0XAUbfuBYucNKYmSt57nBfRtOzIUChOlKitxV1+0lDYp38fPv5Aw=', 'AAAAAAAAAGQAAAAAAAAAAQAAAAAAAAADAAAAAAAAAAAAAAAAAAAAADTRcy67LrrAEIdRBSb8+zb1BhXTe0r3PHXXBOxKYEGnAAAAAAAAAAcAAAABMjEAAAAAAADkEUHb4ezzUNCT9wCUl6zlHT7c9RBpnrY1kmgo+wFaewAAAAFVU0QAAAAAAOQRQdvh7PNQ0JP3AJSXrOUdPtz1EGmetjWSaCj7AVp7AAAAABHhowAAAAABAAAAAQAAAAAAAAAAAAAAAA==', 'AAAAAAAAAAEAAAADAAAAAAAAAAUAAAACAAAAADTRcy67LrrAEIdRBSb8+zb1BhXTe0r3PHXXBOxKYEGnAAAAAAAAAAcAAAABMjEAAAAAAADkEUHb4ezzUNCT9wCUl6zlHT7c9RBpnrY1kmgo+wFaewAAAAFVU0QAAAAAAOQRQdvh7PNQ0JP3AJSXrOUdPtz1EGmetjWSaCj7AVp7AAAAABHhowAAAAABAAAAAQAAAAAAAAAAAAAAAAAAAAMAAAAFAAAAAAAAAAA00XMuuy66wBCHUQUm/Ps29QYV03tK9zx11wTsSmBBpwAAAAJUC9z4AAAAAgAAABIAAAALAAAAAAAAAAAAAAAAAQAAAAAAAAAAAAAAAAAAAAAAAAEAAAAFAAAAAAAAAAA00XMuuy66wBCHUQUm/Ps29QYV03tK9zx11wTsSmBBpwAAAAJUC9z4AAAAAgAAABIAAAAMAAAAAAAAAAAAAAAAAQAAAAAAAAAAAAAAAAAAAA==', 'AAAAAgAAAAMAAAAFAAAAAAAAAAA00XMuuy66wBCHUQUm/Ps29QYV03tK9zx11wTsSmBBpwAAAAJUC9+0AAAAAgAAAAsAAAAIAAAAAAAAAAAAAAAAAQAAAAAAAAAAAAAAAAAAAAAAAAEAAAAFAAAAAAAAAAA00XMuuy66wBCHUQUm/Ps29QYV03tK9zx11wTsSmBBpwAAAAJUC99QAAAAAgAAAAwAAAAIAAAAAAAAAAAAAAAAAQAAAAAAAAAAAAAAAAAAAA==', '{NPiBL03wVDhzJiOg6oUyGfeISo+tQ7x9xzRcBRt+4Fi5w0piZK3nucF9G07MhQKE6UqK3FXX7SUNinfx8+/kDA==}', 'none', NULL, NULL);
INSERT INTO history_transactions VALUES ('a89dc0b7e9e01af735994cb66cf775bfd37fb0e61225254294c00627f2cfe91a', 5, 8, 'GA2NC4ZOXMXLVQAQQ5IQKJX47M3PKBQV2N5UV5Z4OXLQJ3CKMBA2O2YL', 8589934605, 100, 1, '2017-12-15 22:08:00.229093', '2017-12-15 22:08:00.229093', 21474869248, 'AAAAADTRcy67LrrAEIdRBSb8+zb1BhXTe0r3PHXXBOxKYEGnAAAAZAAAAAIAAAANAAAAAAAAAAAAAAABAAAAAAAAAAMAAAABMjIAAAAAAADkEUHb4ezzUNCT9wCUl6zlHT7c9RBpnrY1kmgo+wFaewAAAAEyMQAAAAAAAOQRQdvh7PNQ0JP3AJSXrOUdPtz1EGmetjWSaCj7AVp7AAAAABHhowAAAAABAAAAAQAAAAAAAAAAAAAAAAAAAAFKYEGnAAAAQMDEDKXp605d/im9Ptwenn13YSUaKKjat7MDBnNKxHnQ5OFY1L9yszv4qo7Ax4Nqd+B9YfvKxzGw4jQGQ9UdOgg=', 'AAAAAAAAAGQAAAAAAAAAAQAAAAAAAAADAAAAAAAAAAAAAAAAAAAAADTRcy67LrrAEIdRBSb8+zb1BhXTe0r3PHXXBOxKYEGnAAAAAAAAAAgAAAABMjIAAAAAAADkEUHb4ezzUNCT9wCUl6zlHT7c9RBpnrY1kmgo+wFaewAAAAEyMQAAAAAAAOQRQdvh7PNQ0JP3AJSXrOUdPtz1EGmetjWSaCj7AVp7AAAAABHhowAAAAABAAAAAQAAAAAAAAAAAAAAAA==', 'AAAAAAAAAAEAAAADAAAAAAAAAAUAAAACAAAAADTRcy67LrrAEIdRBSb8+zb1BhXTe0r3PHXXBOxKYEGnAAAAAAAAAAgAAAABMjIAAAAAAADkEUHb4ezzUNCT9wCUl6zlHT7c9RBpnrY1kmgo+wFaewAAAAEyMQAAAAAAAOQRQdvh7PNQ0JP3AJSXrOUdPtz1EGmetjWSaCj7AVp7AAAAABHhowAAAAABAAAAAQAAAAAAAAAAAAAAAAAAAAMAAAAFAAAAAAAAAAA00XMuuy66wBCHUQUm/Ps29QYV03tK9zx11wTsSmBBpwAAAAJUC9z4AAAAAgAAABIAAAAMAAAAAAAAAAAAAAAAAQAAAAAAAAAAAAAAAAAAAAAAAAEAAAAFAAAAAAAAAAA00XMuuy66wBCHUQUm/Ps29QYV03tK9zx11wTsSmBBpwAAAAJUC9z4AAAAAgAAABIAAAANAAAAAAAAAAAAAAAAAQAAAAAAAAAAAAAAAAAAAA==', 'AAAAAgAAAAMAAAAFAAAAAAAAAAA00XMuuy66wBCHUQUm/Ps29QYV03tK9zx11wTsSmBBpwAAAAJUC99QAAAAAgAAAAwAAAAIAAAAAAAAAAAAAAAAAQAAAAAAAAAAAAAAAAAAAAAAAAEAAAAFAAAAAAAAAAA00XMuuy66wBCHUQUm/Ps29QYV03tK9zx11wTsSmBBpwAAAAJUC97sAAAAAgAAAA0AAAAIAAAAAAAAAAAAAAAAAQAAAAAAAAAAAAAAAAAAAA==', '{wMQMpenrTl3+Kb0+3B6efXdhJRooqNq3swMGc0rEedDk4VjUv3KzO/iqjsDHg2p34H1h+8rHMbDiNAZD1R06CA==}', 'none', NULL, NULL);
INSERT INTO history_transactions VALUES ('c92bb5f0ce6cbf74949af7b6404e0aae1839dcb174ca07b86b0690386b488e30', 5, 9, 'GA2NC4ZOXMXLVQAQQ5IQKJX47M3PKBQV2N5UV5Z4OXLQJ3CKMBA2O2YL', 8589934606, 100, 1, '2017-12-15 22:08:00.230621', '2017-12-15 22:08:00.230621', 21474873344, 'AAAAADTRcy67LrrAEIdRBSb8+zb1BhXTe0r3PHXXBOxKYEGnAAAAZAAAAAIAAAAOAAAAAAAAAAAAAAABAAAAAAAAAAMAAAABRVVSAAAAAADkEUHb4ezzUNCT9wCUl6zlHT7c9RBpnrY1kmgo+wFaewAAAAEyMgAAAAAAAOQRQdvh7PNQ0JP3AJSXrOUdPtz1EGmetjWSaCj7AVp7AAAAABHhowAAAAABAAAAAQAAAAAAAAAAAAAAAAAAAAFKYEGnAAAAQOn18OTylqpbRyiXNURKYg5fc1rW4P7OfdyzIhzEP6eD0gS+Se4UQMOw0zsvfC3dfS366KHEWRXB8qQLqQ7lLAs=', 'AAAAAAAAAGQAAAAAAAAAAQAAAAAAAAADAAAAAAAAAAAAAAAAAAAAADTRcy67LrrAEIdRBSb8+zb1BhXTe0r3PHXXBOxKYEGnAAAAAAAAAAkAAAABRVVSAAAAAADkEUHb4ezzUNCT9wCUl6zlHT7c9RBpnrY1kmgo+wFaewAAAAEyMgAAAAAAAOQRQdvh7PNQ0JP3AJSXrOUdPtz1EGmetjWSaCj7AVp7AAAAABHhowAAAAABAAAAAQAAAAAAAAAAAAAAAA==', 'AAAAAAAAAAEAAAADAAAAAAAAAAUAAAACAAAAADTRcy67LrrAEIdRBSb8+zb1BhXTe0r3PHXXBOxKYEGnAAAAAAAAAAkAAAABRVVSAAAAAADkEUHb4ezzUNCT9wCUl6zlHT7c9RBpnrY1kmgo+wFaewAAAAEyMgAAAAAAAOQRQdvh7PNQ0JP3AJSXrOUdPtz1EGmetjWSaCj7AVp7AAAAABHhowAAAAABAAAAAQAAAAAAAAAAAAAAAAAAAAMAAAAFAAAAAAAAAAA00XMuuy66wBCHUQUm/Ps29QYV03tK9zx11wTsSmBBpwAAAAJUC9z4AAAAAgAAABIAAAANAAAAAAAAAAAAAAAAAQAAAAAAAAAAAAAAAAAAAAAAAAEAAAAFAAAAAAAAAAA00XMuuy66wBCHUQUm/Ps29QYV03tK9zx11wTsSmBBpwAAAAJUC9z4AAAAAgAAABIAAAAOAAAAAAAAAAAAAAAAAQAAAAAAAAAAAAAAAAAAAA==', 'AAAAAgAAAAMAAAAFAAAAAAAAAAA00XMuuy66wBCHUQUm/Ps29QYV03tK9zx11wTsSmBBpwAAAAJUC97sAAAAAgAAAA0AAAAIAAAAAAAAAAAAAAAAAQAAAAAAAAAAAAAAAAAAAAAAAAEAAAAFAAAAAAAAAAA00XMuuy66wBCHUQUm/Ps29QYV03tK9zx11wTsSmBBpwAAAAJUC96IAAAAAgAAAA4AAAAIAAAAAAAAAAAAAAAAAQAAAAAAAAAAAAAAAAAAAA==', '{6fXw5PKWqltHKJc1REpiDl9zWtbg/s593LMiHMQ/p4PSBL5J7hRAw7DTOy98Ld19LfroocRZFcHypAupDuUsCw==}', 'none', NULL, NULL);
INSERT INTO history_transactions VALUES ('8af50985527a5383992cef73235c1f9a650aa613984936afd47b72bf0b23d07a', 5, 10, 'GA2NC4ZOXMXLVQAQQ5IQKJX47M3PKBQV2N5UV5Z4OXLQJ3CKMBA2O2YL', 8589934607, 100, 1, '2017-12-15 22:08:00.232323', '2017-12-15 22:08:00.232323', 21474877440, 'AAAAADTRcy67LrrAEIdRBSb8+zb1BhXTe0r3PHXXBOxKYEGnAAAAZAAAAAIAAAAPAAAAAAAAAAAAAAABAAAAAAAAAAMAAAABMzEAAAAAAADkEUHb4ezzUNCT9wCUl6zlHT7c9RBpnrY1kmgo+wFaewAAAAFVU0QAAAAAAOQRQdvh7PNQ0JP3AJSXrOUdPtz1EGmetjWSaCj7AVp7AAAAABfXhAAAAAACAAAAAQAAAAAAAAAAAAAAAAAAAAFKYEGnAAAAQGOBpoZRIru8JJjmktVn8mJoQDVulo6EgqS8X71h1EvU+AS8SOvUBZWAzx+eQPom6Hagxc2R9HQgAIR96KYz/A4=', 'AAAAAAAAAGQAAAAAAAAAAQAAAAAAAAADAAAAAAAAAAAAAAAAAAAAADTRcy67LrrAEIdRBSb8+zb1BhXTe0r3PHXXBOxKYEGnAAAAAAAAAAoAAAABMzEAAAAAAADkEUHb4ezzUNCT9wCUl6zlHT7c9RBpnrY1kmgo+wFaewAAAAFVU0QAAAAAAOQRQdvh7PNQ0JP3AJSXrOUdPtz1EGmetjWSaCj7AVp7AAAAABfXhAAAAAACAAAAAQAAAAAAAAAAAAAAAA==', 'AAAAAAAAAAEAAAADAAAAAAAAAAUAAAACAAAAADTRcy67LrrAEIdRBSb8+zb1BhXTe0r3PHXXBOxKYEGnAAAAAAAAAAoAAAABMzEAAAAAAADkEUHb4ezzUNCT9wCUl6zlHT7c9RBpnrY1kmgo+wFaewAAAAFVU0QAAAAAAOQRQdvh7PNQ0JP3AJSXrOUdPtz1EGmetjWSaCj7AVp7AAAAABfXhAAAAAACAAAAAQAAAAAAAAAAAAAAAAAAAAMAAAAFAAAAAAAAAAA00XMuuy66wBCHUQUm/Ps29QYV03tK9zx11wTsSmBBpwAAAAJUC9z4AAAAAgAAABIAAAAOAAAAAAAAAAAAAAAAAQAAAAAAAAAAAAAAAAAAAAAAAAEAAAAFAAAAAAAAAAA00XMuuy66wBCHUQUm/Ps29QYV03tK9zx11wTsSmBBpwAAAAJUC9z4AAAAAgAAABIAAAAPAAAAAAAAAAAAAAAAAQAAAAAAAAAAAAAAAAAAAA==', 'AAAAAgAAAAMAAAAFAAAAAAAAAAA00XMuuy66wBCHUQUm/Ps29QYV03tK9zx11wTsSmBBpwAAAAJUC96IAAAAAgAAAA4AAAAIAAAAAAAAAAAAAAAAAQAAAAAAAAAAAAAAAAAAAAAAAAEAAAAFAAAAAAAAAAA00XMuuy66wBCHUQUm/Ps29QYV03tK9zx11wTsSmBBpwAAAAJUC94kAAAAAgAAAA8AAAAIAAAAAAAAAAAAAAAAAQAAAAAAAAAAAAAAAAAAAA==', '{Y4GmhlEiu7wkmOaS1WfyYmhANW6WjoSCpLxfvWHUS9T4BLxI69QFlYDPH55A+ibodqDFzZH0dCAAhH3opjP8Dg==}', 'none', NULL, NULL);
INSERT INTO history_transactions VALUES ('487644504432e9323eace0dd116cbb3218f2801391a91b2646cb67d797897abf', 5, 11, 'GA2NC4ZOXMXLVQAQQ5IQKJX47M3PKBQV2N5UV5Z4OXLQJ3CKMBA2O2YL', 8589934608, 100, 1, '2017-12-15 22:08:00.234075', '2017-12-15 22:08:00.234075', 21474881536, 'AAAAADTRcy67LrrAEIdRBSb8+zb1BhXTe0r3PHXXBOxKYEGnAAAAZAAAAAIAAAAQAAAAAAAAAAAAAAABAAAAAAAAAAMAAAABMzIAAAAAAADkEUHb4ezzUNCT9wCUl6zlHT7c9RBpnrY1kmgo+wFaewAAAAEzMQAAAAAAAOQRQdvh7PNQ0JP3AJSXrOUdPtz1EGmetjWSaCj7AVp7AAAAABfXhAAAAAACAAAAAQAAAAAAAAAAAAAAAAAAAAFKYEGnAAAAQNgcJcTXnPHUexPnq4VY23CVwk8zKucnao7p0LfZtQLhJr8PRvA/iWgToaaCPxb3WDFAC84vQ6dFxzJsXMdC/wc=', 'AAAAAAAAAGQAAAAAAAAAAQAAAAAAAAADAAAAAAAAAAAAAAAAAAAAADTRcy67LrrAEIdRBSb8+zb1BhXTe0r3PHXXBOxKYEGnAAAAAAAAAAsAAAABMzIAAAAAAADkEUHb4ezzUNCT9wCUl6zlHT7c9RBpnrY1kmgo+wFaewAAAAEzMQAAAAAAAOQRQdvh7PNQ0JP3AJSXrOUdPtz1EGmetjWSaCj7AVp7AAAAABfXhAAAAAACAAAAAQAAAAAAAAAAAAAAAA==', 'AAAAAAAAAAEAAAADAAAAAAAAAAUAAAACAAAAADTRcy67LrrAEIdRBSb8+zb1BhXTe0r3PHXXBOxKYEGnAAAAAAAAAAsAAAABMzIAAAAAAADkEUHb4ezzUNCT9wCUl6zlHT7c9RBpnrY1kmgo+wFaewAAAAEzMQAAAAAAAOQRQdvh7PNQ0JP3AJSXrOUdPtz1EGmetjWSaCj7AVp7AAAAABfXhAAAAAACAAAAAQAAAAAAAAAAAAAAAAAAAAMAAAAFAAAAAAAAAAA00XMuuy66wBCHUQUm/Ps29QYV03tK9zx11wTsSmBBpwAAAAJUC9z4AAAAAgAAABIAAAAPAAAAAAAAAAAAAAAAAQAAAAAAAAAAAAAAAAAAAAAAAAEAAAAFAAAAAAAAAAA00XMuuy66wBCHUQUm/Ps29QYV03tK9zx11wTsSmBBpwAAAAJUC9z4AAAAAgAAABIAAAAQAAAAAAAAAAAAAAAAAQAAAAAAAAAAAAAAAAAAAA==', 'AAAAAgAAAAMAAAAFAAAAAAAAAAA00XMuuy66wBCHUQUm/Ps29QYV03tK9zx11wTsSmBBpwAAAAJUC94kAAAAAgAAAA8AAAAIAAAAAAAAAAAAAAAAAQAAAAAAAAAAAAAAAAAAAAAAAAEAAAAFAAAAAAAAAAA00XMuuy66wBCHUQUm/Ps29QYV03tK9zx11wTsSmBBpwAAAAJUC93AAAAAAgAAABAAAAAIAAAAAAAAAAAAAAAAAQAAAAAAAAAAAAAAAAAAAA==', '{2BwlxNec8dR7E+erhVjbcJXCTzMq5ydqjunQt9m1AuEmvw9G8D+JaBOhpoI/FvdYMUALzi9Dp0XHMmxcx0L/Bw==}', 'none', NULL, NULL);
INSERT INTO history_transactions VALUES ('a34de60105499cdc69a3020fc67fa40229cd2fba20efa64e7e3530e6dcb5a4f4', 5, 12, 'GA2NC4ZOXMXLVQAQQ5IQKJX47M3PKBQV2N5UV5Z4OXLQJ3CKMBA2O2YL', 8589934609, 100, 1, '2017-12-15 22:08:00.235809', '2017-12-15 22:08:00.235809', 21474885632, 'AAAAADTRcy67LrrAEIdRBSb8+zb1BhXTe0r3PHXXBOxKYEGnAAAAZAAAAAIAAAARAAAAAAAAAAAAAAABAAAAAAAAAAMAAAABMzMAAAAAAADkEUHb4ezzUNCT9wCUl6zlHT7c9RBpnrY1kmgo+wFaewAAAAEzMgAAAAAAAOQRQdvh7PNQ0JP3AJSXrOUdPtz1EGmetjWSaCj7AVp7AAAAABfXhAAAAAACAAAAAQAAAAAAAAAAAAAAAAAAAAFKYEGnAAAAQK9w7ViDX2zIK5hOpddWTQUhso6ZmdVCf+M3ExrCAJrNzpVaHaHgYOnXaRjP9RrHxzm6u/9pb+UWWqRatwxHBwk=', 'AAAAAAAAAGQAAAAAAAAAAQAAAAAAAAADAAAAAAAAAAAAAAAAAAAAADTRcy67LrrAEIdRBSb8+zb1BhXTe0r3PHXXBOxKYEGnAAAAAAAAAAwAAAABMzMAAAAAAADkEUHb4ezzUNCT9wCUl6zlHT7c9RBpnrY1kmgo+wFaewAAAAEzMgAAAAAAAOQRQdvh7PNQ0JP3AJSXrOUdPtz1EGmetjWSaCj7AVp7AAAAABfXhAAAAAACAAAAAQAAAAAAAAAAAAAAAA==', 'AAAAAAAAAAEAAAADAAAAAAAAAAUAAAACAAAAADTRcy67LrrAEIdRBSb8+zb1BhXTe0r3PHXXBOxKYEGnAAAAAAAAAAwAAAABMzMAAAAAAADkEUHb4ezzUNCT9wCUl6zlHT7c9RBpnrY1kmgo+wFaewAAAAEzMgAAAAAAAOQRQdvh7PNQ0JP3AJSXrOUdPtz1EGmetjWSaCj7AVp7AAAAABfXhAAAAAACAAAAAQAAAAAAAAAAAAAAAAAAAAMAAAAFAAAAAAAAAAA00XMuuy66wBCHUQUm/Ps29QYV03tK9zx11wTsSmBBpwAAAAJUC9z4AAAAAgAAABIAAAAQAAAAAAAAAAAAAAAAAQAAAAAAAAAAAAAAAAAAAAAAAAEAAAAFAAAAAAAAAAA00XMuuy66wBCHUQUm/Ps29QYV03tK9zx11wTsSmBBpwAAAAJUC9z4AAAAAgAAABIAAAARAAAAAAAAAAAAAAAAAQAAAAAAAAAAAAAAAAAAAA==', 'AAAAAgAAAAMAAAAFAAAAAAAAAAA00XMuuy66wBCHUQUm/Ps29QYV03tK9zx11wTsSmBBpwAAAAJUC93AAAAAAgAAABAAAAAIAAAAAAAAAAAAAAAAAQAAAAAAAAAAAAAAAAAAAAAAAAEAAAAFAAAAAAAAAAA00XMuuy66wBCHUQUm/Ps29QYV03tK9zx11wTsSmBBpwAAAAJUC91cAAAAAgAAABEAAAAIAAAAAAAAAAAAAAAAAQAAAAAAAAAAAAAAAAAAAA==', '{r3DtWINfbMgrmE6l11ZNBSGyjpmZ1UJ/4zcTGsIAms3OlVodoeBg6ddpGM/1GsfHObq7/2lv5RZapFq3DEcHCQ==}', 'none', NULL, NULL);
INSERT INTO history_transactions VALUES ('94e908960415a58313962f8319cc695922cf0a45b56b3b6be9b81778134b9b81', 5, 13, 'GA2NC4ZOXMXLVQAQQ5IQKJX47M3PKBQV2N5UV5Z4OXLQJ3CKMBA2O2YL', 8589934610, 100, 1, '2017-12-15 22:08:00.237459', '2017-12-15 22:08:00.237459', 21474889728, 'AAAAADTRcy67LrrAEIdRBSb8+zb1BhXTe0r3PHXXBOxKYEGnAAAAZAAAAAIAAAASAAAAAAAAAAAAAAABAAAAAAAAAAMAAAABRVVSAAAAAADkEUHb4ezzUNCT9wCUl6zlHT7c9RBpnrY1kmgo+wFaewAAAAEzMwAAAAAAAOQRQdvh7PNQ0JP3AJSXrOUdPtz1EGmetjWSaCj7AVp7AAAAABfXhAAAAAACAAAAAQAAAAAAAAAAAAAAAAAAAAFKYEGnAAAAQBPeMF0R7VBgHYBWwmRBc9sjGMe8HiotoY3HFgb/+gj+0xpAKL5prASTRqEWW39fYFM4xLyLBkvP1wtdHnapjQ4=', 'AAAAAAAAAGQAAAAAAAAAAQAAAAAAAAADAAAAAAAAAAAAAAAAAAAAADTRcy67LrrAEIdRBSb8+zb1BhXTe0r3PHXXBOxKYEGnAAAAAAAAAA0AAAABRVVSAAAAAADkEUHb4ezzUNCT9wCUl6zlHT7c9RBpnrY1kmgo+wFaewAAAAEzMwAAAAAAAOQRQdvh7PNQ0JP3AJSXrOUdPtz1EGmetjWSaCj7AVp7AAAAABfXhAAAAAACAAAAAQAAAAAAAAAAAAAAAA==', 'AAAAAAAAAAEAAAADAAAAAAAAAAUAAAACAAAAADTRcy67LrrAEIdRBSb8+zb1BhXTe0r3PHXXBOxKYEGnAAAAAAAAAA0AAAABRVVSAAAAAADkEUHb4ezzUNCT9wCUl6zlHT7c9RBpnrY1kmgo+wFaewAAAAEzMwAAAAAAAOQRQdvh7PNQ0JP3AJSXrOUdPtz1EGmetjWSaCj7AVp7AAAAABfXhAAAAAACAAAAAQAAAAAAAAAAAAAAAAAAAAMAAAAFAAAAAAAAAAA00XMuuy66wBCHUQUm/Ps29QYV03tK9zx11wTsSmBBpwAAAAJUC9z4AAAAAgAAABIAAAARAAAAAAAAAAAAAAAAAQAAAAAAAAAAAAAAAAAAAAAAAAEAAAAFAAAAAAAAAAA00XMuuy66wBCHUQUm/Ps29QYV03tK9zx11wTsSmBBpwAAAAJUC9z4AAAAAgAAABIAAAASAAAAAAAAAAAAAAAAAQAAAAAAAAAAAAAAAAAAAA==', 'AAAAAgAAAAMAAAAFAAAAAAAAAAA00XMuuy66wBCHUQUm/Ps29QYV03tK9zx11wTsSmBBpwAAAAJUC91cAAAAAgAAABEAAAAIAAAAAAAAAAAAAAAAAQAAAAAAAAAAAAAAAAAAAAAAAAEAAAAFAAAAAAAAAAA00XMuuy66wBCHUQUm/Ps29QYV03tK9zx11wTsSmBBpwAAAAJUC9z4AAAAAgAAABIAAAAIAAAAAAAAAAAAAAAAAQAAAAAAAAAAAAAAAAAAAA==', '{E94wXRHtUGAdgFbCZEFz2yMYx7weKi2hjccWBv/6CP7TGkAovmmsBJNGoRZbf19gUzjEvIsGS8/XC10edqmNDg==}', 'none', NULL, NULL);


--
-- Name: asset_stats asset_stats_pkey; Type: CONSTRAINT; Schema: public; Owner: -
--

ALTER TABLE ONLY asset_stats
    ADD CONSTRAINT asset_stats_pkey PRIMARY KEY (id);


--
-- Name: gorp_migrations gorp_migrations_pkey; Type: CONSTRAINT; Schema: public; Owner: -
--

ALTER TABLE ONLY gorp_migrations
    ADD CONSTRAINT gorp_migrations_pkey PRIMARY KEY (id);


--
-- Name: history_assets history_assets_asset_code_asset_type_asset_issuer_key; Type: CONSTRAINT; Schema: public; Owner: -
--

ALTER TABLE ONLY history_assets
    ADD CONSTRAINT history_assets_asset_code_asset_type_asset_issuer_key UNIQUE (asset_code, asset_type, asset_issuer);


--
-- Name: history_assets history_assets_pkey; Type: CONSTRAINT; Schema: public; Owner: -
--

ALTER TABLE ONLY history_assets
    ADD CONSTRAINT history_assets_pkey PRIMARY KEY (id);


--
-- Name: history_operation_participants history_operation_participants_pkey; Type: CONSTRAINT; Schema: public; Owner: -
--

ALTER TABLE ONLY history_operation_participants
    ADD CONSTRAINT history_operation_participants_pkey PRIMARY KEY (id);


--
-- Name: history_transaction_participants history_transaction_participants_pkey; Type: CONSTRAINT; Schema: public; Owner: -
--

ALTER TABLE ONLY history_transaction_participants
    ADD CONSTRAINT history_transaction_participants_pkey PRIMARY KEY (id);


--
-- Name: asset_by_code; Type: INDEX; Schema: public; Owner: -
--

CREATE INDEX asset_by_code ON history_assets USING btree (asset_code);


--
-- Name: asset_by_issuer; Type: INDEX; Schema: public; Owner: -
--

CREATE INDEX asset_by_issuer ON history_assets USING btree (asset_issuer);


--
-- Name: by_account; Type: INDEX; Schema: public; Owner: -
--

CREATE INDEX by_account ON history_transactions USING btree (account, account_sequence);


--
-- Name: by_hash; Type: INDEX; Schema: public; Owner: -
--

CREATE INDEX by_hash ON history_transactions USING btree (transaction_hash);


--
-- Name: by_ledger; Type: INDEX; Schema: public; Owner: -
--

CREATE INDEX by_ledger ON history_transactions USING btree (ledger_sequence, application_order);


--
-- Name: hist_e_by_order; Type: INDEX; Schema: public; Owner: -
--

CREATE UNIQUE INDEX hist_e_by_order ON history_effects USING btree (history_operation_id, "order");


--
-- Name: hist_e_id; Type: INDEX; Schema: public; Owner: -
--

CREATE UNIQUE INDEX hist_e_id ON history_effects USING btree (history_account_id, history_operation_id, "order");


--
-- Name: hist_op_p_id; Type: INDEX; Schema: public; Owner: -
--

CREATE UNIQUE INDEX hist_op_p_id ON history_operation_participants USING btree (history_account_id, history_operation_id);


--
-- Name: hist_tx_p_id; Type: INDEX; Schema: public; Owner: -
--

CREATE UNIQUE INDEX hist_tx_p_id ON history_transaction_participants USING btree (history_account_id, history_transaction_id);


--
-- Name: hop_by_hoid; Type: INDEX; Schema: public; Owner: -
--

CREATE INDEX hop_by_hoid ON history_operation_participants USING btree (history_operation_id);


--
-- Name: hs_ledger_by_id; Type: INDEX; Schema: public; Owner: -
--

CREATE UNIQUE INDEX hs_ledger_by_id ON history_ledgers USING btree (id);


--
-- Name: hs_transaction_by_id; Type: INDEX; Schema: public; Owner: -
--

CREATE UNIQUE INDEX hs_transaction_by_id ON history_transactions USING btree (id);


--
-- Name: htp_by_htid; Type: INDEX; Schema: public; Owner: -
--

CREATE INDEX htp_by_htid ON history_transaction_participants USING btree (history_transaction_id);


--
-- Name: htrd_by_offer; Type: INDEX; Schema: public; Owner: -
--

CREATE INDEX htrd_by_offer ON history_trades USING btree (offer_id);


--
-- Name: htrd_counter_lookup; Type: INDEX; Schema: public; Owner: -
--

CREATE INDEX htrd_counter_lookup ON history_trades USING btree (counter_asset_id);


--
-- Name: htrd_pair_time_lookup; Type: INDEX; Schema: public; Owner: -
--

CREATE INDEX htrd_pair_time_lookup ON history_trades USING btree (base_asset_id, counter_asset_id, ledger_closed_at);


--
-- Name: htrd_pid; Type: INDEX; Schema: public; Owner: -
--

CREATE UNIQUE INDEX htrd_pid ON history_trades USING btree (history_operation_id, "order");


--
-- Name: htrd_time_lookup; Type: INDEX; Schema: public; Owner: -
--

CREATE INDEX htrd_time_lookup ON history_trades USING btree (ledger_closed_at);


--
-- Name: index_history_accounts_on_address; Type: INDEX; Schema: public; Owner: -
--

CREATE UNIQUE INDEX index_history_accounts_on_address ON history_accounts USING btree (address);


--
-- Name: index_history_accounts_on_id; Type: INDEX; Schema: public; Owner: -
--

CREATE UNIQUE INDEX index_history_accounts_on_id ON history_accounts USING btree (id);


--
-- Name: index_history_effects_on_type; Type: INDEX; Schema: public; Owner: -
--

CREATE INDEX index_history_effects_on_type ON history_effects USING btree (type);


--
-- Name: index_history_ledgers_on_closed_at; Type: INDEX; Schema: public; Owner: -
--

CREATE INDEX index_history_ledgers_on_closed_at ON history_ledgers USING btree (closed_at);


--
-- Name: index_history_ledgers_on_id; Type: INDEX; Schema: public; Owner: -
--

CREATE UNIQUE INDEX index_history_ledgers_on_id ON history_ledgers USING btree (id);


--
-- Name: index_history_ledgers_on_importer_version; Type: INDEX; Schema: public; Owner: -
--

CREATE INDEX index_history_ledgers_on_importer_version ON history_ledgers USING btree (importer_version);


--
-- Name: index_history_ledgers_on_ledger_hash; Type: INDEX; Schema: public; Owner: -
--

CREATE UNIQUE INDEX index_history_ledgers_on_ledger_hash ON history_ledgers USING btree (ledger_hash);


--
-- Name: index_history_ledgers_on_previous_ledger_hash; Type: INDEX; Schema: public; Owner: -
--

CREATE UNIQUE INDEX index_history_ledgers_on_previous_ledger_hash ON history_ledgers USING btree (previous_ledger_hash);


--
-- Name: index_history_ledgers_on_sequence; Type: INDEX; Schema: public; Owner: -
--

CREATE UNIQUE INDEX index_history_ledgers_on_sequence ON history_ledgers USING btree (sequence);


--
-- Name: index_history_operations_on_id; Type: INDEX; Schema: public; Owner: -
--

CREATE UNIQUE INDEX index_history_operations_on_id ON history_operations USING btree (id);


--
-- Name: index_history_operations_on_transaction_id; Type: INDEX; Schema: public; Owner: -
--

CREATE INDEX index_history_operations_on_transaction_id ON history_operations USING btree (transaction_id);


--
-- Name: index_history_operations_on_type; Type: INDEX; Schema: public; Owner: -
--

CREATE INDEX index_history_operations_on_type ON history_operations USING btree (type);


--
-- Name: index_history_transactions_on_id; Type: INDEX; Schema: public; Owner: -
--

CREATE UNIQUE INDEX index_history_transactions_on_id ON history_transactions USING btree (id);


--
-- Name: trade_effects_by_order_book; Type: INDEX; Schema: public; Owner: -
--

CREATE INDEX trade_effects_by_order_book ON history_effects USING btree (((details ->> 'sold_asset_type'::text)), ((details ->> 'sold_asset_code'::text)), ((details ->> 'sold_asset_issuer'::text)), ((details ->> 'bought_asset_type'::text)), ((details ->> 'bought_asset_code'::text)), ((details ->> 'bought_asset_issuer'::text))) WHERE (type = 33);


--
-- Name: asset_stats asset_stats_id_fkey; Type: FK CONSTRAINT; Schema: public; Owner: -
--

ALTER TABLE ONLY asset_stats
    ADD CONSTRAINT asset_stats_id_fkey FOREIGN KEY (id) REFERENCES history_assets(id) ON UPDATE RESTRICT ON DELETE CASCADE;


--
-- Name: history_trades history_trades_base_account_id_fkey; Type: FK CONSTRAINT; Schema: public; Owner: -
--

ALTER TABLE ONLY history_trades
    ADD CONSTRAINT history_trades_base_account_id_fkey FOREIGN KEY (base_account_id) REFERENCES history_accounts(id);


--
-- Name: history_trades history_trades_base_asset_id_fkey; Type: FK CONSTRAINT; Schema: public; Owner: -
--

ALTER TABLE ONLY history_trades
    ADD CONSTRAINT history_trades_base_asset_id_fkey FOREIGN KEY (base_asset_id) REFERENCES history_assets(id);


--
-- Name: history_trades history_trades_counter_account_id_fkey; Type: FK CONSTRAINT; Schema: public; Owner: -
--

ALTER TABLE ONLY history_trades
    ADD CONSTRAINT history_trades_counter_account_id_fkey FOREIGN KEY (counter_account_id) REFERENCES history_accounts(id);


--
-- Name: history_trades history_trades_counter_asset_id_fkey; Type: FK CONSTRAINT; Schema: public; Owner: -
--

ALTER TABLE ONLY history_trades
    ADD CONSTRAINT history_trades_counter_asset_id_fkey FOREIGN KEY (counter_asset_id) REFERENCES history_assets(id);


--
-- PostgreSQL database dump complete
--

